pincode,lat,lng
110001,28.623449114419195,77.21871970978553
110002,28.63289835066198,77.24600529374322
110003,28.59108284166464,77.22578860603049
110004,28.61601864504262,77.1909246695113
110005,28.652409124371488,77.18981877671986
110006,28.6572386597358,77.22967130874821
110007,28.67771426589676,77.20199219752877
110008,28.654237672081383,77.16667839449256
110010,28.589627124057728,77.13078291911712
110011,28.60520529541082,77.20909142390649
110012,28.63209072649021,77.15932990953733
110013,28.59095068674709,77.25798182756877
110014,28.581183564987768,77.2598567386618
110015,28.65677300241008,77.14526931929042
110016,28.548039202539186,77.19506167376693
110017,28.533013346990405,77.21514570925592
110018,28.642622328087928,77.08682563794109
110019,28.534867361351925,77.25766015386937
110020,28.53561336100118,77.27648241022345
110021,28.59085261053699,77.17986028160868
110022,28.565011711906212,77.17577421064243
110023,28.575190293646376,77.19965686180493
110024,28.570304880233177,77.24007078031215
110025,28.560828332060343,77.28688368537914
110026,28.66795529315081,77.13185497557816
110027,28.648979905629442,77.11685327046791
110028,28.63090492688106,77.13853144410443
110029,28.565039234971742,77.20063643826369
110030,28.49958076101334,77.16271781213706
110031,28.657415237004642,77.26670490765092
110032,28.673997596557108,77.29141432584045
110033,28.71452450938641,77.18915679046626
110034,28.694018316695683,77.1345095451615
110035,28.681073559144092,77.15729349988109
110036,28.82001585252893,77.1626623957246
110037,28.547597771136605,77.10900020151486
110038,28.510205879593492,77.11445096762098
110039,28.79998319373228,77.02405712509655
110040,28.845639031066938,77.08313510462145
110041,28.670451190204016,77.02035565185399
110042,28.751086562744863,77.13210679564655
110043,28.591678822751597,76.96901361756784
110044,28.505468019238812,77.29786429760323
110045,28.598252764836104,77.08611378545379
110046,28.606027841837218,77.10221685918911
110047,28.462106815345052,77.13702374089813
110048,28.54314228817712,77.23842222949281
110049,28.559513270933465,77.22041565225807
110051,28.654521828884402,77.28397655803506
110052,28.687546963802063,77.17489030184385
110053,28.68765535239491,77.25393736462757
110054,28.6895105943648,77.22321419250375
110055,28.645898286003483,77.21101932128202
110056,28.681698459020023,77.11455308013221
110057,28.560128103543686,77.15802747685757
110058,28.622770553466708,77.08789135884898
110059,28.624356463116044,77.05011564987763
110060,28.62905269573831,77.1826849144841
110061,28.53189435508029,77.0628895302516
110062,28.519277530890108,77.24029935732126
110063,28.66941479686101,77.10573845191006
110064,28.625687824986763,77.1130344507617
110065,28.564825286938543,77.25672520104261
110066,28.568677256099935,77.18348354990198
110067,28.540921700712165,77.16899959007604
110068,28.491963405612708,77.206414302874
110069,28.608435863200164,77.22706893430464
110070,28.52227237152685,77.1503009569111
110071,28.552208105061077,77.00218529512497
110072,28.64529510809147,76.95183083704835
110073,28.562496478964366,76.89783287718537
110074,28.448503350136313,77.19757460032804
110075,28.582773256417447,77.05146060060945
110076,28.528526237114146,77.30897384986959
110077,28.557106183717792,77.05029954228567
110078,28.599196512019827,77.03067865311266
110080,28.49610096630487,77.2347599938292
110081,28.736014943366495,76.99899328957969
110082,28.788835686255872,77.1073297811888
110083,28.69133420766759,77.08894655722295
110084,28.753658529161058,77.20565973547325
110085,28.717010156563713,77.10605030850834
110086,28.702362061749685,77.06069142254313
110087,28.66930065148989,77.08545425904325
110088,28.71450713246797,77.15660408159515
110089,28.735656560300374,77.12816369531478
110090,28.735705355967568,77.25103181041
110091,28.603688866864875,77.29433508848904
110092,28.632278527482253,77.28730816874021
110093,28.699120369486977,77.30771954873768
110094,28.704755130034314,77.28496477851155
110095,28.678311723058563,77.31557350564584
110096,28.611999311254483,77.3239137374637
110097,28.527538992390586,77.08840315199593
110099,28.735410782225976,77.06471844973267
121001,28.395808277745843,77.29120063497655
121002,28.43217821670577,77.37980790034173
121003,28.463567536734253,77.33370268802034
121004,28.300843023576967,77.3196474190051
121005,28.363259962585296,77.28911230291196
121006,28.363945661601775,77.34439233979501
121007,28.396135802391083,77.34017308116103
121008,28.433476515039654,77.31701453711763
121009,28.485632961567227,77.28647834984635
121010,28.451027982918664,77.294655771428
121012,28.423619453769,77.29077854852159
121013,28.478524169989257,77.33376381887935
121014,28.41634384848421,77.36812976315346
121015,28.34448367713237,77.27786441555433
121101,28.35784950894348,77.43455746536549
121102,28.15886128962563,77.34364248673926
121103,28.04998279773928,77.21124010464779
121105,28.005549596849207,77.33789775671251
121106,27.92103825769959,77.37673663647037
121107,27.969651609421003,77.47597054038216
122001,28.459294291720564,77.0239094148776
122002,28.484006027308507,77.09872403691509
122003,28.439086459307045,77.09063900904268
122004,28.42395630193583,77.00308452808154
122005,28.488808299130884,77.04417574654538
122006,28.474212893898653,76.98623490115797
122007,28.473501124471074,77.05135986776146
122009,28.458310140742455,77.09356036179913
122011,28.424520170585144,77.10425014735954
122012,28.38102542350972,76.96807241220759
122015,28.49357086340475,77.06810169163731
122016,28.50885283770017,77.0812049481405
122017,28.514271305235805,77.03023649020139
122018,28.42064762299929,77.04859255674612
122051,28.346890190257838,76.91426711577898
122052,28.35608189761265,76.92505433787206
122098,28.396127198340594,77.09757143526328
122101,28.376034985905246,77.03958002815486
122102,28.31862470861872,77.06933094307632
122103,28.220601274042497,77.1210765097187
122104,27.74849174499073,76.96480468137811
122105,28.23773249293662,76.95996321217127
122107,28.07158765652568,77.04902687266959
122108,27.912875688026677,77.00685964485739
122413,28.29201222578424,76.85847839422529
122414,28.275491926716303,76.74739606605804
122502,28.278712147460034,76.68518002963238
122503,28.3389524479217,76.81602703891012
122504,28.384696935653867,76.74302946940074
122505,28.44793446280311,76.92185528027656
122506,28.447004765715416,76.81149755733087
122508,27.870011481233853,77.1843368249303
123001,28.05092868832032,76.07252598276554
123021,28.12384495130354,76.25607825310901
123023,27.892591280113187,76.09407607057024
123024,28.364043323136052,75.98620611077318
123027,28.35002114659915,76.28274908394522
123028,28.179263241043813,76.13605587665015
123029,28.30879682776355,76.1210828447681
123031,28.352010665505844,76.14580259422735
123034,28.261047899455704,76.25176044239247
123035,28.377561362200503,76.63003977362071
123101,28.19270856242588,76.49149059699242
123102,28.175955448526416,76.38510535541195
123103,28.22361619524333,76.39804573946935
123106,28.18034903263094,76.75364390290628
123110,28.23197117810617,76.7995474704143
123301,28.37172242784911,76.56562964828689
123302,28.399124573749415,76.48184867542857
123303,28.423627197448752,76.36448874631958
123304,28.38369080538503,76.40691368903431
123401,28.21638662211861,76.58933525150017
123411,28.299990701765005,76.42392813489825
123412,28.103189616923935,76.50023234501688
123501,28.054231919635903,76.58981127288375
124001,28.907485706944293,76.60034137208788
124010,28.841118088669887,76.55586030615694
124021,28.84574786814228,76.6459830262467
124022,28.892403864162336,76.44819862069018
124102,28.68963474504572,76.64594341278585
124103,28.56908644713033,76.65670674475597
124104,28.61221589553399,76.73071547232755
124105,28.560657153780973,76.81533527305737
124106,28.575462339118996,76.44730044071329
124107,28.757704405528887,76.64008490616524
124108,28.448202157144973,76.65965401149394
124109,28.488303109429065,76.56453020094752
124111,28.948030201764915,76.41984572842227
124112,28.985072605237416,76.2988412650932
124113,28.820655544363515,76.4011314901942
124141,28.479132726100033,76.37952737753928
124142,28.476619694257224,76.33331206285776
124146,28.490096352408617,76.48260265152685
124201,28.70781045992118,76.57981545121103
124202,28.700406080832163,76.4659047361752
124303,29.002134270123165,76.63475661900483
124401,28.915336697749396,76.7192844282939
124404,28.82755310263272,76.84663007105961
124406,28.891023912598207,76.79182343367688
124411,28.833791172063872,76.48857506665797
124412,28.766083409715698,76.51404277031293
124501,28.76941568985348,76.76329598608629
124504,28.66923658408764,76.73384190879976
124505,28.752142175292054,76.89475591799699
124506,28.70696576972661,76.84132513990457
124507,28.69001104020209,76.92823725841211
124508,28.658312229174605,76.86002432560109
124513,29.01647519153294,76.3951040901309
124514,29.00430785347249,76.51550222076031
124515,28.49781368567866,76.77458014662852
125001,29.163148769136946,75.74599217066717
125004,29.121850359010136,75.53845390900199
125005,29.131469867667484,75.77571864869688
125006,29.075281270340884,75.8140907902921
125007,29.034813962683767,75.60911770873703
125011,29.206868711747937,75.67589501371874
125033,29.114780031406006,75.97935354492185
125037,28.97778760375235,75.82676279102581
125038,29.18726355035452,76.23043733898024
125039,29.285258292886848,76.11493392761253
125042,29.102982400605487,76.20827787051437
125044,29.11395116046842,75.8505446165925
125047,29.353655025705546,75.67603495062885
125048,29.416239426892943,75.55217739902484
125049,29.191685715228896,75.99909479817332
125050,29.529113447645084,75.42377401738368
125051,29.67568581075918,75.51708420625589
125052,29.26358142536722,75.49268212114936
125053,29.378595661273348,75.3557349558994
125054,29.556795236379436,75.21540892538454
125055,29.47170004403861,74.95951260536651
125056,29.554465637262652,75.0643024318146
125058,29.48743650100239,75.23316844336486
125060,29.548714174256904,75.14596505667397
125075,29.58277471210509,74.68756988538357
125076,29.58625849027392,74.87331146480034
125077,29.705082315129232,74.91151429507978
125078,29.677552961972754,75.08369549231737
125101,29.794523741876688,74.5499064450542
125102,29.441809728616224,74.67916493389191
125103,29.718317254434016,74.72984784797062
125104,29.892692735429417,74.74062312297971
125106,29.687100711296765,75.72969584291604
125110,29.342906031831088,75.13211210708324
125111,29.53822649993582,75.71154372878584
125112,29.423503660565913,75.77295789983545
125113,29.49122170856413,75.89250245454514
125120,29.653090788122178,75.87662214903479
125121,29.364691741627055,75.94968581150239
125133,29.776309404270204,75.78109561287482
125201,29.804958605303916,75.03591321870464
126101,29.124132512101124,76.41576767023984
126102,29.31487092047461,76.29707717751523
126110,29.392202201884096,76.44965119307825
126111,29.482445028992164,76.43589426251347
126112,29.38238855798566,76.63147381578577
126113,29.315427162763033,76.5112846459685
126114,29.224028201147938,76.38182323005607
126115,29.4686438571144,76.1981991497117
126116,29.661877015534426,76.09145527711469
126125,29.4838928528171,76.33538369382548
126152,29.513863797399544,76.03422899669319
127021,28.799928192159914,76.12269623070861
127022,28.48332559661885,76.26470273955344
127025,28.760372366153565,76.35240862249026
127026,28.600012260254083,76.1100066485982
127027,28.86578847449499,76.24696904644252
127028,28.654714492480696,75.64958007058038
127029,28.70149819479493,75.92293888403805
127030,28.630701479528224,75.96243388075132
127031,28.88492346342304,76.14538726548054
127032,28.942571099365132,76.04894640767951
127035,28.96836707253313,75.94601319679568
127040,28.84415375205425,75.88062902970765
127041,29.00922566048014,76.14850510353588
127042,28.69605163627364,76.30881641191907
127043,28.75825722328,75.73928376244113
127045,28.960834777579585,75.60180550444925
127046,28.844686021307187,75.60775180785116
127111,28.797480648403997,76.02572222321015
127114,28.839488196671155,76.30310903631009
127201,28.530874418554756,75.79214498133801
127306,28.587095161963184,76.2726291800436
127307,28.647220677026063,76.38026751014442
127308,28.514791764990008,75.95055198885385
127309,28.72406210521518,76.2309920166563
127310,28.477564653967807,76.12995194918301
127311,28.70496175589857,76.13666838642091
127312,28.479591030897662,76.05001655257564
131001,28.995078033919253,76.99108122267441
131021,28.984162776582817,77.12703721561411
131022,28.992821416266334,76.89599308845058
131023,28.92968688387562,77.17115335271123
131024,29.071867223387713,76.90036309135141
131027,29.048631728228695,77.13051228847102
131028,28.868361264006555,77.15622071773304
131029,28.91017815145126,77.09586676966883
131030,28.887455059692613,77.11961249617435
131039,29.070402291980276,77.08028440259685
131101,29.141357118395025,77.00602678300055
131102,29.126395071211835,76.91159240887508
131103,28.880269181466723,77.02658837100824
131301,29.116098565134962,76.70516576798057
131302,29.203166567602125,76.58965468186011
131304,29.1282435378484,76.54462207499532
131305,29.14623195632297,76.8061073654343
131306,29.21628870586078,76.78174345224068
131402,28.875321748244076,76.91298050806641
131403,28.92692184758173,76.96347639550889
131408,28.94884802638478,76.82161838232388
131409,29.014232143656642,76.76812065317081
132001,29.69043786614682,76.98925658643624
132022,29.707574933897526,77.10646992072508
132023,29.739128244131397,77.06627154091782
132024,29.703126443289104,76.78792428515337
132035,29.584425038213695,76.79076974865484
132036,29.628920095522798,76.85102088525377
132037,29.632847315102616,77.0206768132884
132039,29.54382586878523,76.5975884233272
132040,29.52692146809553,76.82466329536474
132041,29.85522966893678,77.04772022529922
132046,29.511528063866415,76.72219349992918
132054,29.868430119716596,77.14852960891024
132101,29.24709695803273,77.0009961774693
132102,29.19768226564802,77.03475175876237
132103,29.394155141612515,76.96580537665756
132104,29.38780610744498,77.06948358390412
132105,29.376897565687717,76.8775774276231
132106,29.333604893032522,76.95411941092273
132107,29.283858813249072,76.78427166635551
132108,29.321404423333593,77.00033233021787
132113,29.38754919135509,76.78330706254327
132114,29.53778559692097,77.00891979077404
132115,29.188451694354207,77.1163187738796
132116,29.770236266524964,76.91768353390013
132117,29.873536750590944,76.9322886367094
132122,29.248014216863325,77.1011279436118
132140,29.46561904485735,76.90568234765202
132145,29.299878862431456,76.91593124417989
132157,29.826694529559933,76.77639826344627
133001,30.350304559657687,76.83583795120767
133004,30.291553451069124,76.83601170712737
133005,30.35310318419041,76.88796044130477
133006,30.319238104214065,76.875571076806
133008,30.24152899746227,76.78473593247554
133010,30.38850111582603,76.87184643945902
133101,30.2838725461601,76.92539275983958
133102,30.236014185598748,76.91093242611882
133103,30.214788996914578,77.17970662024612
133104,30.319084095523817,76.96208143079178
133201,30.2162347060429,77.02980685345143
133202,30.237131900888755,77.12051010712952
133203,30.292077270306446,77.07158781201949
133204,30.423483984469808,77.2495395135949
133205,30.164202327350136,77.03532786353954
133206,30.31836653025905,77.20027285679794
133207,30.2510017260149,77.04574137016652
133301,30.769368057057513,76.8969847314003
133302,30.851686260440516,76.91049929007839
134003,30.37424414856288,76.77204466755964
134005,30.347366545086,76.79498070449706
134007,30.40276358632808,76.78996182831874
134008,30.230491208083464,76.67982321048397
134101,30.78351900249187,76.90508035308086
134102,30.810784789496775,76.90094448341884
134103,30.630261388749535,76.91312321623506
134104,30.77755196607738,76.92314115688278
134105,30.755007308528953,76.91275181071516
134107,30.73537906729918,76.88176758410435
134108,30.70723247604419,76.87447686533638
134109,30.700915640107286,76.86320234263349
134112,30.68313735930831,76.85631926993942
134113,30.68291645738562,76.83951651078735
134114,30.735601141873737,76.8493685662766
134116,30.678412778069273,76.89646397762075
134117,30.669960547242137,76.85914559315076
134118,30.58310196313514,76.9473875540622
134201,30.452893997798878,76.95321351559963
134202,30.43568919704998,77.0180714435475
134203,30.431483122528544,77.11839960149412
134204,30.5950918831633,77.02610770771754
134205,30.673254663635365,77.06454054115679
135001,30.129603152428988,77.28409396933064
135002,30.11397945059817,77.21316861004745
135003,30.20436289377743,77.28341732220267
135004,30.079279791293146,77.28691827233341
135021,30.295753202688157,77.48354807089126
135101,30.16217613366477,77.39714177917286
135102,30.348915740903692,77.33082986593098
135103,30.31379888707778,77.40183368799278
135106,30.32671755515959,77.51785107161068
135133,30.044057896957028,77.16385511886328
136020,29.883876700206933,76.58481551131871
136021,29.82644421234962,76.63466466046422
136026,29.708302060249114,76.61985230712331
136027,29.817787938710346,76.38580260704214
136030,29.9660032604917,76.50589316593003
136033,29.934284107080988,76.35537018911562
136034,30.069850487595787,76.36403152047006
136035,29.98728805238697,76.2490052011812
136038,29.90964742427514,76.85793375880547
136042,29.776308941732502,76.59801385686353
136043,29.67666218101287,76.51861971028367
136044,29.592203159930683,76.43668043285952
136117,29.688540081299458,76.27958934236966
136118,29.96993496183587,76.85042898528383
136119,29.975285136903782,76.76252436135113
136128,30.00743470377117,76.5826635932109
136129,30.099715566827467,76.67052879085263
136130,30.102572590008137,76.75214842126412
136131,29.989726053003253,76.91204011722414
136132,30.00992963905322,77.04739248083132
136134,30.24361381832109,76.854348483598
136135,30.14107549932375,76.86440448749103
136136,30.161156810832797,76.72357978273247
136156,30.08030796159943,76.979974479694
140001,30.963469220825573,76.53349155296937
140101,30.79213542747549,76.49729585645336
140102,30.842175277618004,76.45962321625082
140103,30.83676398982105,76.57352468170377
140108,30.93202266954837,76.60942419577346
140109,30.901232486339595,76.6965576070403
140110,30.850309081617127,76.69098340867842
140111,30.94708064701688,76.40169940750152
140112,30.888005548503504,76.39643635099371
140113,31.028146732514884,76.57919646974868
140114,31.12565733511771,76.5933394689842
140115,31.19463549450337,76.5945289467032
140116,31.228325690910054,76.55245361940588
140117,31.155896989854465,76.46461565356017
140118,31.231501785605555,76.48337649023341
140119,31.077249814469216,76.49900233956464
140123,31.27253777880015,76.48107949853795
140124,31.388161242617024,76.3813286527261
140125,31.346197198051232,76.39846257463978
140126,31.361418279885342,76.35959248833117
140127,31.288801547592517,76.37505326363919
140128,31.21514868841273,76.36785584309892
140133,31.285967961204594,76.43084374693488
140201,30.61217297361333,76.87254674299689
140301,30.754991542276155,76.6465551516524
140306,30.63207411518567,76.73569785762857
140307,30.665466824728366,76.64360197073825
140308,30.68003754351626,76.70029025101226
140401,30.483472107153062,76.59058846598694
140402,30.50973181227917,76.57884716083744
140405,30.581593293999955,76.33645011816861
140406,30.608774240202113,76.41653273365463
140407,30.647809888475834,76.39739657795036
140408,30.642868918146373,76.51942848356954
140412,30.71267086959771,76.45044813101076
140413,30.745366706264505,76.56049310916114
140417,30.44461723083431,76.6959341347666
140501,30.455682944691134,76.8542174282074
140506,30.53077188539762,76.80583884520803
140507,30.566568406061155,76.86086729898933
140601,30.550295821056338,76.72506171286888
140602,30.587482514636676,76.60842264615637
140603,30.629284565596212,76.80851271817897
140604,30.670051655359934,76.82708134270918
140701,30.419707659622674,76.54956322215078
140702,30.32534147400419,76.64020386817619
140802,30.788370665926223,76.39654689408809
140901,30.821785659674575,76.7693146436944
141001,30.89682335828199,75.81221280332373
141003,30.895042003886104,75.92456803824633
141008,30.966537552704413,75.84381820085376
141101,30.835027625552424,75.66882164576425
141102,30.873803899819936,75.69881955787315
141103,30.800102352955008,75.70398189262406
141104,30.79089543260069,75.64389801933902
141105,30.75491945032354,75.68440079812126
141106,30.74775584780682,75.63442389896653
141107,30.713616750240423,75.62851158003883
141108,30.69349424177983,75.70110080170294
141109,30.633662556261015,75.61486627394369
141110,30.927438487130793,75.6438367338644
141112,30.88609359804104,76.0191429296797
141113,30.87658228739462,76.09796445898401
141114,30.82934560247646,76.19401540216141
141115,30.947408536548796,76.20604690578874
141116,30.814546389379394,75.84809612793617
141117,30.688107397797314,75.92218915568652
141118,30.735403696487342,75.86659776899111
141119,30.625268026256894,75.94609540923838
141120,30.83212251682994,75.97651610784438
141121,30.912492392997656,76.2825933995272
141122,30.829660421701373,75.90810291558054
141123,30.89368270784078,75.97063260724684
141125,30.852269255177664,76.2832942931974
141126,30.929332330481753,76.10291898722025
141127,30.953973681090655,76.06527306970744
141201,30.76146648948991,75.8212528316579
141202,30.744283486585307,75.74696840976117
141203,30.754275150019698,75.79441973998084
141204,30.703428737466155,75.81245180095358
141205,30.66446842110262,75.74481858909982
141206,30.780413832294293,75.90314334929089
141401,30.700932724318644,76.24322424284627
141411,30.735199785618324,76.32981344849412
141412,30.750041065529615,76.14682357182734
141413,30.668759230601033,76.01801685798222
141414,30.668508435397936,76.11062075208312
141415,30.598339683863323,76.0615505529104
141416,30.732839211662483,76.04982913221612
141417,30.748466515136922,76.23442743981673
141418,30.82608356749324,76.06781818514
141419,30.72314799808573,75.97210154333457
141421,30.77994664019037,76.01788980658449
141801,30.8212702905115,76.3367861378483
142001,30.816930582215896,75.179131104218
142002,30.75430022854702,75.1275278114753
142003,30.850309370478577,75.21275600589931
142011,30.785540053598076,75.23487527586549
142021,30.850326776339667,75.74584816772446
142022,30.841258265867022,75.79354977152698
142023,30.806835199228086,75.57051386263251
142024,30.852440500766374,75.52938125544205
142025,30.90226616238836,75.59085006311804
142026,30.78911585964008,75.47228396158573
142027,30.909260493188878,75.7401563733176
142029,30.795274364024962,75.7629340823861
142030,30.73485883706263,75.53679142442213
142031,30.619189680515117,75.43846908065599
142032,30.638748741351424,75.52327673912103
142033,30.92699581544087,75.4598885714659
142034,30.698632997303417,75.4744946768755
142035,30.705727858523577,75.4085244875549
142036,30.838627928897573,75.41967257347139
142037,30.669354571071366,75.30790419270292
142038,30.700629357435922,75.05790293747114
142039,30.583778814430605,75.36062212430986
142040,30.732095601088815,75.23624063312562
142041,30.88775786776981,75.31019697824583
142042,30.97005207432122,75.22942361340684
142043,31.013275811502613,75.11988264750076
142044,31.09746761939339,74.97802184798346
142045,30.59151798471829,75.19675656052277
142046,30.580356992965235,75.23306936308049
142047,30.989106298320618,74.94564942008849
142048,30.828782176099914,75.0365733164273
142049,30.620242736816284,75.01695432986135
142050,30.895254813204396,74.90704698242094
142052,30.86357856763628,74.78422531769363
142053,30.769094284557994,75.33346075908723
142054,30.83779952192302,75.30675781150008
142055,30.5695599438475,75.28790231446352
142056,30.678746924608614,75.20623892779203
142057,30.581292444247698,75.11069527986204
142058,30.952691440040766,75.33111311885538
142060,30.78940780636992,74.87467042111086
143001,31.646506751687625,74.87608530201979
143002,31.626486463699376,74.8384936896988
143005,31.63770437513696,74.82473084347059
143006,31.604063629224143,74.90064309164342
143008,31.67475626166446,74.8674720913605
143009,31.57278449623579,74.82788211725793
143022,31.54717430321886,74.90748622342673
143101,31.72834517762323,74.79695779074058
143102,31.849006085737646,74.73759857501899
143103,31.870960552518916,74.85191798867078
143105,31.603646476701265,74.77066242899063
143107,31.59344095149542,74.69511900551497
143108,31.60702833343276,74.60514037884833
143109,31.732831662308875,74.62021935530966
143111,31.56044109464265,75.16924191482471
143112,31.505065784600124,75.19134127899491
143113,31.627983585216764,75.01056656940716
143114,31.661869907910646,75.23700784177203
143115,31.53598912132634,75.05150476153216
143116,31.631305746966344,75.12035163975997
143117,31.424642428315625,75.07530842748537
143118,31.422422872270293,75.16468043324896
143119,31.71303299359456,75.15445025238147
143149,31.571034425920377,75.07662153439462
143201,31.49523514004653,75.25623522564825
143202,31.569648768080672,75.2524415331374
143203,31.61159357264807,75.34254633128474
143204,31.55849674236198,75.32988090928744
143205,31.606282478252623,75.28235848782025
143301,31.47612803152213,74.79622652334606
143302,31.423092091320378,74.75261760496753
143303,31.34568988196974,74.70500826308765
143304,31.296152618944202,74.74821957115421
143305,31.355206557621287,74.61294247075244
143401,31.431526222609968,74.92477975094344
143402,31.470764345975372,74.9002415898346
143406,31.47652530120757,75.02815287448912
143407,31.33293054168647,75.08108266214113
143408,31.24050811135714,75.02224188409421
143409,31.316583462399315,74.98602856282118
143410,31.259538621767923,74.93729465613805
143411,31.373511930497035,74.99484903173767
143412,31.19083058621314,74.92700301934168
143413,31.545500523777793,74.98013178160267
143414,31.495840026842536,74.67634939114642
143415,31.35501144703924,74.86568658636735
143416,31.203973159271992,74.77196045782291
143419,31.194033126974897,74.5907676334858
143422,31.343332184026814,75.13554749382129
143501,31.664459869269255,74.96064219407396
143502,31.731389823774403,75.03898895374839
143504,31.710029856348307,75.08496909080128
143505,31.816925758452463,75.20459257415621
143506,31.770048764617943,75.26926177693574
143507,31.81330193436126,75.13905822398281
143511,31.918841388259818,75.16740239422008
143512,32.01168619163069,75.1566948429049
143513,31.889431396665344,75.04067171267896
143514,31.683108142353394,75.35621759862441
143515,31.678584885282152,75.44421427179807
143516,31.814326663134263,75.38149855407082
143517,31.852690508253076,75.50544775017747
143518,31.88456366485912,75.30676167486575
143519,31.959409265718445,75.29326035643986
143520,32.02699345123948,75.30583252911103
143521,32.04147888323691,75.3998030850303
143525,32.183271907508235,75.36523638341846
143526,32.09803245365382,75.28827482408242
143527,31.772521920729172,75.46812274185402
143528,31.915236351395773,75.48489649619559
143529,31.95051564791495,75.40388391736273
143530,32.003852637811846,75.48194534550653
143531,32.09982456233237,75.49570632589595
143532,32.13906536125623,75.4109353592562
143533,32.11927165103317,75.56642541328691
143534,32.20915470751634,75.47511133273628
143601,31.769130274295804,74.97200659128515
143602,31.87824838162385,74.98363085544605
143603,31.977198619791615,74.88370958904768
143604,32.00917005070009,75.02118849433765
143605,31.941358546147228,75.07187611207902
143606,31.826967699533604,74.91074270400824
144001,31.315855963535064,75.58299719814836
144002,31.332826441781542,75.50404948797248
144005,31.292164815201197,75.61926344098507
144008,31.383662245840846,75.57167264922444
144020,31.233254836053355,75.59727661523547
144024,31.26392587359991,75.64916231153263
144025,31.377743062382237,75.64688127139682
144026,31.259288555211384,75.53082873032655
144028,31.243190970961294,75.48273663645931
144029,31.088694942204956,75.93604136193136
144030,31.393869463716445,75.79135186982258
144031,31.122134178357715,75.69891021173625
144032,31.203254817041586,75.64292080572858
144033,31.180488728018783,75.58338149353146
144034,31.1335045744547,75.64633220233799
144035,31.048784937784216,75.70815058510459
144036,31.025244810277304,75.66329997817333
144037,31.092614208294144,75.67995386965359
144039,31.049858438733914,75.58387537747303
144040,31.12599499691947,75.44549833857214
144041,31.018218398759018,75.449456095689
144042,31.152832960490574,75.52733248228702
144043,31.13542208692593,75.54953507070553
144044,31.089544224110497,75.50997424877889
144101,31.324604601782454,75.67835468182997
144102,31.40709783512437,75.71390329748255
144103,31.4278773919017,75.75384364863895
144104,31.406908483395313,75.7686860269542
144105,31.51972562431888,75.76144781995406
144106,31.471842269688864,75.74621120246184
144201,31.55533946061025,75.64325024541401
144202,31.701556078355623,75.54962297846406
144204,31.645153781464334,75.64144074594337
144205,31.81756902695065,75.65490609655866
144206,31.751149862635742,75.89995685563545
144207,31.771264414783104,75.74873469127661
144208,31.61914279012202,75.85746607575597
144209,31.706205001768673,75.92788922631317
144210,31.675846603549733,75.76874877703804
144211,31.952244440916978,75.61695628500168
144212,31.687202466201004,75.67986509225209
144213,31.794793686118027,75.8288017944895
144214,31.87863997067486,75.60098675484547
144216,31.93953191337173,75.87417007673405
144221,31.943037329764124,75.72246329889832
144222,31.942796239576182,75.81502221770647
144223,31.863514613002774,75.82859421018384
144224,31.859889860159274,75.92240623556695
144301,31.434027144443725,75.63041686297619
144302,31.46537405165047,75.65518713745378
144303,31.499230782123515,75.61298125346354
144305,31.77279364672721,75.62902516539445
144306,32.030364902454345,75.62589044473441
144311,31.151262517728952,75.69866618932286
144401,31.240107574799357,75.77230210988978
144402,31.24027221797472,75.79994652834884
144403,31.288361566280297,75.74148104267837
144404,31.33180282798549,75.86513664211675
144405,31.318100464019434,75.8408979485759
144406,31.35323800153092,75.89186912904972
144407,31.32680118950434,75.79434399893802
144408,31.333819133687523,75.86992598630385
144409,31.112811931503867,75.75915734655196
144410,31.031200132323125,75.80147812804962
144411,31.261270627233202,75.69549553029337
144415,31.03028339226199,75.94932981016935
144416,31.103205886154417,75.877467434264
144417,31.04970191154877,75.99139000235851
144418,31.11151343944527,75.8261817586157
144419,31.050780944062165,75.88803219683666
144421,31.09356720725487,76.04927910618875
144422,31.061483418765732,75.95076786842587
144501,31.199800365121856,75.84812344122535
144502,31.155448745522186,75.87081716675172
144503,31.24231784606447,75.90458167021872
144504,31.186669632504866,75.9028427692506
144505,31.204009973084876,75.96935262044356
144506,31.20710676305372,76.06027406479028
144507,31.119346838945322,75.9422529932733
144508,31.163674422654726,76.06371169793698
144509,31.157459139529116,75.94807266007085
144510,31.231176712009677,76.01186199099314
144511,31.135244067991994,75.99522066713456
144512,31.167730770549305,76.06001500664998
144513,31.128071666853348,76.04178595542918
144514,31.12718621686486,76.11727396515329
144515,31.04806746640633,76.20823468313631
144516,31.108272860287816,76.17759194643611
144517,31.03373728503975,76.12535044335664
144518,31.04314701402424,76.04594399986345
144519,31.280848989841953,75.96563342464016
144520,31.280325264930205,76.0070945480669
144521,31.074745767239033,76.3157883317054
144522,31.024627791984596,76.38827959425956
144523,31.265539318421467,76.25074501154334
144524,31.191211457752495,76.24902610766046
144525,31.168735828704644,76.30584870910297
144526,31.11827820887163,76.25642562387226
144527,31.20959468939672,76.15604816984984
144528,31.268522748706612,76.13715966748137
144529,31.29860779337686,76.08172174134681
144530,31.36605943842349,76.115965571696
144531,31.25550513258216,76.05900770552701
144532,31.162014502353447,76.18023379515836
144533,30.995285078273163,76.46711002242606
144601,31.37645266797437,75.38924410568539
144602,31.319355839838952,75.33997289905298
144603,31.338300094427307,75.42758696886919
144606,31.359927116356733,75.22928240423049
144620,31.283109165068677,75.3079920747864
144621,31.602450523832047,75.54309856700797
144622,31.53629476623364,75.5141365372731
144623,31.2290434918333,75.42466599079867
144624,31.551046360002978,75.41617588522311
144625,31.24277670030746,75.3630106108239
144626,31.22878285183455,75.16260198482335
144628,31.309874562480516,75.24724609797315
144629,31.151112534661134,75.14138330668446
144630,31.192423157273566,75.48748169726339
144631,31.62114653405703,75.47746645871995
144632,31.188237970910734,75.77214464234892
144633,31.17860891027543,75.67268388524701
144701,31.15304324576068,75.34292407470762
144702,31.079064839427907,75.27108231877253
144703,31.0556948501086,75.37918493695196
144801,31.465290532882793,75.54640173555988
144802,31.451982374040252,75.4080858771668
144803,31.471420591515294,75.4686390700812
144804,31.460120327326592,75.30095545313165
144805,31.408489116249616,75.50822612250332
144806,31.41334821584551,75.46432442822847
144819,31.598673254182348,75.4452698553608
145001,32.30780277875273,75.71522933990947
145002,32.39890395991741,75.7838695386986
145022,32.43892520930328,75.85790755854327
145023,32.322178567456845,75.61263714104398
145024,32.363923424208295,75.613804146435
145025,32.228472108966265,75.56099771451198
145026,32.27190186378889,75.43601761053117
145027,32.29855789269353,75.3765127146401
145029,32.38981884346931,75.71193484140596
145101,32.15088131907669,75.62828489138138
146001,31.529254517515664,75.91700524923071
146021,31.569211913829495,76.00699054443379
146022,31.502653010864734,75.83103379320237
146023,31.483815425841218,75.96266654495813
146024,31.63436647776758,75.9551949870032
146101,31.38840710186038,75.99455089997147
146102,31.45071905032026,76.06268812054425
146103,31.370552170391033,75.93818528395396
146104,31.42869364887359,75.9537353123854
146105,31.36268859226823,76.02072392466299
146106,31.337167582825987,76.00419493544209
146107,31.318528336242576,75.98531248035306
146108,31.31810145685769,75.94010963386448
146109,31.321954834470407,76.04605273388601
146110,31.518634861210334,76.04319744541168
146111,31.46781318160655,75.86888981663682
146112,31.405429658692913,75.87768593594781
146113,31.572870594291174,75.80823491183081
146114,31.571212538297235,75.75116423069653
146115,31.565398040937048,75.71583262715868
146116,31.614042659145476,75.73118258091094
147001,30.328587568491812,76.38571027366048
147002,30.350306575916257,76.44522076698091
147003,30.34860116506965,76.41766877495371
147004,30.45552321333955,76.43035056668096
147005,30.35079432494145,76.30678270834366
147006,30.42890061304227,76.34420276480687
147007,30.26637381415739,76.34971202734909
147021,30.36277225560446,76.49907731316515
147101,30.17615559805245,76.23728813558091
147102,30.034619110501097,76.14466565114562
147103,30.28443475262762,76.48253048135976
147104,30.52947958565281,76.34581214106467
147105,29.913029172965206,76.09405323001198
147111,30.172804398221153,76.53091968978953
147201,30.38717254549833,76.14828637206354
147202,30.503458902225503,76.20830356609078
147203,30.59540020509329,76.18926583826531
147301,30.656614503911968,76.2699210414472
148001,30.250418235574276,75.85338508955655
148002,30.215915951654015,75.85528003705097
148017,30.35086346237752,75.94618374276604
148018,30.405892959550645,76.01204161482688
148019,30.605045622622445,75.86549944372486
148020,30.56423235015723,75.74541810292119
148021,30.64997958090014,75.81456380962399
148022,30.480809836662928,76.00632928509023
148023,30.52664205252826,75.89731956111478
148024,30.387888716344804,75.78223681806512
148025,30.454082480958835,75.68593914644872
148026,30.245054518210658,76.05287136673931
148027,29.80566256493452,76.02596872156955
148028,30.089721934422982,75.78439886318826
148029,30.114196037428325,75.67499179210735
148030,30.010163976507158,75.84644209481459
148031,29.93467550710488,75.7923663263295
148033,29.8505004109909,75.90602563889665
148034,30.315425595255316,75.80600927349822
148035,30.083104223183536,75.9978233609993
148100,30.509493173017262,75.44908919015616
148101,30.38330664482434,75.54329264403664
148102,30.461365715559356,75.31962433870922
148103,30.429435797727685,75.40192766480759
148104,30.53454020330458,75.59387897545058
148105,30.249635721970996,75.55852664686515
148106,30.19859991329704,75.67324198250772
148107,30.297295762986085,75.47519053231854
148108,30.30221892736782,75.3903898242402
148109,30.443902375377505,75.5795954772512
151001,30.20174330303645,74.93473754193721
151002,30.260793202950122,74.88286024749532
151003,30.25947812793402,74.93796986827944
151004,30.22128727438306,75.00654439418132
151005,30.168053552719613,74.87883671179948
151007,30.269762011405668,74.78117139433081
151101,30.201878731174048,75.08545929937719
151102,30.327857485761,75.08649377278147
151103,30.218591378384193,75.24606003421249
151104,30.36088604396771,75.24903405350331
151105,30.311440498458875,75.17793055948133
151106,30.42447043902531,75.2209926682661
151108,30.500857721392443,75.19266654524255
151111,30.250000937220012,75.15766741487667
151201,30.336489284276283,74.91553872789602
151202,30.42320392002822,74.82526829239498
151203,30.67499455930665,74.73708007975297
151204,30.539734079919835,74.82498547580448
151205,30.433801893033944,74.98264615854407
151206,30.456617936364456,75.08489030096489
151207,30.633906409944363,74.92126304363613
151208,30.51671623768634,74.9667987875865
151209,30.60124708453906,74.75445562280832
151210,30.255141182492384,74.36703085436783
151211,29.95378935072223,74.61359721124423
151212,30.717126369360376,74.57508157784568
151213,30.68255392980961,74.77927685648886
151214,30.769996568485908,74.70206687594094
151301,29.96687660120037,74.9807230163269
151302,29.931769342645882,75.13984253032768
151401,30.070435853182254,74.78943472961139
151501,29.85867423926416,75.68878095428882
151502,29.962782580363005,75.57216728382508
151503,29.820827519662984,75.5255237045297
151504,30.090956789571727,75.53621010863353
151505,29.91842325741265,75.35448448283546
151506,29.780575927039187,75.32363916060793
151507,29.651178245084274,75.25736792349892
151508,30.056260078340927,75.36911455183134
151509,30.064362408036455,75.21682948201872
151510,30.161940657090263,75.39241146881386
151511,30.112040460403747,75.05174690869094
152001,30.934890098740258,74.61515213807013
152002,30.921525906195107,74.57834664099875
152003,30.912313074747168,74.54770249550674
152004,30.89181957511875,74.66768016088679
152005,30.960584942552057,74.77586698540485
152020,30.525081121071164,74.12930330002943
152021,31.062145734553948,74.80754135766608
152022,30.68259266733039,74.39060295617115
152023,30.85434855277503,74.42059417941931
152024,30.608327985323655,74.2754601624574
152025,30.503878573289473,74.66484454368188
152026,30.52132353293808,74.49301168705318
152028,30.92655330926063,75.05971692288503
152031,30.366771406584053,74.65003857558595
152032,30.37879073134631,74.47700587896479
152033,30.473559963979607,74.27632947919248
152101,30.235315906036472,74.66163024369628
152107,30.18195882803108,74.48970823309372
152112,30.303645676697442,74.47103084615921
152113,30.03168509049626,74.61093829661723
152114,30.100290711043943,74.52719572706467
152115,30.055629209703735,74.42877204065996
152116,30.07421791975548,74.17290325549374
152117,30.17083051554788,74.30409371597575
152118,30.01448335719621,74.31991410425925
152121,30.284977528153604,74.08598349920055
152122,30.234694888517247,74.17666866166567
152123,30.390657722331586,74.0228575499049
152124,30.359901530363008,74.23666749623256
152128,30.151533573585407,74.04867354007523
152132,30.032014237745916,73.98931186238555
160001,30.7500674431024,76.81519602185794
160002,30.702256515195078,76.80358258070136
160003,30.67872567347679,76.79293853362108
160004,30.652899962498797,76.78520459514093
160009,30.744318568368513,76.79778786806042
160011,30.755966960528195,76.78646856660383
160012,30.76600794259762,76.7801275984837
160014,30.761447623158165,76.73391520557051
160015,30.749203185655496,76.77507482937031
160017,30.740019851451,76.78265481715927
160018,30.73407924914583,76.78790819766931
160019,30.728090303099567,76.80374248691662
160020,30.71764945810745,76.7762811368669
160022,30.726537531386928,76.7682329620319
160023,30.742207122338854,76.76400353194165
160025,30.752308846387375,76.71761155377197
160030,30.709163360184846,76.78424961171606
160036,30.731817372918492,76.74143221213714
160043,30.713139031707186,76.74907237248077
160047,30.695471596606076,76.761341894861
160055,30.729971442781263,76.70300180960889
160059,30.714606530024287,76.72071137284738
160062,30.687333872981657,76.73398335014781
160071,30.703423838784584,76.70970419479343
160101,30.709931628353043,76.82666570753747
160102,30.69176288165679,76.82518070850821
160103,30.781791239681045,76.8131309846014
160104,30.645187928194886,76.85232219709953
171001,31.10259657356335,77.17485653073324
171002,31.089177899632244,77.17208527541177
171003,31.117423176122877,77.17896180390255
171004,31.09869446399823,77.15022336799682
171005,31.109869645759986,77.13176034197913
171006,31.090479664759297,77.19925922363498
171007,31.15692074864092,77.23171357867764
171008,31.104613646657633,77.10928036840183
171009,31.077856226396595,77.1721026223922
171010,31.080919045031173,77.14203922470035
171011,31.074387861887104,77.08514476637077
171012,31.05857230731406,77.26357468574459
171013,31.05557162069767,77.18053428698077
171014,31.13036885474262,77.09645080156699
171015,31.172370951739712,77.20133540368698
171018,31.218049433080857,77.21933507384907
171019,31.25272670832055,77.32263372332582
171102,31.266271732778534,76.95774745766957
171103,31.190879989937027,77.06142279290538
171201,31.155639541080614,77.33557798743199
171202,31.1174873000599,77.54653073659105
171203,31.18670383216212,77.63445553405874
171204,31.16435301512416,77.5505319645939
171205,31.083467310675925,77.66399832663281
171206,31.04905595308345,77.77753344838769
171207,31.197294294993196,77.75181760644149
171208,31.282875169686342,78.02140066824664
171209,31.036992033487486,77.33508737676061
171210,30.91792630804958,77.69283728189575
171211,30.94531617257012,77.53361780214018
171212,31.205258804974804,77.36398943165503
171213,31.23435243318631,77.47353208466349
171214,31.288722749134347,77.80725169404664
171215,31.144754463667095,77.70427449139106
171216,31.11120253415181,77.80842172495349
171217,30.821946756858292,77.567943061926
171218,31.00452285824979,77.21930497503922
171219,31.041291737237668,77.14235787704956
171220,31.090654412756376,77.4436742529849
171221,31.24063590593622,78.13824909494804
171222,31.14389983165017,77.36892734699752
171223,31.215877753310785,77.70611789775492
171224,31.29719299085303,77.72778015503708
171225,31.215828001540757,77.54068833885609
171226,30.9827602073572,77.43900873553706
171301,31.22363109151754,77.106721533629
172001,31.379017542800927,77.64186559633579
172002,31.546273227528285,77.57974208290658
172021,31.27652647333755,77.58990405886175
172022,31.375234084020626,77.77184267219427
172023,31.43936850890777,77.54465334730904
172024,31.310357341400415,77.38566185249245
172025,31.393479490129934,77.43430439162056
172026,31.483100689216183,77.3934483227204
172027,31.336351160119914,77.38618547294817
172028,31.327617079355935,77.5591596882872
172029,31.311710683777218,77.43970101419492
172030,31.33345584558531,77.4971363111309
172031,31.291142437868558,77.48524359908127
172032,31.471668480302462,77.47972578444583
172033,31.38822986276688,77.5015067390935
172034,31.508073507015585,77.78167208209196
172101,31.60375423313201,77.77178131050206
172102,31.462407761451576,77.82373998196626
172103,31.550607188389904,77.96921038434375
172104,31.552395736264113,78.09840573284508
172105,31.4339615776997,78.15939350225739
172106,31.29142930876552,78.575799800949
172107,31.53113025364313,78.29012797439123
172108,31.528304062445773,78.20997234126939
172109,31.661095060864817,78.45645106362105
172110,31.710711996580358,78.47082601270701
172111,31.928777549076894,78.72112261207285
172112,31.86859510204861,78.52378318105086
172113,32.13421179520376,78.39628348635945
172114,32.464735541794035,77.98874420687795
172115,31.479652524316506,77.97158057481391
172116,31.56148404491649,78.38870160875072
172117,31.917933601067205,77.97343071064913
172118,31.644965440919453,77.95663472464949
172201,31.508475670690423,77.689635130225
173001,30.57559426270056,77.3455977907793
173021,30.496101952132143,77.53390327300457
173022,30.590091360780686,77.4775167942047
173023,30.691479027661625,77.45303730319067
173024,30.734602781532296,77.17511676784532
173025,30.48846986184766,77.67848695310694
173026,30.60797736915872,77.20148333051716
173027,30.720635182496654,77.67587448435732
173029,30.598675824160964,77.64421350124124
173030,30.526246952102653,77.23027207926505
173031,30.490629332233166,77.48231182203409
173032,30.745399864463963,77.5235105889816
173033,30.810918820171143,77.20833323813426
173101,30.84308783424979,77.31536044492375
173104,30.787728974412655,77.40911492385855
173201,30.90846484139926,76.99174666093681
173202,30.899241613324893,76.99498030927123
173204,30.88695608617574,76.971115885381
173205,30.96257197205197,76.81382645370694
173206,30.98516383606385,77.01443378529306
173207,31.063271223643557,76.99717011869983
173208,31.138170938545397,76.99419762928548
173209,30.893726375092893,77.02563533302485
173210,30.8864507678904,77.04533647183709
173211,30.921679746745202,77.07251433281938
173212,30.895182511922,77.15507801344684
173213,30.9372447782034,77.0987344312547
173214,30.934998311527306,77.1453196893037
173215,30.977057430659915,77.12949834892272
173217,30.945915317473553,77.22975801363302
173218,31.070519406784307,76.89557252565439
173220,30.82602123799109,76.99756464400718
173221,31.142551264920105,76.90738173525149
173222,31.03696678529135,77.03874285482141
173223,30.912479746391913,77.29244309672535
173225,30.93450555817626,76.98326771546093
173229,30.822412360171924,77.10201874162281
173230,30.855823591193282,77.1701947699511
173233,30.94311981411516,76.91809042644063
173234,31.013183008925903,77.08537592672576
173235,31.209235933567143,76.9105957994906
173236,31.00812164767424,76.91214995753546
173237,31.16355010383187,76.6807770824122
174001,31.315687329182072,76.80621073163533
174002,31.327844489703548,76.48396363294336
174003,31.465669180360123,76.76613884091245
174004,31.396140828706155,76.75952857634483
174005,31.310279534338385,76.76197364223084
174011,31.245797204718894,76.72081412041771
174012,31.390696937740856,76.838305934136
174013,31.4237736420106,76.8090265755579
174015,31.248398397501195,76.58161232482881
174017,31.291694048953232,76.64672959786834
174021,31.432581356886587,76.71010339030845
174023,31.50423309881876,76.64442370110996
174024,31.336145505449693,76.7284702970698
174026,31.515002609308887,76.72342158808408
174027,31.53467947004585,76.66162011642702
174028,31.56915507980357,76.68992166756816
174029,31.43372913573032,76.63785199676255
174030,31.41045418013546,76.52904530683583
174031,31.365568868958125,76.64052095907265
174032,31.263051192309074,76.86154978172462
174033,31.305871300660627,76.83355309723842
174034,31.33601371916073,76.68928127574851
174035,31.348087654083358,76.5960418521519
174036,31.382943308145904,76.8637828345545
174037,31.29285949252489,76.76956841932999
174101,31.025087164514062,76.71004792615358
174102,31.12720500761269,76.79712737553608
174103,30.90567771158414,76.86486292050441
174201,31.376454507863755,76.46726843386173
174301,31.35920397974978,76.32441067628088
174302,31.558243093836044,76.21453012054211
174303,31.49690262450045,76.27371618351887
174304,31.54106299110954,76.48498657447571
174305,31.50056288478216,76.47117884860168
174306,31.43943834002676,76.32747157031773
174307,31.63288123123721,76.33613563763143
174308,31.535253562055047,76.41546147517103
174309,31.502562335062755,76.50368692496794
174310,31.278319501028633,76.59486257230148
174311,31.572667027392754,76.52404476033807
174312,31.571066184047638,76.44011616535855
174314,31.607746370704742,76.23847696918479
174315,31.411999172705954,76.33379338324887
174316,31.58195921503783,76.18568047746095
174317,31.474557432938756,76.17434084113056
174319,31.80704747051481,75.97232914283879
174320,31.631664204061384,76.28310888129857
174321,31.528666635487884,76.35514576846487
174405,31.594610885214585,76.46803281254088
174503,31.372990956790602,76.18058397107511
174505,31.626868118368183,76.51509734563368
174507,31.348208099384323,76.27625218705019
175001,31.71795647699309,76.94485060486757
175002,31.550636810265246,76.87751899091712
175003,31.76823658951369,76.85231284869415
175004,31.59635629752163,76.75730393641815
175005,31.8015250218102,77.04033851225887
175006,31.636132099542422,76.96507638742936
175007,31.650064139055857,76.74157844826921
175008,31.610969473541136,76.87996227819524
175009,31.286518713140175,77.09374730066656
175010,31.319933002485964,77.15336963860837
175011,31.378086349701086,77.27109742804237
175012,31.886049331847936,76.92921425399688
175013,32.07172017292843,76.86731979502538
175014,31.844596798156438,76.8125134853276
175015,31.92955432433167,76.79758078082729
175016,31.922368077349017,76.71756732653365
175017,31.40572307919363,76.90026059663762
175018,31.490722333257054,76.88286526180521
175019,31.562436994731172,76.91319561755444
175020,31.954134176792614,76.86681522652809
175021,31.633980582898094,76.93102894721828
175023,31.639936778443005,76.83423227951833
175024,31.70358579153867,76.7517872392704
175025,31.771978340107076,76.70897192366449
175026,31.762732937702086,76.65895727808679
175027,31.560063916803404,76.96120133493027
175028,31.536551051999,77.03085502742454
175029,31.597205232620126,77.06887637402944
175030,31.459517309880894,76.81584455095228
175031,31.46018948161479,76.99056277387028
175032,32.00421375617804,76.72570794434596
175033,31.56102073389993,76.77249804680935
175034,31.522376675286505,76.77908978177906
175035,31.591002638759907,77.16209659708694
175036,31.55051043003537,76.83772981855316
175037,31.718718766855503,76.69817963527896
175038,31.37821320300793,76.99927846625778
175039,31.49849833207508,77.09002212082667
175040,31.801874141423657,76.77436515876718
175042,31.687523930423495,76.70798325716757
175045,31.520985528999226,77.00517124236572
175046,31.405519052736338,77.10626733653578
175047,31.48102621300393,77.24186253576298
175048,31.548799759683263,77.19141077382672
175049,31.6737014695636,76.7990934022375
175050,31.822978778212583,76.7013110327073
175051,31.865222904789338,76.71288401075523
175052,31.73200527631896,76.89085585497064
175075,31.779561582865465,76.99484345298607
175101,31.9730872370238,77.1309097484274
175102,31.986042837056537,77.02733024329773
175103,32.32154072655976,77.14359844939897
175104,32.07807830446384,77.20099228019673
175105,32.042968383998456,77.47597618640428
175106,31.673256752768047,77.27558296427611
175121,31.735876627833697,77.18931069969331
175123,31.642460364823442,77.46274627618072
175124,31.685345304903134,77.08594004480265
175125,31.874037769473873,77.1485837195811
175126,31.89194028560276,77.06583855473137
175128,32.0531806384213,77.10018919062253
175129,32.13202345692806,77.0538860839285
175130,32.13866011235011,77.25051781829036
175131,32.22098456675361,77.14885491234706
175132,32.67302786820724,77.33663876757775
175133,32.72823910883585,77.05311916233552
175134,31.829311332412804,77.569696242766
175136,32.14833202904518,77.18884186338065
175138,32.011393192798025,77.09706739655614
175139,32.685901171242186,76.86749471181791
175140,32.38381415522826,77.37971451583788
175141,31.86537423791485,77.29506915046102
175142,32.85068912987792,76.77538020659853
175143,32.23698979159151,77.28468325519337
176001,32.10929431008629,76.26832505451756
176002,32.09872140434202,76.30978473730885
176021,32.174386487039946,75.95763450553287
176022,32.15656924891511,75.86498468272745
176023,32.124393285246235,76.02432121885249
176025,32.00887709135181,75.95937806678688
176026,32.08093370638375,76.14762294150647
176027,32.03880536689669,76.07471387825085
176028,31.956161168295065,76.15647441175443
176029,31.993343607998995,76.2363966706449
176030,31.90225749362304,76.38806464786568
176031,31.889145703296354,76.31688997840308
176032,31.83717140965132,76.39204774897982
176033,32.00575727011063,76.11908290722505
176036,31.805713642802907,76.34051455428957
176037,32.028387286538035,76.3115819554373
176038,32.05585490614424,76.25961238424063
176039,31.458104729865763,76.56131018796587
176040,31.520994375621747,76.56209489327503
176041,31.593642315060393,76.57550667596769
176042,31.5558366712159,76.59986461824695
176043,31.58981620450236,76.63907163784987
176044,31.601560053269637,76.68054174360849
176045,31.6399781389457,76.64558345396605
176047,32.09658955014832,76.38901878081722
176048,31.61473588923556,76.70881424348141
176049,31.486662451859626,76.593596509655
176051,32.22584054857776,75.90249973851125
176052,32.198326767431176,76.4284724268668
176053,32.09013489961532,75.9234595718039
176054,31.983156948090635,76.32986957203627
176055,31.944412290612064,76.3871743124951
176056,32.10082347388273,76.34446077520548
176058,32.03780249196087,75.8421170042931
176059,32.165366834043084,76.48471621142649
176060,32.08041291442845,76.42510261854518
176061,32.14932912004796,76.55910871894548
176062,32.100295733754514,76.55132930846149
176063,32.03720872584657,76.6036601133153
176064,32.07665745458812,76.45700173139512
176065,32.041032755287226,76.40784888239689
176066,31.847807923265652,76.26475666913808
176067,32.07400130813888,76.5405074436838
176071,31.9699136313411,76.6419683884707
176073,31.9006747513304,76.49235124149206
176075,31.885259150468894,76.46456509387328
176076,31.98728867921157,76.60311074473626
176077,32.277447343317924,76.8934254964449
176081,32.07836107571303,76.61281253713291
176082,31.859682254820438,76.4927212709191
176083,32.03440719436547,76.49324090869439
176084,31.97118666375343,76.42699174326786
176085,32.05508736453225,76.46907346925879
176086,31.962991880002647,76.52321514401832
176087,32.018220617536905,76.53374523370127
176088,31.935458423103128,76.64581164534286
176089,31.899873522412953,76.66642504595923
176090,31.841406921574233,76.66016090005226
176091,31.892418492981967,76.63559859841959
176092,31.98814155043223,76.48283698601765
176093,31.95060994578679,76.49226192983961
176094,31.979421311175336,76.55912879761655
176095,31.915674879582145,76.59912844096834
176096,31.92580123064569,76.56019964447876
176097,31.893951183298938,76.51615971414007
176098,31.841113678867256,76.4536137263939
176101,32.01378844193614,76.41310099896322
176102,32.07549839155795,76.50314797093122
176103,32.04444923787467,76.5674996269902
176107,31.917270315761577,76.44757366329482
176108,31.79957770490067,76.48160133770793
176109,31.874928580601974,76.59080495316881
176110,31.828856860005175,76.53142393005301
176111,31.768805819950057,76.55470961956749
176115,32.11154309840973,76.62726969392179
176125,32.10597448287986,76.67080982519872
176128,31.974953264382485,76.66955275374092
176200,32.30277249256572,75.96643980528873
176201,32.2794154835194,75.81577080535766
176202,32.324439328937984,75.8923099679509
176203,32.36028944569057,75.94694356095425
176204,32.2162026379191,75.79930579693894
176205,32.24254507479732,76.0114708299958
176206,32.278473057934455,76.20145754216476
176207,32.33012461366576,76.11877496852105
176208,32.16803811473248,76.20391098284598
176209,32.15966236508448,76.26879998334304
176210,32.16215382629019,76.1019494704176
176211,32.37031568080038,75.88260704024947
176214,32.128000447117934,76.21823487637005
176215,32.19841117452323,76.32968514802604
176216,32.286036717990335,76.32150998564816
176217,32.233206374451356,76.26905064115252
176218,32.24107388951455,76.39032559016042
176225,32.24917436017025,76.08370147304962
176301,32.49209080210719,75.91200814997016
176302,32.421765556521706,76.04007929346398
176303,32.54392194136689,75.91650341120209
176304,32.54151311362167,76.0028628217037
176305,32.54763789604709,75.96219869740507
176306,32.58466239176606,75.99453993042505
176307,32.60471377326293,76.25885536327314
176308,32.635004325881,75.96607828996831
176309,32.36721798114521,76.4498329360165
176310,32.55507279571285,76.12673255216949
176311,32.47914077114895,76.24652540378997
176312,32.67692615331014,76.01082456611208
176313,32.474312148082895,75.98896998090947
176314,32.54747577277994,76.07949297017572
176315,32.4742674042255,76.67401767298607
176316,32.90715930728947,76.21703227691181
176317,32.728803720716314,76.08944790998781
176318,32.56930002580966,76.13003076281272
176319,32.68761275219481,76.14098081773356
176320,32.813160687345665,75.9413129052346
176321,32.752914755529034,76.25260554006084
176323,33.02179451638101,76.53989966891206
176324,32.51931402714608,76.43564727206143
176325,32.62902295005895,75.92312563829086
176326,32.29197168591176,76.63898664268996
176330,32.71168843716673,75.95775592621656
176401,32.12452047017482,75.74784126671284
176402,32.20114107735843,75.70027510209486
176403,32.13606515326177,75.68080847949471
176501,31.916181413598416,75.95150520236368
176502,31.945929735004803,75.99378281921753
176601,31.333723104300137,76.2210707972432
177001,31.677490853022263,76.52076981902965
177005,31.70453087359305,76.52106736543328
177006,31.632078030059702,76.40003862000701
177007,31.763971409817206,76.50032192306047
177020,31.731913436764394,76.50566954321854
177021,31.701732660124602,76.65604961297761
177022,31.77196394871269,76.60635377588369
177023,31.72177580283796,76.60994065618294
177024,31.655493774619327,76.6947464382178
177025,31.682049776940417,76.63897955922774
177026,31.629987782958178,76.4509471578231
177027,31.715098357758983,76.55010482121148
177028,31.831232979262232,76.59665233423063
177029,31.666051281707727,76.59407516165516
177031,31.455537642223618,76.4043396393781
177033,31.773430905677344,76.32724363216211
177034,31.72984061404417,76.29183297166865
177038,31.726965893559772,76.33435459127104
177039,31.67108008102076,76.2645647158482
177040,31.675876206454515,76.43183835005746
177041,31.666281719577828,76.37736918589462
177042,31.733563630149394,76.39383293445641
177043,31.764726487585712,76.25279314153569
177044,31.774652954713183,76.43260871331803
177045,31.74381710841827,76.42911497620639
177048,31.721620584590667,76.4472063211215
177101,31.880727892729013,76.21840268171272
177103,31.840628215667255,76.15775755917112
177104,31.84701112367713,76.20950753256798
177105,31.871423258771102,76.14602037831422
177106,31.927919795012514,76.0733189414464
177107,31.80850518665476,76.19574024049659
177108,31.804990244124635,76.22826307095518
177109,31.75804664200726,76.13871125961857
177110,31.821646428825115,76.07285063875653
177111,31.874055277248257,75.99931499579257
177112,31.877876996159397,76.05924130650324
177113,31.894048454965873,76.1277848007587
177114,31.94520571432317,76.2169377545371
177117,31.893451790815174,76.24961388161613
177118,31.621046095701715,76.67875619240967
177119,31.563961182510244,76.50086456901093
177201,31.64456368285445,76.05126112714063
177202,31.716851583303978,76.0892306110224
177203,31.679398118371786,76.1320265082277
177204,31.765515989264024,76.01531709494746
177205,31.66771160401762,76.06440500031505
177206,31.604263570156455,76.09039498178707
177207,31.50833874979171,76.15074824514566
177208,31.557004452824895,76.13498381000323
177209,31.449404151070155,76.18705169927625
177210,31.691922318598813,76.20767664166316
177211,31.61992780086899,76.15621560396872
177212,31.690314702871746,76.0250963668612
177213,31.710523617401787,76.06532827073056
177219,31.73580210561617,76.10504665011534
177220,31.414625207867218,76.23203190919088
177301,31.714307284064,76.3633538143367
177401,31.624542304295307,76.5868668495149
177501,31.649824423576995,76.61348706727888
177601,31.70914439445847,76.66580755073373
180001,32.74028807766388,74.86731263628877
180002,32.720403475908334,74.74621159444202
180003,32.6803138748704,74.7556192379438
180004,32.702439013570704,74.86248492065046
180005,32.74733813145808,74.8577346422614
180006,32.71846260780621,74.87714206940028
180007,32.7616973014933,74.8577035074494
180009,32.66651696929705,74.8011395084275
180010,32.66865684633293,74.87198654223035
180011,32.67754835188641,74.91611631791473
180012,32.70911044682544,74.87931515074719
180013,32.77134466726338,74.83720113079367
180015,32.69372999831112,74.8937423916181
180016,32.72648709792244,74.83862043178252
180017,32.74196506013543,75.01008677712672
180018,32.746827915338024,74.80850118859233
180019,32.760385501067226,74.8967301274965
180020,32.69116043293216,74.87951215876245
181101,32.629306248789675,74.79032140081424
181102,32.58953818306008,74.70484418099505
181111,32.547013814519595,74.75380408057408
181121,32.755322471691905,74.83577484840909
181122,32.88407636088428,74.80326043054961
181123,32.79765506147995,74.82642014623012
181124,32.75113299152907,74.82559811610767
181131,32.516958913966725,74.7823571140903
181132,32.59707545731516,74.8627591989165
181133,32.63033724072378,74.92563584587721
181141,32.498736074299075,74.91071061813524
181143,32.602765674633325,75.01798036174392
181145,32.67243976693763,74.99452820615886
181152,32.72562741082002,74.93379685025515
181201,32.94496746853341,74.68518903047769
181202,32.82151107339793,74.55831994987412
181203,32.8477519602607,74.44900596347391
181204,32.8896797934024,74.31285634455644
181205,32.76453453105961,74.79385619949197
181206,32.79975039900838,74.71244515706394
181207,32.7751810428544,74.5901974080983
181221,32.826291370160796,74.89673480001169
181224,32.82135457172566,75.02980690906291
182101,32.93482850221982,75.11659819627808
182121,32.92016535358735,75.02691935886868
182122,32.802702889041214,75.32035217317839
182124,32.885739335540684,75.21072009812279
182125,33.07396872448855,75.10880771637353
182126,32.795515154101,75.16396153668514
182127,32.730351759216184,75.16268446361279
182128,32.8137545201884,75.52288719340945
182141,32.986546241033665,75.26356296092897
182142,33.05847522305741,75.273577580981
182143,33.14462729406517,75.30313380821869
182144,33.24210403433717,75.08805490517265
182145,33.34504354195993,75.20666777450882
182146,33.43552674809145,75.15923324544306
182147,33.23605096744735,75.39307625061532
182148,33.25629703385528,75.30039372999947
182161,32.93654810757852,75.39735197861204
182201,33.10639596735634,75.52509464363689
182202,33.26267457093168,75.49439292799838
182203,33.08153810003466,75.99542605770888
182204,33.467003889177114,76.1567372131589
182205,33.70736437205217,75.65707155905307
182206,33.31274499040435,75.77461619325614
182207,33.04722275198318,75.87068349184223
182221,33.0836277486561,75.6023493018405
182222,32.9458361648689,75.6733105369037
182301,32.99639539936436,74.89631639022177
182311,33.07761829604707,74.86362927095331
182312,33.10940874066931,74.83481999415994
182313,33.19417685679738,74.82389911612526
182315,33.37308042487515,74.8987929522423
182320,32.923951521877946,74.91981708135296
184101,32.362731404594825,75.5358584147686
184102,32.40510760100392,75.56773968240144
184104,32.39902684687601,75.5007132038944
184120,32.53905370002594,74.97428122339565
184121,32.59313298569217,75.15265599846512
184141,32.5021553137796,75.22607497708685
184142,32.449988156835346,75.23893602557082
184143,32.46846075038586,75.44166450189313
184144,32.497489424276566,75.3520848979439
184145,32.4554611808757,75.15334116618216
184148,32.38178271004194,75.3151122601424
184151,32.35090598800474,75.43614440141458
184152,32.41168577323076,75.62940674100696
184201,32.57103080215064,75.78049337408368
184202,32.50372659007688,75.59871953926464
184203,32.626792013182175,75.52814637418935
184204,32.67014883146647,75.6349459563503
184205,32.654967417927026,75.2971054203487
184206,32.748668514895165,75.78635726984763
184210,32.63801942890073,75.42642613280162
185101,33.762135033526654,73.89311544531672
185102,33.80971841189846,74.3250789790031
185121,33.62954986125558,74.41437663906933
185131,33.42702766665575,73.99570639481327
185132,33.37294289704213,74.43334987861694
185133,33.396854479590154,74.34316814701633
185135,33.506322580551405,74.46494389847723
185151,33.19714186936256,74.02328901498099
185152,33.09803310684222,74.38205191224077
185153,33.04878723235128,74.51457782440583
185154,32.982481246047975,74.56165749144722
185155,33.20010248326507,73.89104275254763
185156,32.98534497825781,74.2260310781503
185201,33.226480177771435,74.55639654243474
185202,33.2357663244964,74.42683314860622
185203,33.11356623320453,74.60992699298794
185211,33.57006903429244,73.93281592789134
185212,33.499834155075526,74.3575172881109
185233,33.37623632633181,74.65767746852583
185234,33.41912440986742,74.36964861055678
190001,34.08050764068921,74.831997312994
190002,34.09922322805284,74.79873287337529
190003,34.10437285065388,74.83515685930648
190004,34.062277544832824,74.84304602730329
190005,34.03101747541555,74.79793223934722
190006,34.18001588718467,74.84708870188368
190007,33.99753207893666,74.76808566673445
190008,34.06031723890349,74.8187644124786
190009,34.073781760304016,74.80064810323881
190010,34.07339908301899,74.78427726000065
190011,34.125013253667056,74.79938100069424
190012,34.10172031630319,74.73671831592151
190014,34.03842567971025,74.77723484268448
190015,34.02800504235527,74.83148438454803
190017,34.1133023731375,74.73318587352577
190018,34.06819207827479,74.74852427391228
190019,34.003850666065986,74.81806912013391
190020,34.1667065933362,74.80864668830789
190021,34.01946438296958,74.76848862703078
190023,34.12808624726285,74.81828498984859
190024,34.16435411849659,74.82732890745184
190025,34.14621068701174,74.87800483647963
190099,34.12084250716527,74.78527657839105
191101,34.04996658555867,74.92249815283503
191102,34.02692788922764,74.96464217816641
191103,34.016885826627586,75.01649108022393
191111,33.91204860525362,74.65398281458201
191112,33.79382842499499,74.7344797246253
191113,33.9238304219424,74.79072385648334
191121,34.13729189434675,74.95006456924257
191131,34.234760627331354,74.74749471244743
191132,33.99552773356664,74.79288269701159
191201,34.28627980735627,74.8322529788891
191202,34.3215768940058,75.1265626797896
192101,33.73664500689442,75.15317838600737
192121,34.00069214319331,74.9117719663293
192122,33.93399753127442,75.002069273854
192123,33.98188006411962,75.11278947580503
192124,33.79358299981935,75.07859952057846
192125,33.75904096929875,75.21171049174258
192126,34.10090232925973,75.33911712472229
192129,33.86217321091564,75.35983049649525
192201,33.72513984865498,75.32147991587368
192202,33.64821142798801,75.41534958886577
192210,33.66596196425737,75.18829104480442
192211,33.57554665349679,75.22180443317471
192212,33.46226160724545,75.3177553152603
192221,33.60403962861771,75.14698583459605
192231,33.66068800930417,75.01282206896148
192232,33.72628338060428,75.00810164688085
192233,33.55197988627654,74.84414774969592
192301,33.87689452818675,74.90815064466305
192302,33.7972797547522,74.87767977644144
192303,33.68867247915289,74.7493374604852
192304,33.9456710430165,74.93346776732282
192305,33.80466458784101,74.9741853350601
192401,33.89888471293695,75.22708384596874
193101,34.16562553567454,74.32295468355818
193103,34.2164515384888,74.41907486770836
193108,34.1769742419958,74.48513358544686
193109,34.15972617474048,74.41779857493901
193121,34.14596889537499,74.55433410795948
193122,34.14389110080001,74.19621790606428
193123,34.10302702211177,73.84123046858646
193201,34.305074594802505,74.4700935240576
193221,34.35097541188856,74.22976183929008
193222,34.79103210096099,74.28435863121312
193223,34.489240882910096,74.45160319749138
193224,34.61319756368663,73.94364832421464
193225,34.46354223773657,73.75029445455196
193301,34.24551429847577,74.29611081796548
193302,34.361847331118035,74.337882657142
193303,34.31139737731564,74.3655581289923
193306,33.81231061481304,74.82400826079956
193401,34.08403124125062,74.6081875322919
193402,34.070175423579116,74.41757649795947
193403,34.00174052719364,74.3530474748269
193404,34.072820391608786,74.49842308161925
193411,33.87012187790795,74.53501770770012
193501,34.235912142803464,74.62230356332515
193502,34.43813317603333,74.73021298014537
193503,34.66352071193343,74.94419730624128
193504,34.294786689751305,74.67323995577281
193505,34.41998141777385,74.54707549738478
194101,34.88224031658062,79.04610318557877
194102,34.36183879276275,75.68424025944802
194103,34.55228230438587,76.14984142298314
194104,33.973680498257885,77.5667062788574
194106,34.30150271560486,76.81674323083122
194107,34.16911751466182,77.25011554847853
194109,34.382714092909936,76.43997850960031
194201,33.70543218432841,77.71830430431463
194202,33.054827974979716,78.56263862899051
194301,34.214376861433415,76.15871292599846
194302,33.39164579139263,77.02108314972074
194303,33.981708912726155,76.21128280220667
194401,35.65905230071487,75.46099004999563
201001,28.667393489970383,77.4341756504282
201002,28.663866605987753,77.46682467400734
201003,28.732572938276896,77.39950245611448
201004,28.705951039361988,77.36425146104277
201005,28.68164114140811,77.35985976032617
201006,28.69369570329005,77.33937411386614
201007,28.68520654062987,77.38868247025265
201008,28.59481398951254,77.60831710608839
201009,28.636868647236323,77.43821276350202
201010,28.656172405430187,77.34040150645922
201011,28.66737114662847,77.3309938592674
201012,28.661039570488363,77.37201560446184
201013,28.698418508682785,77.49111874670628
201014,28.645374598974147,77.38001264361411
201015,28.677288568934063,77.5541325758985
201016,28.62293405336571,77.43407359294461
201017,28.69848486234045,77.45580988958783
201019,28.646185039863315,77.34355522333524
201020,28.626026520592426,77.34748549010794
201022,28.787121074956904,77.64346478911455
201102,28.771726616565886,77.29648642799704
201103,28.785390518108652,77.24843211598403
201201,28.86452004435343,77.58991965497013
201204,28.85952122684522,77.52897768726136
201206,28.79277801892121,77.47739749769583
201301,28.57703775942332,77.31879075503917
201303,28.56410019495324,77.35179410472603
201304,28.49178388821726,77.4079344039042
201305,28.550576635540473,77.40192501456374
201306,28.513786081973088,77.47101336729557
201307,28.59116092147474,77.35498925815914
201309,28.616110704238046,77.3812850726959
201310,28.470592333610274,77.5369183833852
201311,28.530790413327427,77.52735564938287
201312,28.41162477713121,77.52533153744461
201313,28.542220102558748,77.33289539646519
201314,28.516188136519276,77.61704459334644
201315,28.455173717589325,77.53381135081982
201316,28.584870591835866,77.39667230574204
201318,28.57489427248857,77.44140325892053
202001,27.89850241702289,78.06693664138375
202002,27.870853869497633,78.06699799062196
202121,27.809949760063624,78.26503503536823
202122,27.991301857192077,78.05799809721422
202123,27.82610653736373,77.87592380001732
202124,27.739383470198945,77.94318814306781
202125,27.953984754952792,78.18519542149329
202126,28.057912516633923,78.07782156596431
202127,28.030832262272078,78.17305479503402
202128,27.894458104180053,78.23081574309258
202129,27.886440543899614,78.33095584013275
202130,27.941610208099387,78.3978056425439
202131,28.024451250643786,78.39697371905099
202132,28.091583843782242,77.84619689908683
202133,27.988379861986797,78.51013991201945
202134,27.85434592378289,78.46107288114096
202135,27.938736873856794,77.78291617643805
202136,28.041245141389123,77.9894018677983
202137,28.04919920220495,77.66326302609397
202138,27.950344230202333,77.85464213227279
202139,27.70804853483736,78.15553350879084
202140,27.91391848792285,77.94778908629534
202141,27.999104004967887,77.73829098325048
202142,28.024462099796455,77.912419494194
202143,28.07045433112566,77.94303758038821
202145,27.661037691287255,77.87938469822194
202146,27.643243265620903,77.89598550883198
202150,27.78793439839773,78.12553141632152
202155,28.095707321223227,77.76645774744667
202165,28.012045054570336,77.56625720992417
202170,27.721627003738877,78.24130752164466
202280,27.99810546527653,78.30044359436211
202281,28.096057848982863,78.34279653954935
202282,28.079702292122377,78.25383422972774
203001,28.394843827941454,77.86625812867135
203002,28.36405259140419,77.81807009035418
203129,28.20013746867768,77.98093635116234
203131,28.215209477837202,77.88960671296863
203132,28.207379776114855,77.81104745523503
203135,28.152690537019357,77.5464289688847
203141,28.18049724075494,77.7245014644179
203150,28.37678494163147,77.99524483323178
203155,28.139572722316768,77.63248760761716
203201,28.331687868694033,77.55498206761877
203202,28.383941271118665,77.66803737002306
203203,28.288258543254823,77.70880501233245
203205,28.4750147822838,77.71638437620257
203206,28.47233113138039,77.64588021778472
203207,28.58316315624722,77.55933193384277
203209,28.250814716774332,77.58409298144129
203389,28.17598795838398,78.37439728889149
203390,28.34101408033375,78.224696014373
203391,28.328676019571063,78.12403583001063
203392,28.218907400771062,78.15936539327785
203393,28.20262068060095,78.28215818376314
203394,28.406681258084056,78.10305487418348
203395,28.282717175724677,78.02405138628711
203396,28.165624659140704,78.06043409980657
203397,28.106817539345087,78.14480810029471
203398,28.483118136620472,78.19650779876645
203399,28.11365108176725,78.42527472189137
203401,28.503269794828803,77.93184670725772
203402,28.65439395856431,77.96905596616082
203403,28.599007837176945,78.14398893756659
203405,28.53196531634789,78.06897321705786
203407,28.54489416178049,77.96311532820707
203408,28.549804876043023,77.80866181452016
203409,28.449681384995614,77.96900773818366
203411,28.608631466020185,77.8904247398385
203412,28.617848687822136,78.04176879942128
203413,28.5453186749554,77.88241387469874
204101,27.569033009431088,78.06696181430362
204102,27.62038917016469,78.17933787267103
204211,27.716067007418246,78.46441000858395
204212,27.586552872130905,78.26349240517142
204213,27.56324404847978,77.95432152553084
204214,27.614334255104588,78.36719001950166
204215,27.723714713207126,78.37057753648115
204216,27.714140002949453,78.06369965287172
204217,27.615807638011876,78.09907117987272
205001,27.212500977687267,79.01938719586636
205119,27.171503747737937,78.91569384288769
205121,27.19510138421485,78.78649088696314
205247,27.14647601670681,79.11762892676438
205261,27.075484637591764,78.83933955396161
205262,27.262338019373,79.19391891853537
205263,27.308175228946784,78.88418844512364
205264,27.030303784999358,78.92987345575864
205265,27.3917800452254,78.963083028594
205267,27.345395902246413,79.10630763862555
205268,27.03592769950261,79.07717946584191
205301,27.20488622883332,79.30086437862711
205303,27.021581347182348,79.26185645747894
205304,27.09777132261337,79.2793781563945
206001,26.774777613691118,79.00595868087952
206002,26.82619231056086,78.98218711493472
206003,26.75508233270888,79.05316857737995
206120,26.64534817866671,79.27777897036526
206121,26.529778540798972,79.28853988326993
206122,26.468500369695892,79.51090426884915
206123,26.922175363356516,79.19489817035694
206124,26.667122813372774,79.18041016630526
206125,26.530353740652814,79.11344445701167
206126,26.734639222337066,79.10865058444166
206127,26.638504766985914,79.11108694419413
206128,26.600108024176617,79.2303549929729
206129,26.486765432143056,79.3785185085715
206130,26.932073601089783,78.96621410964995
206131,26.729984549551375,78.92167746328548
206241,26.68972390462078,79.4046867574526
206242,26.79705653604516,79.26041872995756
206243,26.812005622904678,79.54349783969833
206244,26.637879254710196,79.59285417632185
206245,26.882821283967193,78.86672961095302
206246,26.600806637688635,79.63272521428848
206247,26.58602368807419,79.46189240994093
206248,26.742906789779763,79.60293074000441
206249,26.784072237402466,79.4318328010187
206250,26.701083287683538,79.50671918078568
206251,26.84303162296728,79.64952701111388
206252,26.880154362963438,79.40682767523718
206253,26.886408028504107,79.06857829071835
206255,26.776594329704963,79.69313713166586
207001,27.561729652816773,78.64947968468628
207002,27.545181369597493,78.66407282394317
207003,27.522308194881806,78.81082973277793
207120,27.620752339656256,78.54635499225897
207121,27.412849223396705,78.76689873279689
207122,27.565984276229475,78.47402328645855
207123,27.79666543127162,78.68033762124253
207124,27.85969086589919,78.58094502446686
207125,27.688275212297363,78.64585864387091
207241,27.702213946017224,78.75260116142584
207242,27.72531343989495,78.88663598046008
207243,27.66517437578846,79.025421380677
207244,27.568555718587312,79.16540275946262
207245,27.80035956530235,78.84284559851622
207246,27.63233343199171,78.85785434695957
207247,27.466792925286594,79.16620972486506
207248,27.536557488924593,78.94091059148418
207249,27.49641425595404,79.02128425004922
207250,27.371108775457706,79.21388131546288
207301,27.452694056717757,78.46359520913093
207302,27.473227975988973,78.32048786629433
207401,27.741561118129205,78.5527664569287
207402,27.88455185793571,78.8324874021371
207403,27.923040763364867,78.68919514567827
208001,26.4710201670602,80.34642941420864
208002,26.493143220272795,80.31087617042292
208003,26.45856219378578,80.33113612156642
208004,26.445017301490473,80.36673503347994
208005,26.47079960448069,80.29985401774321
208006,26.450513739463833,80.30906015163728
208007,26.39997911267189,80.4034239704002
208008,26.407305340562285,80.41664051343116
208009,26.467481574803706,80.26947447216288
208010,26.419677117371872,80.41786527583643
208011,26.41045506828572,80.33728549223802
208012,26.464529604222164,80.31317933727654
208013,26.419851185691986,80.35434907770582
208014,26.439303246665975,80.31837387811943
208015,26.407111852779686,80.37344277127123
208016,26.511582434042023,80.23324513172247
208017,26.528834227956878,80.27876981020248
208019,26.480697922037514,80.27299342472215
208020,26.472382430505018,80.22732496752076
208021,26.369327477871504,80.35266720527476
208022,26.44527584826605,80.27047606870765
208023,26.440821810819237,80.3372214885307
208024,26.497216545307516,80.2721334031925
208025,26.481771638108,80.28942690739498
208026,26.508189778003075,80.26244491312849
208027,26.424103516682987,80.29571948003033
209101,26.430300929483195,80.0257465416192
209111,26.227485302166507,79.8401934593571
209112,26.16098410461988,79.81336346298342
209115,26.290156604554014,79.68561201894455
209121,26.313933540031215,80.09147877997904
209125,26.400672867891032,79.60980085057827
209202,26.81283147276496,79.99708279141417
209203,26.64615561732897,80.19696919183517
209204,26.607048871753957,80.0088705568547
209205,26.65747971400155,80.1342861464339
209206,26.11370132828867,80.17075555465667
209208,26.159730325408024,79.9883978237251
209209,26.192980424967345,80.2929124470289
209210,26.725192132373174,80.07982943691954
209214,26.32179285470334,80.25207244815464
209217,26.570406349810465,80.23321687275285
209301,26.40841876933657,79.79349359635681
209302,26.559982506565447,79.76910261551228
209303,26.508145781279076,79.91878809564709
209304,26.399311909480993,80.1706354017616
209305,26.417553619684075,80.2357140752496
209306,26.694986729865175,79.81349633994564
209307,26.49452808614689,80.07841918630653
209308,26.239224075012455,80.1932203331366
209310,26.49482246451564,79.70727616926011
209311,26.352727000042556,80.02672086886449
209312,26.283795767380923,79.88778319923723
209401,26.233649118083193,80.38989314976419
209402,26.284955562423033,80.492626364715
209501,27.433173417301898,79.37134043603116
209502,27.552009159278214,79.34414350936235
209503,27.53512708655777,79.43968666772791
209504,27.461500127511947,79.4501220641202
209505,27.655130155283285,79.20391150254378
209601,27.36038424549012,79.6830507106412
209602,27.32786852503121,79.55992038759693
209621,27.45132048439031,79.66134249359436
209622,27.559839794243533,79.58977053632168
209625,27.41957570407427,79.55317228723635
209651,27.322886425135753,79.45189704111809
209652,27.342933015428624,79.32376354924246
209720,27.107655747442816,79.3979658927732
209721,27.145060882200543,79.48491196714907
209722,27.097515022386645,79.72274866730635
209723,26.9512842272527,79.65216772109481
209724,27.23005668648527,79.65840807335418
209725,27.050683557696942,79.91752014102303
209727,27.04203466494031,79.89614983817583
209728,26.97839155967438,79.51108544728591
209729,27.13119849850505,79.59613551400354
209731,27.035564530391692,79.65937764119144
209732,26.960404153217173,79.79401176425971
209733,27.106557299313533,79.78836317804047
209734,26.910814249771523,79.8785129097105
209735,27.16511576160501,79.71802477152093
209736,26.833444770239023,79.8398896428878
209738,26.859585957631175,79.72949617681552
209739,27.235148113782852,79.54295081353048
209743,27.24525922532826,79.38847679933936
209745,27.498771802284818,79.50297519723408
209747,26.981146221422026,79.40116712027651
209749,27.30358973680926,79.62914021701405
209801,26.589226044668127,80.46786845360388
209821,26.458280872729166,80.92284983071082
209825,26.50304211078331,80.67274339799825
209827,26.42123244273317,80.71116716698783
209831,26.656655452765403,80.60931323988092
209841,26.761370503820814,80.61105409479532
209859,26.584759759017054,80.76908538516078
209860,26.417544175630418,80.54100924469522
209861,26.514800643325035,80.36465382532839
209862,26.48207261591491,80.43675244022077
209863,26.233047172537027,80.65375340152785
209864,26.22246622330912,80.74710943628583
209865,26.35659496442088,80.63957857406837
209866,26.294957485903986,80.82246688488388
209867,26.33084013689729,80.74928526208932
209868,26.88548907550438,80.19578925623308
209869,26.96007137251287,80.16460420002682
209870,26.843398009793745,80.48005647756689
209871,26.73566963612824,80.30017995176505
209881,26.803451242049032,80.66386107131574
210001,25.487982170810934,80.32257385216613
210120,25.382315005096032,80.47757481505332
210121,25.551597640340667,80.67059495477461
210122,25.367350954373613,80.77813524059621
210123,25.73747624982551,80.51641005933077
210125,25.54996853618911,80.91063457197909
210126,25.808914689149454,80.40359228505238
210128,25.63102328310147,80.53687259748219
210129,25.124310043769253,80.47000144717164
210201,25.311525225017245,80.57158945519278
210202,25.14450540904466,80.7404183000359
210203,25.417736022553267,80.64934905711443
210204,25.168637888536168,80.84597142507012
210205,25.213841502212567,80.99724327841976
210206,25.353301029786294,80.95843450041988
210207,25.400430562144656,81.12973954149398
210208,25.037535345651055,81.08679090881942
210209,25.2207488841601,81.3571844607626
210301,25.934304874316997,80.17249258381655
210341,25.76807149625403,80.05816140556514
210421,25.409471279963416,79.79656774792544
210422,25.81335640694202,79.5884498896391
210423,25.195282072332528,79.51758494212565
210424,25.42770709746155,80.00190500321787
210425,25.5467390944196,79.88219763805878
210426,25.308441011570935,79.65018394609477
210427,25.29536280456488,79.88540408288806
210428,25.62294391648415,79.43126623699094
210429,25.38374813372934,79.43398010348086
210430,25.72313898066604,79.49374800734283
210431,25.556588824445758,79.62392146695527
210432,25.80587145988872,79.76076044715137
210433,25.167748651518913,79.76661912055614
210501,25.80043180231919,79.94071950409241
210502,25.830801829308367,80.17146615569062
210504,25.54637321500594,80.09373286295772
210505,25.998472336915118,79.99457580908918
210506,25.652900382685253,79.84328914703819
210507,25.681450948241583,80.13827641354578
211001,25.455351846048934,81.82552840468698
211002,25.46601544150407,81.85260081558526
211003,25.43061720229905,81.84195557123535
211004,25.487387585829392,81.8738942652825
211005,25.437048314628306,81.87232519170495
211006,25.443861613771386,81.87449273237357
211007,25.397478620430896,81.82757789873422
211008,25.38882010096655,81.87340550753362
211010,25.353548106373857,81.89712774967204
211011,25.475163632688492,81.78758795251312
211012,25.391802820466697,81.73841799310382
211013,25.54101148605761,81.87480473012415
211014,25.474454027906845,81.81881042437001
211015,25.426906096825263,81.77687948583402
211016,25.424076124312524,81.81439891119247
211017,25.453413266222263,81.82142620072061
211018,25.458122885936113,81.84218024562185
211019,25.392729812027106,81.95202875758177
211020,25.43649862124858,81.87262195611609
211021,25.53703854488315,81.85359183614958
211022,25.55801488179302,81.8783364336517
212104,25.087161655850515,82.24248342200279
212105,25.382624981664083,81.84916639957383
212106,25.17523711210168,81.78184983706228
212107,25.28233663626182,81.70093663311187
212108,25.18800123803346,81.6126788014102
212109,25.61408437928456,81.98270246493075
212110,25.048210855621413,81.84253583935246
212111,25.334345691960504,81.8371855702743
212201,25.567615362042645,81.49756920326861
212202,25.421135792915877,81.61438065822317
212203,25.496561632515974,81.55192335385027
212204,25.656432367751442,81.39917049952582
212205,25.74236301793193,81.33405496091505
212206,25.454283888603687,81.41191231383714
212207,25.502713391086957,81.31574837906687
212208,25.471953882099516,81.68467215341379
212212,25.47595410991633,81.6708972793185
212213,25.522651328958222,81.61703734213002
212214,25.387610359392514,81.29827730773638
212216,25.357800614617286,81.48421863200264
212217,25.62427310159265,81.28629601491615
212218,25.34575183906049,81.582347163018
212301,25.230371566265074,81.92023082707314
212302,25.109138233114685,82.09473640639392
212303,25.193190439840574,82.14566472141738
212305,25.268191930484818,82.14866814399934
212306,24.9404754605862,82.08113932769241
212307,25.271331277301964,82.02785114064274
212308,25.120041104920872,81.94931603806796
212401,25.522005643538947,82.27839404329019
212402,25.57057229646491,82.11056558982018
212404,25.50391257283096,82.04912454201202
212405,25.57333252527124,82.19254939499642
212502,25.61401858470279,81.86195649613701
212503,25.654525930251,81.7641037560064
212507,25.702014254896795,81.90844853108462
212601,25.92692938644247,80.79073442148825
212620,25.75695380111059,80.88698913263423
212621,25.76804786999285,80.75384298439972
212622,25.815120376470613,81.00701881371354
212631,25.977359499489857,80.32600870702589
212635,25.991497336270076,80.57959435130235
212641,25.526878622839913,81.20898344420428
212645,25.88609710925698,80.9198347866907
212650,25.94298458468165,81.06901750375462
212651,25.992408360318308,80.94958183430988
212652,25.90084058763323,81.14922605547824
212653,25.818830323038604,81.24141196392883
212654,26.020448631372027,81.00311550140208
212655,25.736387303109577,81.12690089504932
212656,25.578219208884473,81.13045415482922
212657,26.018059252884754,80.47698304332849
212658,25.646644143904343,81.01258200239849
212659,26.084812099588294,80.37717573863539
212661,25.823101984609796,80.55563678980262
212663,25.810495024129093,80.63463664992165
212664,26.020967099738616,80.70106949577462
212665,26.141622396376423,80.58639381930834
221001,25.3203347161256,83.01888888583889
221002,25.344460318226268,82.98459736083683
221003,25.367203125817277,82.94572717697332
221004,25.28400295874862,82.96082346401482
221005,25.275517359210852,82.99283112107929
221006,25.448959307952574,82.85681525997441
221007,25.37360915941602,83.01158907021085
221008,25.28029165487357,83.03820886999893
221009,25.2878727893908,83.06957204675594
221010,25.305032447663034,82.98892799570268
221011,25.23348521166513,82.96793874390292
221012,25.315065555801652,83.03433359542092
221101,25.484064900730264,83.01488812489748
221103,25.30458385861448,82.96688374015834
221104,25.40901483903078,83.10766830834666
221105,25.396490538155494,82.90074264286397
221106,25.286362809986713,82.9604585760545
221107,25.322224594838843,82.91695459867232
221108,25.281839122755212,82.93751274664109
221109,25.21693237886432,82.8224174959371
221110,25.250601395776698,83.06733372014723
221111,25.54231802483957,82.99962779361367
221112,25.365581644923523,83.05904049944935
221115,25.480934679107037,83.18196357364073
221116,25.490464485788806,83.12881475132814
221201,25.421827065659237,82.73191103927367
221202,25.452184066974773,82.91854617481135
221204,25.416405731601618,82.81061371903843
221206,25.50261967443255,82.82616952507311
221207,25.508511214939343,82.75054540913796
221208,25.527315957842422,82.913044383183
221301,25.29180171476218,82.55200514510564
221302,25.294165913366182,82.87817641619314
221303,25.27316887219324,82.44530038166403
221304,25.352744193731578,82.44390440616691
221305,25.201782005215907,82.84795660215487
221306,25.243572027819486,82.52324875247146
221307,25.28807638742443,82.78245673457036
221308,25.35513792256808,82.34125855173104
221309,25.2434249164334,82.25983271615765
221310,25.288116704972552,82.36262023968385
221311,25.25182894763604,82.86123889900094
221313,25.272779744413608,82.70747205456374
221314,25.275403620608635,82.62664972919677
221401,25.379240331723793,82.55310547329668
221402,25.351821643424906,82.64559416079058
221403,25.343156082171305,82.73758722148975
221404,25.461549356986954,82.39197389076115
221405,25.349402703034194,82.84163830722117
221406,25.413599690253566,82.49851967969224
221409,25.41825154657864,82.60082780526712
221502,25.350507256343278,82.27590913934019
221503,25.394040607298496,82.21361346580736
221505,25.41518130636098,82.0309447998793
221507,25.489700387608373,81.98700297343761
221508,25.40011769755923,82.12824209662666
221601,26.220123641748597,83.72795460476111
221602,26.119900162878483,83.75211594953045
221603,26.14688014702028,83.67147828172807
221701,25.822576380719894,83.96904282264212
221705,25.94927204670489,83.6485186874428
221706,25.92389393250742,83.72840520409896
221709,25.951182011562256,83.95229310963644
221711,25.97258574491126,83.86517028136987
221712,25.854273125114002,83.85385766868986
221713,25.741066112308232,83.97602727377533
221715,26.108612909043217,83.87016531909401
221716,26.043745338791023,83.72685347528454
221717,26.05694101376565,83.96812623248437
221718,26.04594895264203,83.802150749528
222001,25.7662115799486,82.68633216464285
222002,25.74197831942133,82.684763518445
222003,25.83520141244343,82.70505308919152
222004,25.842280719777783,82.62253207140702
222105,25.67430303311626,82.63954409677402
222109,25.83136446545897,82.55850863608839
222125,25.914954836670027,82.45180128086565
222126,25.877630510210604,82.34125943464092
222127,25.626429826665845,82.48392729049573
222128,25.49780094673256,82.68104532062073
222129,25.5830901855766,83.00284237120722
222131,25.760060520812388,82.51444036694183
222132,25.741985138035172,82.59760311796607
222133,25.761937451352647,82.81001815727801
222135,25.68678189533609,82.49903728998464
222136,25.596061938302213,82.74549113398423
222137,25.531465210300055,82.58782097253273
222138,25.70917265848818,82.67457022418385
222139,25.938531458705288,82.67916671707734
222141,25.821267514202884,82.47148198605426
222142,25.677217621607475,82.91109679631737
222143,25.64193004296322,82.36814862911812
222144,25.747861834539172,82.42263736523802
222145,25.82524214535396,82.32748324266265
222146,25.60945498271011,82.83335541791382
222148,25.6736262093167,83.0127953050024
222149,25.63614738245105,83.01337202619405
222161,25.609049949589643,82.61056013348042
222162,25.541006372704523,82.48886753346855
222165,25.55524215509582,82.39754695532196
222170,25.696450541473453,82.82802575986246
222175,25.95470046117672,82.39396676900982
222180,25.6862580048326,82.72458217179339
222181,25.594023251690412,82.91661940136683
222201,25.7739684022614,82.26518031437716
222202,25.690168568850126,82.25180113456142
222203,25.47489407881554,82.56326332076218
222204,25.617582862096032,82.26152071300837
222205,25.43579318851875,82.65520734644298
222301,26.041580518958195,82.36323903236922
222302,26.13239862620929,82.23712380813203
222303,26.081959247328474,82.31635701857289
223101,26.029472423559124,82.69065584997746
223102,26.04919051329452,82.52081432566618
223103,26.073743779710252,82.66662971754397
223104,25.95408660658657,82.55834437769661
223105,26.102132481116435,82.59244852767746
223221,26.188085189883513,82.9308853235877
223222,26.0902727345574,82.77677538314641
223223,26.347684050101833,82.91127737477372
223224,25.982116540308688,82.78523471921082
223225,26.145570256442745,82.81824998278502
223226,26.012499541835226,82.83741312238327
223227,26.019807278199544,83.00795850588396
224001,26.761556621904877,82.10994520502624
224116,26.80991525955917,81.77132622661676
224117,26.732306449084007,81.63139230535938
224118,26.648950850735694,81.69318626540816
224119,26.836448386658834,81.67890016990265
224120,26.734650366162096,81.79406212422253
224121,26.662409351314444,81.82140706435409
224122,26.37792811136747,82.518577791103
224123,26.791552411023122,82.19899002451665
224125,26.26012874179359,82.83778190803346
224126,26.76843072508497,81.8840645677693
224127,26.685152758058628,82.04247212234064
224129,26.47381199762194,82.76825674461676
224132,26.47602249353156,82.30452070752708
224133,26.738892030171556,82.16381440918556
224135,26.735325283045203,82.21607234288732
224137,26.362748012149506,83.0177103148122
224139,26.343492554980838,82.83358070617841
224141,26.569824056214014,82.3743554120123
224143,26.526088158866866,82.82099335965206
224145,26.596245686891773,82.5364963035035
224146,26.356265367019486,82.5970034920873
224147,26.423796809070634,82.99770859660498
224149,26.285075934775488,82.75754439987648
224151,26.512003357774436,82.4781366763466
224152,26.479320009241594,82.38877844306371
224153,26.585005613135674,81.76488965434214
224155,26.40887652002765,82.74886866988669
224157,26.537779574155103,82.42393081688111
224158,26.665038639777325,81.95416833182608
224159,26.282375870435285,82.63190267374254
224161,26.64471059496661,82.33947747356046
224164,26.57514340599681,81.88925189727972
224168,26.401987475841548,82.46260702444535
224171,26.704440465987542,82.29472618570792
224172,26.649204561003618,82.25871383743427
224176,26.33826008356514,83.08175289015833
224181,26.460866487859715,82.9060568230409
224182,26.76917578723683,82.01651551667351
224183,26.29988190879104,82.81676759483376
224186,26.397751350508152,82.64797078593986
224188,26.73551728421142,82.00572573582
224189,26.727439657638037,81.94049538636239
224190,26.52510883359282,82.67805215048048
224195,26.572632450008065,82.28437025073622
224201,26.690953611041408,82.15441735032076
224202,26.654395255636583,82.12307107718367
224203,26.578051855291495,82.220235867098
224204,26.604513158423053,82.13267528156916
224205,26.460420181449198,82.2388816324557
224206,26.531055785173464,82.16466644816752
224207,26.53437960469539,82.09078304277828
224208,26.549378236674404,82.01783300616925
224209,26.47781467400399,82.13313024353725
224210,26.44593538507352,82.67234602708186
224225,26.55754422099879,81.96267041961642
224227,26.493570237768218,82.6164065002043
224228,26.628711165241043,81.93671111069945
224229,26.533535372538942,81.83419257532843
224230,26.5328760934045,82.55564591747054
224231,26.411487174449917,82.3620643233903
224232,26.582075020488137,82.61760454945966
224234,26.61667135145222,82.46604935798747
224235,26.376671996256285,82.56157443250692
224238,26.596828641693946,82.59278927196897
224239,26.474883937953475,82.8463915977896
224284,26.62979859243227,82.05411728205783
225001,26.88438107623659,81.14917259608073
225003,26.91057727023249,81.1444568347547
225119,26.733778684653206,81.3058567209482
225120,26.752405821205635,81.32559558995155
225121,26.846178476300608,81.2448666775927
225122,26.859742686845017,81.19309214764554
225123,26.951247792125656,81.19213054402205
225124,26.604540959259207,81.37837153180124
225125,26.63181313788466,81.52040305988845
225126,26.65199359284131,81.296198100967
225201,27.150912707011273,81.40254622240401
225202,27.0623200021751,81.34937423343972
225203,26.99635561349821,81.24477843146404
225204,26.978572647842185,81.31592659751468
225205,27.109423127803964,81.35960435056107
225206,26.990962809381855,81.37490958249097
225207,27.020447929482376,81.48729635382483
225208,27.065108739115864,81.30828172547965
225301,27.009379021870945,81.08453650715103
225302,27.07460775564065,81.06432363386969
225303,27.209009782753387,81.27415006537348
225304,27.198166717264364,81.33668390047275
225305,27.18907486885239,81.20825193667682
225306,27.230927192355058,81.16658595660297
225401,26.846023314459963,81.641676643441
225403,26.866985662216845,81.60476785572153
225404,26.88878212254509,81.5397220002345
225405,26.8554903976777,81.46499374667424
225409,26.735256812256303,81.53041094747655
225412,26.92225028054692,81.36937397753033
225413,26.76072679570358,81.38015866459119
225414,26.83531081434675,81.32820987804035
225415,26.952730163520375,81.58579665694086
225416,26.676755705411882,81.43212838582878
226001,26.846784158124258,80.94836122527309
226002,26.776972461922544,80.968757456992
226003,26.876093571952513,80.88095484194491
226004,26.83940064048113,80.9095544280566
226005,26.814876599136404,80.9097105603073
226006,26.873927752596277,80.95881056366653
226007,26.865662212457195,80.94100985547915
226008,26.775324271211257,80.81255847666988
226009,26.76447612556736,80.89104659276951
226010,26.84776050531014,81.00447546538423
226011,26.816093340785432,80.87644121227424
226012,26.785692215661843,80.90876054250424
226013,26.918356715357188,80.8999680056137
226014,26.75027119381317,80.93248046889343
226015,26.911635284601346,81.00610966607913
226016,26.885122281049455,80.99075121144001
226017,26.840443266201092,80.86477276891353
226018,26.85330234027599,80.92489664704289
226019,26.91268535029517,81.06197127617621
226020,26.886065280256442,80.92692950124298
226021,26.918044180983916,80.94562832631405
226022,26.900211834655735,80.96805658154176
226023,26.788053428203508,80.87789079371902
226024,26.893351243059428,80.94348933363851
226025,26.763562701751315,80.93049525500568
226026,26.95591948031215,80.99871020002784
226027,26.84057303557829,80.9462017199189
226028,26.875057727404553,81.05482566695542
226029,26.760862727811617,80.96140030345613
226030,26.787231864760304,81.0027811492982
226031,26.939766651221568,80.94320952991872
226101,26.86472983459216,80.7794190474764
226102,26.923088546164404,80.71916519879532
226103,26.98748566470237,80.60417239415098
226104,27.026485022090007,80.75264283922566
226201,26.978461464831977,80.91974828658512
226202,27.004982935914672,80.87358517633551
226203,27.084191250100666,80.93123148024077
226301,26.666956050089986,80.96892404634013
226302,26.566820773840693,81.0409199484855
226303,26.646324965744395,81.15746999630616
226401,26.7005528340777,80.79051064953605
226501,26.753317403079706,81.14546876503731
227304,26.107231905897606,82.14885775799404
227405,26.134471652100867,81.77783327024576
227406,26.10801083696417,81.95132569465389
227407,26.082489179435584,81.81127353303728
227408,26.234514238544186,81.92444462346114
227409,26.217562638014382,81.67243344196052
227411,26.26424328395152,81.78470388434683
227412,26.21483521956113,81.82078566966459
227413,26.141330024871166,81.89290798632835
227801,26.352418017174678,81.65661972159442
227805,26.331655353688294,81.8940420541175
227806,26.46058396177329,81.86152355276602
227807,26.350464142031143,81.76134934164294
227808,26.279535323033137,82.00153938811071
227809,26.426034026064464,81.60768634859164
227811,26.578050836691784,81.57323850179833
227812,26.398962741312346,81.93444545420154
227813,26.394412575317467,81.81390988560524
227814,26.478693074464612,81.95079736192744
227815,26.494580498794658,81.75531308395942
227816,26.511913428451674,81.67492213037535
227817,26.482155026142912,81.56280233641135
228001,26.237628257760413,82.0927249226152
228118,26.294209360854744,82.09061591301953
228119,26.275896920972727,82.17221388159058
228120,26.248793375529928,82.23944093272786
228121,26.428878167547175,82.02389918373531
228125,26.3435503354834,82.11728042150447
228131,26.276967359784344,82.44936266780381
228132,26.249204407787794,82.32029108300353
228133,26.208246742571323,82.23107551698834
228141,26.303582680482286,82.2828834580848
228142,26.35717164894904,82.28892679734204
228145,26.183192436074254,82.40116567832828
228151,26.40105454077703,82.14655177898325
228155,26.346199595829688,82.0000745888115
228159,26.1313258108548,82.03535124090341
228161,26.07651208988554,82.44276635117616
228171,26.197517680129824,82.55236435181021
228172,26.198127367642012,82.64936731403894
229001,26.241475002138795,81.23737448388904
229010,26.231130028840855,81.30624253252013
229103,26.465376519710258,81.28409978892093
229120,26.18495516997688,81.00856740322816
229121,26.180914363141444,81.05013526989423
229122,26.290792341039104,81.01955531828366
229123,26.39905094251306,81.20539018843363
229124,25.997892631721037,81.53829372251793
229125,26.14216932543298,81.15237774007821
229126,26.451496090849975,81.38675833227946
229127,26.001132881141086,81.43973615230603
229128,26.097109031524962,81.34812170334004
229129,26.08826728940122,81.51237718726843
229130,26.24932469617781,81.08814086824991
229135,26.5217301878936,81.42855559172624
229201,26.168783459199382,80.87614258343937
229202,26.128335342492832,80.74617965115101
229203,26.1040510515076,81.00377939740883
229204,26.01560127043138,81.17615629774495
229205,26.285235709768386,80.94322145424601
229206,26.167229120902075,80.95805607366246
229207,26.055449395915325,81.07704014528275
229208,26.200160780634825,80.92339173059267
229209,26.343517554757213,80.9287939826705
229210,26.33316941688713,80.87437557490351
229211,26.234280311950435,80.87329283982422
229212,26.16342006007904,80.81564855247467
229215,26.110801787973177,80.8458152263505
229216,26.06905447638521,80.87162027822116
229301,26.456662265575744,81.09337162896212
229302,26.254657149177877,81.40636703832553
229303,26.346208295230696,81.1435789204662
229304,26.29175129797051,81.5067248065513
229305,26.21436055641082,81.57550993645503
229306,26.362017806452904,81.32241323436936
229307,26.18947884733582,81.50429956878355
229308,26.5422432392596,81.23998113462241
229309,26.395150969141113,81.4827673160123
229310,26.149751069529245,81.39880100275128
229311,26.5353735367598,81.13654940414979
229316,26.277822282400592,81.25923685494061
229401,25.99975420955879,81.30257462737447
229402,26.079096820091763,81.26280727901319
229404,25.91095717262808,81.31922440217392
229405,26.177619494423993,81.26397972207663
229406,25.896244954092175,81.32371374374355
229408,25.823684825646414,81.38807141684143
229410,25.955172462270212,81.55477787934643
229411,25.59426658712575,81.67823238724058
229412,25.549495061655144,81.74032694401399
229413,25.64527045562142,81.61394508137748
229801,26.51818473641173,81.49421125402107
229802,26.527976694581053,81.36978711589533
230001,25.919390881738373,81.99894547025937
230002,25.89411930372077,81.938906349913
230121,25.99053079268907,82.3698551963612
230124,25.943038161363095,82.31074661713957
230125,26.11503351255334,81.60368057985318
230126,25.88958856404751,81.72715276004652
230127,25.882557251740504,82.05185022449025
230128,25.817902708886162,81.68812061202007
230129,25.781367394081236,81.74669923246277
230130,25.89525086336999,81.75978894257635
230131,25.86856757218051,81.96729139421461
230132,25.92531602933052,81.65136446535811
230133,25.8526612342699,82.23177794457872
230134,25.86864793082954,82.15673202113965
230135,25.93409983040828,82.21955516291396
230136,25.958341502456783,81.75740633792162
230137,25.95414390113296,81.85219117823603
230138,26.012172026285,82.28230189247475
230139,26.040722901002216,81.64021671664685
230141,25.860724305435397,81.47766153598991
230142,25.92838086385978,82.10447639836886
230143,25.855106365096265,81.5576819864277
230144,25.895255481773315,81.8384821352377
230201,25.671585898862638,81.61401387853365
230202,25.747961561744418,81.43346638237963
230204,25.7452214673776,81.5407731877601
230301,25.74301896301828,82.1117871555201
230302,25.833356698429842,82.12111943391936
230304,25.8050109516135,82.02959043054764
230306,25.703963469651317,82.14350823808125
230401,26.03104421248917,82.02982918285755
230402,25.79553419354158,81.84342901098819
230403,25.964637186630714,82.03762373965465
230404,25.776754717767236,81.93815743711828
230405,26.01013271797131,82.13691206366634
230501,26.046400831614093,81.91883601878605
230502,25.96784979484168,81.9393095894112
230503,26.0195378739473,81.81124461053884
231001,25.144357812222136,82.56931366192563
231205,24.554772139815917,82.92095529455628
231206,24.53509740393402,83.11914311011138
231207,24.39403938810355,83.1037063226102
231208,24.13288175136054,83.12522478342565
231209,24.60033208845193,83.07385148489236
231210,24.786677873408486,82.7309967551204
231211,24.8556548325083,82.35469738068652
231212,24.090964907426354,83.22099693655647
231213,24.636337139940725,83.34771097915271
231215,24.695948347039348,82.9075666488926
231216,24.74965079443107,83.05128129987273
231217,24.267729309011507,83.05363425457328
231218,24.139234002194566,82.86135507192681
231219,24.42695797621942,82.89050886454986
231220,24.146836769968576,82.77383522177055
231221,24.17872242309743,83.05738324894553
231222,24.108619580350393,82.75014329173088
231223,23.982284377386637,82.92433826465036
231224,24.175779027678285,82.76270479260822
231225,24.274349394829077,82.86808178356266
231226,24.37878387443613,83.32774637470467
231301,24.99386027722074,83.0169263493708
231302,25.121610512102958,83.08172984550801
231303,25.15138314862541,82.3741203993255
231304,25.043311957961933,82.82627971234518
231305,25.175116390213613,83.01444710971046
231306,25.151124456706174,82.80346358502658
231307,25.114943650096123,82.56140612381076
231309,24.910081096608938,82.55183278303952
231311,25.090617792183753,82.89026648791504
231312,25.194674163455957,82.53182144990268
231313,25.219865789430568,82.2864229119482
231314,25.228063902907046,82.78665689904254
231501,25.204587737320495,82.68467466769154
232101,25.27002888206866,83.12280051919036
232102,25.17589040443196,83.19427117339185
232103,25.019940786198365,83.20942351469523
232104,25.236003804137678,83.2779659851658
232105,25.448165165089325,83.36051247966095
232106,25.377661135079318,83.42716232989575
232107,25.473917792971612,83.24533892343737
232108,25.353654450245475,83.31102617817484
232109,25.385185146941158,83.2290103353336
232110,25.281575889058036,83.4173665845556
232111,24.84311336675921,83.22420808525108
232114,25.419412924333475,83.21504440328593
232118,25.105275420221847,83.30203965253314
232120,25.305232353628163,83.20009739466748
232325,25.497143599166044,83.85121137861934
232326,25.415563678926254,83.65058710411304
232327,25.469730938037472,83.80803595514276
232328,25.534813382330128,83.72333149926664
232329,25.4365476380698,83.59408211868991
232330,25.42442277142681,83.71253716123167
232331,25.35734403313711,83.5637028715186
232332,25.576144333120943,83.64311545159012
232333,25.449352511176908,83.74615450623149
232336,25.517315142804556,83.60497776670086
232339,25.48587832856076,83.75868085093367
232340,25.48887399311102,83.55747367071258
232341,25.543216526463553,83.63986351541564
233001,25.576368277535273,83.57004577646977
233002,25.58543780011029,83.53846638171026
233221,25.599102256726557,83.13381995302248
233222,25.731968003054593,83.73060551181389
233223,25.546328701453174,83.11286884720603
233224,25.48792304758415,83.45698795918136
233225,25.733441510975716,83.86488375418416
233226,25.795012549275164,83.56618505253162
233227,25.632248516943132,83.7454190673739
233228,25.737998477307897,83.929410236376
233229,25.74569196615724,83.81178240427693
233230,25.79638634816141,83.70686665901388
233231,25.57468119507077,83.88475632361441
233232,25.43509833875192,83.50713731663176
233233,25.665483193607983,83.88565482895635
233234,25.569604682748434,83.80240174059647
233300,25.713732658070256,83.52649939754706
233301,25.684873039594514,83.79437527444992
233302,25.533930631688758,83.42582334066734
233303,25.670351944637545,83.6491353396454
233304,25.578990994143968,83.26581572767462
233305,25.652423651080337,83.5363243190812
233306,25.53813227423396,83.33934231962563
233307,25.63083825843238,83.19304365982532
233310,25.670512050391654,83.4525142437856
233311,25.599366328687136,83.41176510660088
241001,27.376495481487005,80.10528553375727
241121,27.327772054503622,80.27399076321655
241122,27.227746761259368,80.2638275388969
241123,27.553049091343315,79.79063945066923
241124,27.642192109189587,79.95752621597724
241125,27.54243062195343,80.04271437713578
241126,27.172586933639078,80.3632971504429
241127,27.08633741076653,80.45122332114062
241201,26.98887659377461,80.40338521556045
241202,27.148791910899302,80.74038311777244
241203,27.15626203603121,80.59512575771524
241204,27.112014140011873,80.5177847739898
241301,27.17740862861929,80.04663192088861
241302,27.124808530561687,80.1386956154955
241303,27.015033668942994,80.14231767596019
241304,27.30865408943165,80.4598715902028
241305,27.063407013602696,80.31756585411313
241401,27.41621261260143,79.88129300857028
241402,27.301288993749974,79.79979842158296
241403,27.254956374686735,79.94458947340802
241404,27.491217004346332,80.29566319831228
241405,27.530071575662387,80.16879572306881
241406,27.637827771412212,80.17412455754166
241407,27.70918969234899,80.20600979382151
242001,27.954601600758444,79.93660811382419
242021,28.292863284617454,78.4199608726952
242042,28.269204541400306,80.06815195657455
242127,27.744528785350635,79.4317015779939
242220,27.548006063807453,79.69267549003708
242221,27.712481504105504,79.60914435826344
242223,27.78332137011443,79.78620686950406
242226,27.84464313773793,79.87474073245578
242301,27.937259740276236,79.6590590244149
242303,27.965401332060043,79.5314407534296
242305,28.144880468184592,79.71090256095519
242306,27.842258738183784,80.01908919657828
242307,27.965235105250965,79.77891145276746
242401,28.07580417727761,80.0903708805242
242405,28.228189166641904,80.24989794189703
242406,27.76145301225596,79.90791901658775
242407,28.10045018584421,79.88006755352866
243001,28.33515510052396,79.42341049153512
243002,28.415003924410346,79.4425891966555
243003,28.365097124204397,79.40538094230469
243004,28.271717099246075,79.41056871580217
243005,28.362513444099378,79.43402706910705
243006,28.372026918192056,79.4719456376383
243122,28.428746073579866,79.49093360912376
243123,28.32891414805625,79.52065743714833
243126,28.330461719691204,79.60957324642358
243201,28.77923753632148,79.51551178827773
243202,28.519610501453325,79.43766659578134
243203,28.638697500512418,79.48620444263318
243301,28.26152087765228,79.15784924692382
243302,28.332705095374116,79.25349144756083
243303,28.41526234720332,79.10647070111258
243401,28.22199388459298,79.28968664927
243402,28.215229870863578,79.37115490570203
243403,28.23605403054767,79.2439559612957
243407,28.539399770273686,79.55685581392251
243501,28.45380368991931,79.28907912838463
243502,28.41472584274925,79.35475081970795
243503,28.236826450874705,79.60210740643537
243504,28.51073653488402,79.20151299929894
243505,28.622008415446246,79.32705112810868
243506,28.117439695252436,79.59538117023921
243601,27.95789189758464,79.09340833441756
243630,28.11506773298848,79.4017959996752
243631,27.859670160903615,79.29955841618498
243632,28.423500374596472,78.91515091705648
243633,28.169516397822576,78.8881897144454
243634,28.116738338392167,79.24532325597944
243635,27.983439973360298,79.37086806004928
243636,27.930202438465372,78.9344249030632
243637,27.901165278811284,79.20017923080555
243638,28.07436592763881,78.74230798997935
243639,28.007580435412535,79.01169210653748
243641,27.784155671387293,79.24587949353655
243720,28.31296935520235,78.94800867791753
243722,28.19291020158046,78.50426194398737
243723,28.249263464507557,78.72842928523556
243724,28.306068359505748,78.81192765531323
243725,28.270342734700613,79.04614376622754
243726,28.18434731122029,79.0705898096946
243727,28.371717761386556,78.3740397782052
243751,28.329674699436517,78.44168400381929
244001,28.784638245383533,78.80006386530384
244102,28.809226198345797,78.64036228142841
244103,28.831703541458864,78.72848591918533
244104,28.808545461689622,78.89778106668865
244105,28.88170446539135,78.73376622873708
244221,28.912735536204025,78.5389407315038
244222,28.8086844642084,78.46150447289021
244223,28.823017618207594,78.2301521695674
244225,28.917037341098318,78.18282196568913
244231,28.984344582768223,78.23018647024952
244235,28.815674956663862,78.21136537546671
244236,28.853343756548718,78.36030794870015
244241,28.72169872467653,78.26777463293861
244242,28.658875997014597,78.39258026014261
244245,28.886711469257325,78.47505505671204
244251,28.98769804339819,78.419414161144
244255,28.501593994819274,78.31580477724046
244301,28.646830755961396,78.66644273437062
244302,28.595838783577822,78.52847842752517
244303,28.525426523824933,78.5280356778933
244304,28.7115269132677,78.54935414100139
244401,29.050825191202023,78.75966595065428
244402,28.950631882180307,78.82103945047332
244410,28.390812795821244,78.58411924773264
244411,28.588632558205802,78.83586440800332
244412,28.448976366378528,78.77252932953844
244413,28.6864664946952,78.80346950565145
244414,28.4992325402075,78.67945661137738
244415,28.626350311024332,78.7769290386299
244501,29.03606169237381,78.6177163370763
244504,28.96948662644584,78.69515319516732
244601,29.11810028131832,78.86225053374704
244602,29.184304431489124,78.71589270192776
244701,28.635090734015233,79.14123799226938
244712,29.310411779738416,78.85635805685352
244713,29.21848318305493,78.97758774638956
244715,29.430182144159502,79.08418269263473
244716,29.298310839005772,79.02778336799452
244717,29.290073986738037,78.76888561811954
244720,29.16387305950064,79.07903539374921
244901,28.757150225434202,79.04126513571029
244921,28.875463694096858,79.21600195482796
244922,28.535488882208938,78.9868612827641
244923,28.912760091562767,79.34955987096886
244924,29.06586359983011,79.07373991204226
244925,28.9653859763709,78.96677002526634
244926,28.782439987456385,79.02792460022079
244927,28.868217253505737,79.00114744805146
244928,28.807240559850133,79.18618627959542
245101,28.7003570615409,77.77672869502634
245201,28.708535348208038,77.8771026444479
245205,28.792754711902784,78.07828508039248
245206,28.8368048461514,77.7321152415937
245207,28.76577750310853,77.9671518166411
245208,28.68290410641925,78.14400046307168
245301,28.618788115321493,77.67258184020513
245304,28.72090903726102,77.64515704486708
246001,30.149179795274467,78.77923285905572
246113,30.04256163596519,78.74436500718832
246121,29.974447138270758,78.39848020338718
246123,30.13639885661644,78.98553570016941
246124,29.879242045409555,78.60670757969145
246125,30.208042226749797,78.69161400038149
246127,29.81593071111887,78.54189679412485
246128,29.935185598653657,78.61008563750065
246129,29.856107390544604,78.79302661587046
246130,30.10660821930522,79.0618843369904
246131,29.94214122156673,78.81400253621406
246141,30.485572812824223,78.90729746593814
246142,29.57527569994765,78.7923209707049
246144,29.891372019025923,78.50626288074713
246146,30.057972400429968,78.68387735135879
246147,30.185697510205227,78.85440277854406
246148,30.133560390281684,78.6824078621212
246149,29.84106979453628,78.39473087992955
246150,29.75711619554055,78.50298129804614
246155,29.756136006697883,78.67943430845683
246159,30.107749999738445,78.71089134488939
246161,29.643970633003608,79.00272096529358
246162,29.998744097698683,78.89564101754468
246163,29.996517519537576,78.74678365669017
246164,30.099721263242227,78.8720139971289
246165,30.076048322020235,78.81451625674184
246166,30.08380043032614,78.76779519195439
246167,29.998860035609514,78.82140205765236
246169,29.930981937513515,78.93111276565556
246171,30.2581377769363,79.00317059288138
246172,29.91632682216845,78.76140903129867
246173,30.02122450110563,78.53674067195617
246174,30.225461686754027,78.85373186684919
246175,30.021345048456425,78.67232489183277
246176,30.04081232509857,78.80445702601567
246177,29.86679457675538,78.97610043291034
246178,30.23188334939884,78.82329112574855
246179,29.73345598021812,78.87836753346328
246193,29.864192697710916,78.68568989186544
246194,30.171583893797497,78.66657986536771
246275,29.935030182943404,79.04631525244164
246276,29.82813613620777,79.03727308816944
246277,29.757054805433192,79.02415714079189
246278,29.88795578047368,79.06220814860285
246279,29.677359519608817,79.08233315100897
246285,30.013126912529838,79.11160175418539
246401,30.486708329041026,79.30055499005401
246419,30.474197628284795,79.06318022044368
246421,30.411410795559565,79.02162843928566
246422,30.861640592490144,79.45549425020191
246424,30.36322086379455,79.51695910758245
246425,30.424428140038227,79.095638261787
246426,30.433996338603215,79.37634312793861
246427,30.142880092083054,79.69661035198965
246428,30.04328544418424,79.27118976243754
246429,30.275095897239805,79.14039941268416
246431,29.97135141380486,79.31722623834098
246435,30.252559449516326,79.52548507704398
246439,30.523000400662184,79.02612361007705
246440,30.140012697556042,79.22827993005056
246441,30.02298872502983,79.57742906388762
246442,30.35622167747275,79.05739589470923
246443,30.618840394439786,79.51778030467582
246444,30.230652202018483,79.23395547484155
246445,30.75772326337024,79.06360828613703
246446,30.284449235792295,79.2826268273407
246448,30.346158397629203,78.99315524073546
246449,30.304492418592943,79.37589568636376
246453,30.21062307823211,79.36143556086449
246455,30.116080144047597,79.38388090976451
246469,30.61639331244317,79.19877169128195
246471,30.639563904851993,79.0078483550928
246472,30.471559573447873,79.4491219256643
246473,30.37185766294353,79.2058575391028
246474,30.228080424661442,79.25899355555835
246475,30.355879435976032,78.91015483220555
246481,30.114741114142156,79.50992531273401
246482,30.041687830216738,79.50428819556069
246483,30.62119501204102,79.83503918583952
246486,29.98499687729029,79.42004467297068
246487,30.18648504999825,79.16380544460311
246488,30.219425825719796,79.30993519112822
246495,30.325262307150847,79.05843375891946
246701,29.33008251133062,78.13092453174751
246721,29.532420501753727,78.10627874763244
246722,29.404820170216375,78.7506213121433
246723,29.617128910986835,78.13753049216056
246724,29.538857150453197,78.55546217560342
246725,29.145935355879097,78.20605405773655
246726,29.26751642018639,78.28760390197506
246727,29.1030908153617,78.4551052856749
246728,29.34294892070472,78.22890067684376
246729,29.18297921644268,78.29379770874824
246731,29.50751356739231,78.24396984361526
246732,29.637674232427955,78.19509807537972
246733,29.311788653085465,78.37729150091616
246734,29.114332106658964,78.36596714157466
246735,29.158760205543885,78.4975213675733
246736,29.081963563653723,78.18512990356793
246737,29.16330154063593,78.37466787604116
246745,29.121656619698356,78.5904964232074
246746,29.21706629179876,78.60159556309907
246747,29.338037470443474,78.62944131552877
246749,29.700004536026263,78.3079904899276
246761,29.291677165911253,78.5043915440475
246762,29.44852822147809,78.46012967102511
246763,29.623556169262148,78.40665427412372
246764,29.437462485409924,78.32751479512476
247001,29.956998858780118,77.54776326807546
247002,29.982939613943582,77.50572736121467
247120,30.078246922639526,77.62043080817782
247121,30.236219071939512,77.64261566835425
247122,30.356156625533604,77.62614692799455
247129,30.176577907038833,77.78217668671932
247231,30.10717100299591,77.47886569499458
247232,30.01267988221773,77.38632932587312
247340,29.862490769043852,77.34343099695738
247341,29.757349945425855,77.2441525570277
247342,29.926129931893747,77.27629205337598
247343,29.67167312874851,77.32681113062652
247451,29.81931320112821,77.47482075059112
247452,29.713230403295945,77.44492629608182
247453,29.667662065733857,77.54617777826817
247551,29.851521432355664,77.68325646965424
247554,29.69400415646278,77.67817262806611
247656,29.774399481616882,77.88209664157218
247661,29.982327557497328,77.8486727378008
247662,30.094901895033928,77.8444735859503
247663,29.736165095968413,78.04228765046707
247664,29.812434676232716,77.94765985930263
247665,29.797595034732247,77.79739290050027
247666,29.828695186888787,77.89753281055923
247667,29.926428026722764,77.92576288382425
247668,29.866485015014295,77.77908080965442
247669,29.972891394750118,77.69207591591754
247670,29.70606813918611,77.84529798412295
247671,29.701090517889075,78.122906051697
247771,29.271247683631735,77.31138119570313
247772,29.611396256071238,77.4626654160473
247773,29.55264833219083,77.17533686225534
247774,29.404976370460545,77.19257832774223
247775,29.328283895936806,77.2900642765989
247776,29.46661217928099,77.32146782003942
247777,29.570782804723816,77.39131016235673
247778,29.628996817732457,77.23042029655905
248001,30.32237818691028,78.04312889688633
248002,30.26619540277967,77.97878941794326
248003,30.3930211691216,78.02753024456248
248005,30.259502840688185,78.0830167445071
248006,30.33549678268269,77.99813267505739
248007,30.34285753679246,77.93444239732648
248008,30.29637343348889,78.13475949528167
248009,30.39896159497123,78.08211647583342
248011,30.358536854614364,77.87016034158283
248012,30.279168574447382,78.05076884316202
248013,30.39816749550009,78.14479834784
248014,30.288754201659767,78.08096248522693
248015,30.357286288884215,77.91728717500537
248016,30.201433506647,78.18303751749451
248018,30.302413188752823,77.97340143001382
248019,30.261586843718877,78.11315714846435
248121,30.2764937352324,78.03245832147408
248122,30.435326562610253,78.08655601020999
248123,30.738365614784012,77.89775643086632
248124,30.73230636433856,78.00525586077384
248125,30.492459852855845,77.86081610203779
248140,30.141645468977554,78.07330599077483
248142,30.410545748745005,77.70216623727613
248143,30.25777587327873,78.23655521408836
248145,30.15249209070718,78.2153390822525
248146,30.309193095201596,77.99620219710516
248158,30.549541634032995,77.93204077700494
248159,30.52929354677528,77.84365549069378
248165,30.60077357150833,77.80842012347858
248171,30.300974600508997,78.006689665913
248179,30.46556575253147,78.05204265380121
248195,30.349377620583326,78.00894030127029
248196,30.683274177196825,77.81565437701288
248197,30.38474573641451,77.84118536562202
248198,30.45923215444061,77.77982839996331
248199,30.89815423507432,77.87028605158737
249001,30.36800749022299,78.4485681600316
249121,30.27999587216745,78.55410240343869
249122,30.245785400612895,78.61989321411892
249123,30.333737385409965,78.52570567525574
249124,30.375300100465903,78.48167362780107
249125,30.575942494711132,78.6502175323597
249126,30.24675986364087,78.67997246284902
249127,30.40713595555775,78.50377505055094
249128,31.106318325244917,78.29352390783806
249129,30.159058064107843,78.57422116520132
249130,30.398965133060866,78.41466568448844
249131,30.449688487806842,78.38730518915585
249132,30.495692045440535,78.3303837155388
249135,30.927340274862374,78.73166733850984
249136,31.071752523793695,79.1196254913308
249137,30.12055342939936,78.29316009571627
249141,30.895772107554706,78.3338489684518
249145,30.368697294264326,78.27183276285957
249146,30.234123002294858,78.48557040732345
249151,30.65049575571263,78.39002343493755
249152,30.682409505426318,78.25278190211928
249155,30.5781237221428,78.8048981012323
249161,30.30705583705384,78.74035748944439
249165,30.5607470499095,78.50739724245041
249171,30.713991438980493,78.12237724193113
249175,30.239317682364593,78.32746638177197
249180,30.51368831728199,78.17902647960163
249181,30.429811044517734,78.57325123243096
249185,30.91438009090469,78.10956229573999
249186,30.57332205918724,78.03931565182977
249192,30.133440328021635,78.46867691104173
249193,30.778585122651688,78.42760378869686
249194,30.72257501137607,78.60196725074739
249196,30.560583842867317,78.36597355069239
249199,30.31445966749852,78.4288278217363
249201,30.1033149554371,78.2772554509756
249202,30.072238471775417,78.26770282645508
249203,30.078000490927824,78.28220423273272
249204,30.060762922824352,78.23895126019512
249205,30.020593607786697,78.20436014112994
249206,30.070183235519934,78.17902523700279
249301,30.108912488961472,78.62357313528966
249302,30.125879796755214,78.34176859913624
249304,30.081453473318017,78.36920702774648
249306,30.00176062184863,78.26139771705185
249401,29.963656475458638,78.14130055011998
249402,29.956855344923152,78.02394724083746
249403,29.96723004711227,78.08881810986983
249404,29.849572657992265,78.0919815265885
249405,29.914031677475712,77.98584916221677
249407,29.921293339201096,78.09982793086371
249408,29.852132054886226,78.22644036011943
249410,29.987871196622596,78.16923624078514
249411,29.991544536184353,78.19026180890987
249412,29.98813614752884,78.05440777263355
250001,28.972325449922195,77.79916204355818
250002,28.946330243134053,77.67245542218245
250003,28.98314030840508,77.7279004343913
250004,28.938145175006767,77.78706215491384
250005,28.99390180444733,77.63272113820352
250101,28.85073947665995,77.3079350086224
250103,28.92583112193517,77.65486012130587
250104,28.899646172377093,78.00994633853045
250106,28.917793662345648,77.89978094892128
250110,29.06727378979128,77.70592946786314
250205,28.900726777103163,77.60708651300193
250221,29.125067384884687,77.7081968799004
250222,29.122554015400027,77.7862942507379
250223,29.19122119400701,77.718841870553
250341,29.085130876425843,77.61585571672133
250342,29.19298164019879,77.59645023846956
250344,29.123919312197966,77.50068092485593
250345,29.091828883450418,77.39728073187874
250401,29.12551045796098,77.9239213881659
250402,29.05348926859087,77.93197660719343
250404,29.16802154682055,78.03024809923276
250406,28.98685493718703,77.96446527987924
250501,28.968522170893635,77.5466090739565
250502,29.042598628368385,77.51760605915244
250601,28.980828174256324,77.29243841143072
250606,29.003769876198678,77.39748691107728
250609,28.958565982110862,77.22999767405412
250611,29.08959512489495,77.24424712259292
250615,28.91799963182485,77.35388433890235
250617,29.212372582195584,77.18441613570334
250619,29.032499826632467,77.21956136937781
250620,29.148606047706444,77.32775682948122
250621,29.14473831758606,77.27109078122321
250622,29.183097317914367,77.41094156052799
250623,29.219009881908764,77.27344971695206
250625,29.216960562607333,77.35588261439887
250626,28.940840646194697,77.43862212484345
251001,29.459406825871053,77.72070879099081
251002,29.49805105061609,77.73619747861072
251003,29.423298589183656,77.70967439975317
251201,29.268068696862954,77.73693664672568
251202,29.545604804257728,77.68571559081084
251203,29.373404182585745,77.72005832288492
251301,29.49515369694577,77.4944695719094
251305,29.48497456192012,77.42481646127386
251306,29.462010317131746,77.57732013012146
251307,29.594958950503205,77.77312508431635
251308,29.484222703967365,77.89468127070312
251309,29.28127975444903,77.4713277416522
251310,29.579687733818282,77.85799820134434
251311,29.542667380170762,77.59958618377749
251314,29.323554163777935,77.85313184133464
251315,29.302784536883127,77.95612527199557
251316,29.457801474659156,77.98266254527024
251318,29.361665141934097,77.58319158526692
251319,29.402009331078247,77.45598021956152
251320,29.333304824987625,78.02695255937434
251327,29.640533012634407,77.92037196601208
261001,27.607863552407654,80.64585988966955
261121,27.7496153621417,80.7301969783654
261125,27.548359667356408,80.70532721164618
261131,27.51442480365162,80.76827074511696
261135,27.72703222594021,80.91061670774228
261136,27.73588244367401,81.00113200146421
261141,27.687923359644678,80.48514147984334
261145,27.50389038478243,80.9162772722398
261151,27.573493049100744,80.41532959492194
261201,27.451763420449794,81.03851049616753
261202,27.523708611799748,81.12686102602225
261203,27.273644093646087,81.12702901801987
261204,27.354601074222323,81.31708240001605
261205,27.579015592437504,81.23041695870151
261206,27.366241319144752,81.07547072023661
261207,27.58692553648926,80.90688966908516
261208,27.721082811365278,81.13932228100272
261301,27.263054033098076,80.94464859462178
261302,27.400802941270946,80.78644038541036
261303,27.26399975919281,80.77902498854786
261304,27.146837492133177,80.84982497875156
261401,27.43494049349115,80.4887843389237
261402,27.33901556106952,80.49745951935861
261403,27.354931033364096,80.56777253239201
261404,27.478527536471923,80.63571567725502
261405,27.435495112502473,80.60512613355387
261501,27.85814186954334,80.6087934860231
261502,27.85337084075143,81.2222738918045
261505,27.805470570465722,80.28116470589697
261506,28.087058262989146,80.76940187784363
262001,28.61831301597492,79.80732642595207
262121,28.76445180257705,79.71707870252507
262122,28.560328456422376,80.14974572159893
262123,28.386704205660955,80.3006070445682
262124,28.664325195171298,80.04672421100756
262201,28.322304778637132,79.86117299472697
262202,28.209439603337334,79.9475008504862
262203,28.45628422536061,79.84015649405809
262302,28.83920023380385,79.82302253079017
262305,28.71899011197869,79.90868811637108
262308,28.90363494595754,79.9592600677294
262309,29.093805016158893,80.03322038294624
262310,28.955873940160885,80.0675283451736
262311,28.961088932751256,79.83202154388566
262401,29.206614211420675,79.21700023704949
262402,29.060946594897093,79.53071382808642
262405,28.93319466307282,79.70430124329049
262406,28.48691081633906,79.66563448217448
262501,29.61459148307507,80.17402279568367
262502,29.577383097198933,80.18633478383211
262520,29.543148798332723,80.26055230398804
262521,29.559975740408547,80.32328105225298
262522,29.633862486131633,80.04775342545096
262523,29.25019364996651,80.1385384567928
262524,29.382762070996208,80.16672214290288
262525,29.45120737991812,80.14162234306184
262526,29.582060609809695,80.3876929871048
262527,29.485480712084275,80.05235803928933
262528,29.328021840165317,79.96955696882915
262529,29.49944175805829,80.17872949228679
262530,29.539774852959262,80.19897846094592
262531,29.799356461954172,80.06137198952794
262532,29.74654001530739,79.91849950013956
262533,29.877691473820253,80.08179215418596
262534,29.72735934888153,80.04646017272098
262540,29.63665602534122,80.29720744570223
262541,29.699078976570327,80.30275066857746
262542,29.692872140439857,80.18629659794976
262543,29.74472652667598,80.32720568346322
262544,29.91238993450444,80.38733141866814
262545,30.181521907395744,80.54863278843204
262546,30.288641044292177,80.77072376744243
262547,30.055578589908013,80.71655340536894
262550,29.77765124252823,80.29148991538797
262551,29.822168571295926,80.25080916817703
262552,29.840783591464042,80.15106638373761
262553,30.03465461455733,80.14070355977462
262554,30.375358865315537,80.22648860965256
262555,29.972627880675162,80.26918433344868
262561,29.407276050294254,79.94506536112186
262572,29.761692745467016,80.1585134149536
262576,29.83983580843498,80.44208980963023
262580,29.403457440972357,79.87679738177616
262701,27.968409947511066,80.6703218205907
262702,27.88045856294804,80.81559730233444
262721,27.835505532298203,80.83960205133988
262722,27.85672009387626,81.08788368995671
262723,28.01744736227125,81.1135408939754
262724,28.104056443758818,80.99847197529678
262725,27.852670126893948,80.73453467100458
262726,28.00673820778102,80.91930090876785
262727,27.827320847233043,80.50300998751868
262728,27.898318139077833,80.94651886791097
262801,28.193082365051723,80.44492520827397
262802,28.124004146615054,80.47885668894249
262803,28.261659914966366,80.38265197516635
262804,27.97169866939546,80.24378360342862
262805,27.961635230140782,80.478704683705
262901,28.332025883975042,80.51103171894087
262902,28.450768532240858,80.6236904234406
262903,28.21093656461425,80.84071679157773
262904,28.561645938881725,80.41477610161463
262905,28.337731051635995,80.87100972357385
262906,28.403344802364177,80.96069865258288
262907,28.20679480853126,81.00853838050382
262908,28.58452854002202,80.66181716846535
263001,29.38724962028126,79.43068196644917
263126,29.25334152827221,79.61202526675629
263127,29.353827523738786,79.50187574207511
263128,29.33021778039032,79.4510347227039
263132,29.40267763373282,79.4972311658461
263134,29.562264427866538,79.33474569818122
263135,29.48678310236469,79.51882886176968
263136,29.370429636869652,79.62773767678955
263137,29.438287007924,79.56101136804692
263138,29.49297342893951,79.64807363557803
263139,29.157619140313724,79.60453547658204
263140,29.309643196433324,79.31642019601843
263142,29.107184776571295,79.52438388196445
263145,29.039897373968493,79.45909509586018
263148,28.936241920396654,79.51802824435768
263149,29.017960476879566,79.52187805738741
263150,29.09157470000004,79.19803050903231
263151,29.011246255027604,79.64815220081896
263152,29.02782124981872,79.24901067533868
263153,28.99506332536899,79.37447379347363
263156,29.379822666666666,79.54565866666667
263157,29.270957591020455,79.83579552321993
263158,29.489228681380204,79.59174326279891
263159,29.442527710595762,79.33121664549385
263160,29.085505866680002,79.35457702849261
263601,29.62479293260909,79.66010076833305
263619,29.82669894727105,79.85504803605006
263620,29.859084431058974,79.59616521476265
263621,29.798125157719415,79.49405528382908
263622,29.552256758811847,79.96334768192771
263623,29.603188424673263,79.8612498642184
263624,29.668912845845714,79.8017498321222
263625,29.523083806365662,79.74102746974401
263626,29.480766114634985,79.8378765772739
263628,29.74343212105608,79.76975371165359
263629,29.82589504036236,79.61661457948281
263630,29.77981220697919,79.739154902334
263631,29.801662140920516,79.94865809082218
263632,30.114088539590018,79.84886266091601
263633,30.093815935344495,80.05652589498865
263634,29.89941348963935,79.94138421252111
263635,29.978628123220542,79.59824213834825
263636,29.686169839109933,79.62669597953767
263637,29.7932619517693,79.60004544098987
263638,29.745495990867006,79.63019255034966
263639,29.854801126061712,79.57061669608248
263640,29.855917912387472,79.9673994663456
263641,29.90406104140955,79.60271843790171
263642,29.90553241715934,79.77705405744906
263643,29.640050213568966,79.57532942647781
263645,29.622828814590466,79.44441910491675
263646,29.58859871381598,79.18302957125725
263651,29.619426001031883,79.46824902627836
263652,29.691872085587203,79.51296942715784
263653,29.801582829070245,79.40541451671085
263655,29.700600883736154,79.56926147657428
263656,29.895946059597353,79.36002369470343
263658,29.781111131486472,79.26312817037655
263659,29.911842521571163,79.22000534785339
263660,29.794882458053877,79.3185470197327
263661,29.850192259615095,79.1573683768017
263663,29.606408555766066,79.38951897894235
263664,29.671515086622048,79.33359894395636
263665,29.79205465884172,79.17290599138555
263667,29.702587370995,79.26065976474503
263676,29.700932257808564,79.1574088471937
263678,29.596317519542655,79.5231667400099
263679,30.113851699469482,79.95666760291738
263680,29.644797548211557,79.2831994961479
271001,27.12402381241479,81.93432195597345
271002,27.177416080997244,81.99021344504372
271003,27.158355266243067,81.92169892422662
271122,27.252447327052995,81.89709543333163
271123,27.056099180556764,81.9890571361955
271124,26.971675737117966,82.12287255857092
271125,27.114436696113756,81.86550426022579
271126,27.12326746982762,81.79595139609447
271129,26.921993671593796,82.14055395991599
271201,27.432103549207067,82.17897624444807
271202,27.265842814621085,82.03453474720939
271203,27.639123917391252,82.54220832065123
271204,27.35441736481563,81.9589266303753
271205,27.54387456366961,82.28953378608527
271206,27.595170804959054,82.67490811163812
271207,27.701666790924783,82.24365869001021
271208,27.54632626554259,82.40724530108281
271209,27.35403431627766,82.07609631464287
271210,27.514258400867206,82.55210625402425
271215,27.422294363832766,82.62540309212024
271301,27.104341313206646,82.13447509841883
271302,27.074589669261975,82.25132368704203
271303,26.846306489648896,82.12740351223825
271304,26.88597050286353,82.16620236011653
271305,27.005298316204225,82.40053896228858
271306,27.158276993992313,82.30953197072803
271307,27.106247529249092,82.4122674499304
271308,27.072393272684813,82.23136606198294
271309,26.86470830788469,82.04632660337889
271310,27.051612510784835,82.07561463685084
271311,27.096294230380945,81.6194499482447
271312,27.033417832461357,82.55572116408813
271313,26.95276217747411,82.51000869263989
271319,26.861833662251666,82.21131508001922
271401,26.96904619670649,81.90115768190796
271402,26.904789664903692,81.81738185550972
271403,26.88418023778731,81.97283375533141
271502,27.136046880633515,81.71899986848766
271503,27.239185849765136,81.77189962751245
271504,27.010125280861857,81.75343788594664
271601,27.163029829089748,82.06262554378898
271602,27.22019419430037,82.15417633186959
271603,27.269425175286255,82.22803401156062
271604,27.302684715542316,82.43021709326861
271607,27.34131837098978,82.29187302841049
271609,27.299184257347097,82.30519791034476
271801,27.564186858113885,81.607293168403
271802,27.608774806831818,81.65054616100171
271803,27.82332602696078,81.76507433121482
271804,27.65102526802188,81.79783095984973
271805,27.495182547375467,82.0293035992969
271806,27.452176950574326,81.7445954156561
271821,27.348827536399835,81.84619863837194
271824,27.61705664838249,81.38734352401424
271825,27.536801746816153,81.44345547327212
271830,27.84130542401287,81.3898488471405
271831,27.692975838356805,81.92647441540046
271835,27.554452157502375,81.82021933052779
271840,27.80799424180345,82.026082355132
271841,28.256789813034526,81.15121766022155
271845,27.505934313243724,81.96093321639988
271851,27.713605994365714,81.38364387480418
271855,28.07746549225128,81.31580059486657
271861,27.555976218189844,82.12326027422513
271865,27.897957349247996,81.54802999552228
271870,27.48157849303087,81.65586602139523
271871,27.42399232485656,81.80738722485053
271872,27.32888323041987,81.67372919151704
271875,27.707703293241313,81.61159901864744
271881,27.969850139822036,81.59450671632095
271882,27.760339796829534,81.5371812260136
271901,27.12393438576598,81.54330059776234
271902,27.425396808566454,81.49236088770785
271903,27.28450976096265,81.54392774244032
271904,27.177537345091835,81.52186746394726
272001,26.801082124194025,82.75679160560247
272002,26.83471165530781,82.78067715333512
272123,26.680938341535015,82.88849497913981
272124,26.689585206869936,82.7568765497353
272125,26.892386150935707,83.00634711170345
272126,26.92400081855563,82.90814282585926
272127,26.79128646219498,82.36739274324702
272128,26.69380499953472,82.45119852350034
272129,26.83210490551326,82.28194442763476
272130,26.93880332048661,82.28935676781441
272131,26.745779057159783,82.58084388566694
272148,26.975305134033455,82.86942535940088
272150,26.95597754478971,82.80731676302045
272151,27.027770050489618,82.79420518065362
272152,27.07640246639443,82.99321084898776
272153,27.1617421031491,82.88250317333184
272154,27.08541553103112,83.08933463201987
272155,26.79950183763106,82.47783582569372
272161,26.9350722532887,82.50430802315879
272162,26.54281170629472,82.96447904075976
272163,26.860362465675784,82.60061522608258
272164,26.673201970548046,83.04373592151984
272165,26.51041603173582,83.0930576755226
272171,26.627008650922306,82.82197240598785
272172,26.622601509092593,82.97646002093899
272173,26.735395464786745,83.10302134530428
272175,26.774806272431743,83.03393128728855
272176,26.61271051674464,83.06832054271113
272177,26.6157362072133,82.8904315417833
272178,26.770368886812772,82.91237137176523
272181,26.88065673803873,82.47067083732797
272182,26.8338164247903,82.75003425615088
272189,27.207882164579328,82.63318857013417
272190,26.94861749609755,82.68011636125057
272191,27.167962612618428,82.61520521899193
272192,27.34045697699999,82.7554066160476
272193,27.26967199438243,82.63471020285401
272194,27.09132987151929,82.66682092746373
272195,27.128889921875366,82.53772290121138
272199,26.909060949268262,83.0609224491964
272201,27.45610835608262,82.83330471296745
272202,27.408640893891913,83.11274235205217
272203,27.32020150621147,83.09342106226482
272204,27.32816912517959,82.9938635858854
272205,27.3993031485542,82.95442659513245
272206,27.346516638941786,83.20108398663456
272207,27.2668340608797,83.05842466522475
272208,27.219154269968758,83.11963038692063
272270,26.98812204318068,83.04392858265345
272271,26.948612061663134,83.15591119776263
272301,26.622062931307696,82.6659118064726
272302,26.715478754741895,82.66583329437688
273001,26.750832573221512,83.36798070485784
273002,26.75163373264401,83.51866370579411
273003,26.792899709568534,83.3829280539771
273004,26.782498354352374,83.37504313991332
273005,26.74625533500351,83.35316495057356
273006,26.772294036891886,83.38706885837591
273007,26.830823858284212,83.31324674005545
273008,26.74517151793111,83.41916557857898
273009,26.75027247240818,83.38339357439146
273010,26.698851612971445,83.45548976129469
273012,26.760120330699692,83.38834164307595
273013,26.844524760245836,83.43037117476669
273014,26.78508323936474,83.42218690089608
273015,26.771491346356516,83.33925854397165
273016,26.680964644965847,83.39549120211744
273017,26.728644060053973,83.39667131521784
273151,27.04167360227675,83.71283671408669
273152,26.81550539247446,83.53125028523593
273155,27.110366525145125,83.32420131112089
273157,27.19921777234877,83.2355996549203
273158,27.022863638595002,83.26722119945855
273161,27.122464672650995,83.17422776954652
273162,27.226578790291445,83.38915963756631
273163,27.1957970200037,83.77284885454398
273164,27.36142653870079,83.45762431828342
273165,26.939884092256104,83.314087198386
273201,26.64032893047191,83.59299844633101
273202,26.67050719661997,83.53603130264486
273203,26.55558666030153,83.58394930604214
273207,27.22295678835398,83.66762346215332
273209,26.78090017498422,83.17261092471271
273211,26.57759927197208,83.17768293449302
273212,26.656358660725576,83.22382357094114
273213,26.49362107268647,83.20313286757766
273301,26.980013112309177,83.59062911144825
273302,27.07268594065807,83.60696893678718
273303,27.13083568948101,83.53437513244086
273304,27.312918200676812,83.7105956272961
273305,27.400071508081012,83.60677985547566
273306,26.915852776228196,83.47914163614638
273308,27.44517505543841,83.50875150811987
273309,27.28439842618351,83.31442944318086
273310,27.029721282499104,83.44654822865616
273311,27.370784447686678,83.74652410871478
273312,27.238671707420835,83.55661997159639
273401,26.666836216631136,83.35022336889443
273402,26.291172271556906,83.52646276089658
273403,26.557629584221445,83.34412483662831
273404,26.432300439026776,83.13406053832244
273405,26.56503308857354,83.48683383177185
273406,26.6240389540323,83.29446777765669
273407,26.45839160022174,83.26958341698304
273408,26.36513792747122,83.37922739159629
273409,26.395097814626595,83.31062984195488
273411,26.453377865690964,83.46237521800607
273412,26.408077948576725,83.45548846604677
273413,26.537232280312196,83.46949622643055
274001,26.500782103185482,83.77174706046661
274149,26.862783415817812,83.63008307156409
274182,26.372541004480794,83.76394527295633
274201,26.55971972809693,83.72954346986772
274202,26.595056609855742,83.67372936107719
274203,26.737151114488604,83.74458608002374
274204,26.455322114938472,83.64197849635089
274205,26.378699463632568,83.64423048215829
274206,26.71347340760998,83.82338943443715
274207,26.753803042326748,83.654121579755
274208,26.439012741328067,83.52236880347303
274301,26.892061385369303,83.71741246885325
274302,26.794439919601164,84.16509206667408
274303,26.824049888169338,84.06136292013355
274304,26.898828550717088,83.9902869061201
274305,26.95328836794356,83.87013055813097
274306,26.965759217311145,83.79646284603949
274307,27.02787144854344,84.00140342011498
274308,26.953828050279505,83.96640080025965
274309,26.856212959452257,83.95480626708012
274401,26.679795930604914,84.05976409350725
274402,26.765814776658928,83.93026343333072
274403,26.71550839018578,83.89317497084939
274404,26.570377953958957,83.96142513294423
274405,26.6041443842955,83.81079021721762
274406,26.70717412957089,84.24086609891444
274407,26.680981618842292,84.16741254218563
274408,26.64221104774955,83.91340875858018
274409,26.653116055183492,84.31411585728534
274501,26.41100605994925,83.86505045902025
274502,26.20757411888143,83.9641928137599
274505,26.227060992588655,83.8947945000596
274506,26.290729398477115,83.97531757636023
274508,26.148596993360428,83.9820861265044
274509,26.30421253083821,83.92851925511424
274601,26.308062124943337,83.79380857425124
274602,26.161860500168018,83.89700026280028
274603,26.317170975651436,83.69688758998892
274604,26.259087755338577,83.81118444868798
274701,26.370770288291492,83.9385461352221
274702,26.322117081191625,84.05460456137101
274703,26.317954762667824,84.15179238584675
274704,26.266139241594974,84.09097180958011
274705,26.408470256717035,84.00627072694608
274801,27.162543096428347,83.95058162727845
274802,27.18270253000976,83.88202668004068
274806,26.505391658458382,83.7825380525881
274807,26.480811461127864,83.83869892441928
274808,26.284643457769736,83.87559760109032
275101,25.951915038629636,83.55774281254853
275102,25.981372861438526,83.62409399707072
275103,25.89187095030974,83.48688952515114
275105,26.089761394050203,83.56949423147908
275201,25.848804042608776,83.67158155429121
275202,25.779522366488308,83.42479807963886
275203,25.747969301633223,83.350034770941
275204,25.691838719554152,83.27674561597537
275205,25.65986705961084,83.37890534451836
275301,26.15911767516294,83.48128267356523
275302,26.076535703241078,83.48566938177801
275303,26.2305708575687,83.50287053065833
275304,26.13850651950683,83.55517431896283
275305,26.001272036586354,83.55650359225628
275306,26.032214256896605,83.4681426737609
275307,26.066972131280306,83.6512349679023
276001,26.062457028502436,83.18171511010702
276121,26.186907227204184,83.2219537268202
276122,26.304092473085852,83.30587322494013
276123,25.762687627255442,83.19103806556335
276124,26.14347441586299,83.39331882098911
276125,26.110497270461238,83.23031241894805
276126,25.837038090878472,83.27039019695333
276127,26.232437974898183,83.29390937398563
276128,25.97480851431034,83.19594244173531
276129,25.868195442102277,83.345047580891
276131,25.956276267205748,83.27365113981458
276135,26.126997452818596,83.145171126337
276136,26.223078891733067,83.38847158169186
276137,26.315055701423653,83.16125916034058
276138,26.147054249266162,83.31706679496477
276139,26.245147143049568,83.1983999680553
276140,26.183851491545507,83.33253611883737
276141,26.1990977517208,83.07165047571223
276142,26.27186330063887,83.0059901849926
276143,26.241904006492817,82.71099637431375
276201,25.749191883648287,82.97553260386648
276202,25.818918014133416,83.02450308854799
276203,25.68864858919514,83.10981183321785
276204,25.867129609799594,83.1409770804181
276205,25.950358465490204,83.05176103724396
276206,26.07310106927487,83.05755860862514
276207,25.988294855477836,83.1072859690819
276208,26.111465854888888,83.07898155485773
276288,26.16793418771247,82.72794303365026
276301,25.840569125940288,82.83076060376534
276302,25.939714017808498,82.98376353495591
276303,25.899931369702227,82.90631487247127
276304,26.093031438388078,82.8982994389104
276305,26.017801287507506,82.92725557495905
276306,26.204069826929146,83.60658372827363
276402,25.945247876497582,83.36761096596479
276403,25.990440649104194,83.43012454715083
276404,26.09458012542859,83.29287760440516
276405,26.073662418296877,83.39966963281965
276406,26.036151151690575,83.28079106236287
277001,25.758620398884354,84.14619629178276
277121,25.83065863975589,84.04226408482376
277123,25.89004419653959,84.03378965955729
277124,25.952640416165156,84.00100414589271
277201,25.746760235504528,84.45929686487914
277202,25.875145148182973,84.21343854452337
277203,25.794884964060948,84.21132421066777
277204,25.731889232697426,84.53835627155068
277205,25.746202461640305,84.41201882789066
277207,25.9883169589001,84.17049459691451
277208,25.822108586102235,84.50135746918599
277209,25.86321944315969,84.39046366889937
277210,25.83421665811748,84.25119825802906
277211,25.81872395604388,84.3034862548476
277213,25.91317895173842,84.1727193621121
277214,25.79800633219781,84.58420385108064
277216,25.727436607349723,84.47905467239742
277219,25.92246351478847,84.26103369804156
277301,25.83801651366519,84.15283944242793
277302,25.94893701495844,84.11108135268887
277303,26.039350022947136,84.06441341448948
277304,25.854208653238473,84.1078318040562
277401,25.71697758698515,84.2216804675882
277402,25.719709420954672,84.2997503242493
277403,25.774864596321304,84.35518082556425
277501,25.612676172576567,83.9584343580447
277502,25.7018742697749,84.02337739144245
277503,25.772288255362025,84.02990996743611
277504,25.648080940356337,84.02392830903193
277506,25.760252596546906,84.07583911715399
281001,27.48214804649645,77.68724672589124
281003,27.5428190235105,77.65784785821246
281004,27.48024735136109,77.6236833526858
281005,27.39021430825253,77.67959686294326
281006,27.438070685391086,77.68327977334854
281104,27.4611857494029,78.16677453296818
281121,27.57574723004792,77.68608951278524
281122,27.302979765180627,77.68888881323058
281123,27.420911889004483,77.51899981859184
281201,27.916740434682506,77.6874665039389
281202,27.672272636545642,77.69878692988473
281203,27.890845423779634,77.60920716989044
281204,27.564417591283537,77.78262340707045
281205,27.796436362991535,77.75738750177656
281206,27.565512667687564,77.86817500116848
281301,27.428003949532858,77.84144883224072
281302,27.345082330930666,77.8822744567543
281303,27.435239072030225,77.72099519258946
281305,27.43623224360647,77.77853815363719
281306,27.429380925435236,78.00906825274664
281307,27.442732948889336,78.10869077335806
281308,27.46515486119332,77.87489565712369
281401,27.707785274401115,77.48084483207755
281403,27.806432150262296,77.38859869142523
281404,27.806362206340967,77.57144043761222
281405,27.65835838052854,77.38178913484593
281406,27.61043965777109,77.5790552449198
281501,27.480176450542952,77.55453972096487
281502,27.549479995204308,77.4272308981
281504,27.554782067699005,77.5566333634879
282001,27.150906673326922,78.0109833892646
282002,27.197994756371887,77.99101045393304
282003,27.191158536496474,78.01896358106718
282004,27.13276653320995,78.05765877637066
282005,27.23476000281185,78.00866785957807
282006,27.194466022334115,78.08394755968018
282007,27.235840425704318,77.8985128758107
282008,27.157741739636602,77.96238649937163
282009,27.093143663217443,77.98859393818448
282010,27.179333222463733,77.97008528632693
283101,27.205397522081608,77.74847597391123
283102,27.08514898621752,77.90435937982053
283103,27.20916536028897,78.31189198891575
283104,26.8400813231194,78.58891987015795
283105,27.156070926318364,77.87593938253308
283110,27.088450971378556,77.68827363591085
283111,27.038871966289758,78.28833121203013
283112,26.941506216562665,78.0456222324466
283113,26.892073533097463,78.46685097239367
283114,26.837219732337232,78.73641533180047
283115,26.87094558379209,77.56887257430215
283119,27.013375353166733,77.83474329043655
283121,26.95800177874869,77.79415115831182
283122,27.151328188157585,77.80790627877911
283123,26.882349761249703,78.30630233678013
283124,26.96867144695542,77.93935315432896
283125,27.029610238636167,78.11628481137261
283126,27.299704930531068,78.03168099940636
283130,27.312778895602673,78.69802448383703
283135,27.126834717206897,78.61100268730478
283136,27.225167947257226,78.64856638404244
283141,27.015050183631907,78.57037311885554
283142,26.962136750067696,78.72029970029271
283145,27.171903125697675,78.51464663381036
283151,27.060379593667836,78.69490471110873
283152,27.409764328562936,78.58364037126613
283201,27.345574760398833,78.20225770406697
283202,27.23832706296076,78.15285350805553
283203,27.12136427983816,78.4104765738622
283204,27.245947605598346,78.28741583780261
283205,27.112592764912016,78.45621837808937
283206,27.300370284775347,78.42927386504527
283207,27.302229618467713,78.53692294324814
284001,25.44096135015192,78.58492335346732
284002,25.523683864183162,78.58197158459099
284003,25.495589992642813,78.52338231579465
284120,25.353149046238403,78.48192796792125
284121,25.511320921802408,78.73543763982507
284122,24.849275240858283,78.50434505946716
284123,24.882627900171773,78.60972485758774
284124,24.87353729514863,78.32653598095985
284125,25.068748172636475,78.39801687532659
284126,25.045035422133154,78.49300999479671
284127,25.417221349842297,78.61675136275126
284128,25.48071077374612,78.63077770316845
284135,25.384836745718754,78.54837972299404
284136,25.07971965870671,78.37658308831372
284201,25.39779980785011,78.73235579503218
284202,25.627613469580414,79.096357367591
284203,25.56899179870463,79.32665080357339
284204,25.347966082890185,79.18753049639783
284205,25.314723719387267,78.97376502330478
284206,25.487654695940076,79.12861485851201
284301,25.58555577234793,78.8361277438064
284302,25.746934626977595,79.13348124494375
284303,25.728354995172158,78.90029163550598
284304,25.872657797648934,78.94011193764172
284305,25.527570068826023,78.75830037406593
284306,25.835149439508204,79.0527546579149
284401,25.261833586055292,78.43888421976057
284402,24.757751273014474,78.7046473052512
284403,24.617569134444192,78.41773790490842
284404,24.341203252486306,78.81105663374547
284405,24.543403515218586,78.74583278123836
284406,24.389721324065643,78.51590380367402
284419,25.455911446090468,78.44165498378958
284501,24.782385669548344,78.28105131554564
285001,25.991053802794973,79.41777496089412
285121,26.19850092899019,79.12365019928437
285122,25.86318428385403,79.45814315743698
285123,26.155167093639953,79.39059471523804
285124,26.40330863752189,79.24201857041862
285125,26.367915562358924,79.4320980594818
285126,26.284917075106666,79.20140043708172
285127,26.360453501316687,79.16706363954513
285128,26.259341556296448,79.34825887115173
285129,26.327617559028386,79.29339576015037
285130,26.253405004097285,79.50945805166661
285201,25.89672928354582,79.20935593805183
285202,26.007615203877425,79.64874918411572
285203,25.977680621051057,79.8349422054366
285204,26.118099348851334,79.70852402818892
285205,26.014668108883757,79.11135662586041
285206,26.114228660297524,79.0328469041743
285223,25.798907745731015,79.32396408340361
301001,27.518005942081732,76.57475207990795
301018,28.149370480475017,76.80403262013502
301019,28.19081047467627,76.8579248352491
301020,27.891389395813697,76.37139467938323
301021,27.449605223790986,76.8745022267192
301022,27.367053249456976,76.30707863669113
301023,27.66964721248653,76.59649637969231
301024,27.54248028232932,76.30964838633174
301025,27.674412139064607,76.87999185296495
301026,27.57773697765738,76.84393122020263
301027,27.245796685935453,76.21568223405546
301028,27.647950913537237,76.72017353063482
301030,27.50125391380301,76.68529154036183
301035,27.23647385045993,76.92058176551923
301401,27.957624070577133,76.58928499991997
301402,27.698494850395566,76.35514387828219
301403,27.88461945236481,76.64395954145591
301404,27.76674836519175,76.59790134754844
301405,27.81187325507653,76.77476709382799
301406,27.395899461437264,76.61528919406422
301407,27.860840586754644,76.52946588266715
301408,27.24423427648632,76.62331672249115
301409,27.145403212615683,76.7345960860604
301410,27.23114686582081,76.39570376170751
301411,27.93709930135086,76.86509840479947
301412,27.789419580731064,76.41169845277192
301413,27.23961529200192,76.79574989580863
301414,27.31573829847115,76.63704253371353
301415,27.159645264347084,76.50111714537098
301416,27.604553312994845,76.42413357735596
301427,27.894325342178938,76.45384456008597
301604,27.503739528466376,76.99949477966717
301701,27.87994089148799,76.27434729694028
301702,28.01480866158548,76.72626303585228
301703,28.031150812566473,76.28248986305618
301704,28.11544979937015,76.36514224709136
301705,28.007050623273084,76.38629690497986
301706,28.00980707988245,76.46844382132501
301707,28.100135438031078,76.86296753788355
301708,28.093011649378607,76.45482555881627
301709,27.97414778046788,76.29544280437936
301713,27.96416460203566,76.2056082389358
301714,27.959871305283063,76.44599499857088
302001,26.917694584571187,75.80603344519223
302002,26.95316097806416,75.83430503149997
302003,26.90937664884609,75.85142161558599
302004,26.88592394252503,75.83552467333523
302005,26.9012313533532,75.79905102639086
302006,26.91459224832935,75.77973835668986
302012,27.00376506530635,75.6888901000068
302013,27.00597387045471,75.80704483979724
302015,26.88321222523255,75.79589722912435
302016,26.94157835331623,75.79716328399012
302017,26.83140628104953,75.86449342330988
302018,26.855392272365016,75.78999797114606
302019,26.88767240601684,75.76178825346155
302020,26.848601742504783,75.74750717426913
302021,26.896248498929634,75.72779648493734
302022,26.765840338039425,75.87259108706509
302026,26.85158479690952,75.68022363930484
302027,26.973174230464455,75.94079352457838
302028,27.00622092491306,75.88530495148922
302029,26.78584627432318,75.77729203248809
302031,26.88951915777851,75.90227471917838
302033,26.80328961209836,75.82444835092122
302034,26.91848488652532,75.71591281051523
302037,26.78199164205278,75.63321039798475
302038,27.056212885923564,75.91453262665208
302039,26.965168855258707,75.77086025928008
302041,26.911024893619604,75.62346979477826
302042,26.836941721600734,75.61428404617251
302044,26.95639580572003,75.68349098345799
302046,27.092568983572342,76.00387041482158
302048,27.04802355852163,75.76038713744059
303001,27.058660938259738,76.1587901887976
303002,27.150189051014415,75.95854863029722
303003,27.35255396798784,76.12728594513021
303004,26.783286272817065,76.22818417513123
303005,26.557192089579036,75.50830681837954
303006,26.545266150238632,75.6867323007463
303007,26.809165335467117,75.51718646591071
303008,26.635387010369715,75.17142893024592
303009,26.68784571797549,75.43232101732693
303012,26.85841732370722,75.96695864873956
303102,27.455136161334877,76.1569498450753
303103,27.389596094436293,75.95919865333582
303104,27.27020140058682,75.93684840606369
303105,27.754380233925765,76.09544938794689
303106,27.57503401113998,76.03584457384974
303107,27.636380129875842,76.07480958624674
303108,27.72516147828038,76.19452865337414
303109,27.059552237321576,76.0871953673163
303110,27.5752436490157,76.17519759824864
303119,27.482379006975826,76.03165900634066
303120,27.246170318327145,76.05438606917814
303121,27.190546028745228,75.953328623685
303122,26.8256593912551,75.4606840756726
303123,27.107162309060683,75.45542550859781
303124,27.006843240194502,75.47238687891145
303301,26.852449488908675,76.05897745256954
303302,26.728828885920215,76.14743365883936
303303,26.89165474245271,76.31068367087035
303304,26.92291013327671,76.50382339607238
303305,26.895432448845895,76.16947136950651
303313,27.036016826025744,76.59217733366145
303315,27.06883738382782,76.73824984031131
303323,27.073846456637078,76.46065110234458
303325,27.001727242827588,76.42787000636318
303326,26.95507325164063,76.58818510723707
303327,27.130707571068843,76.58551311381541
303328,26.997808897043065,75.34499877957397
303329,26.96730550745996,75.37683903003803
303338,26.869134667729885,75.35712404157469
303348,26.780096969236034,75.1389903160559
303501,26.844879109734446,76.50034276021098
303502,26.872995048139472,76.65863112792566
303503,26.5088860134194,76.28413111061094
303504,26.49781720569974,76.42511726115288
303505,26.716301835933447,76.34016004287881
303506,26.78426859964877,76.43662582177811
303507,27.051950423308593,76.28039525647505
303508,26.91572589428363,76.69112792438422
303509,26.966545306283454,76.72701161231426
303510,26.632933077492062,76.22428088111103
303511,26.629569365203416,76.36398307885084
303601,27.35056939211469,75.83068085343477
303602,27.272300932235435,75.48229430261145
303603,27.180305792940892,75.40511569364098
303604,26.889573014718643,75.16374189244884
303701,27.086570610346733,75.63202932361995
303702,27.16405492343835,75.69995644366844
303704,27.103803083071288,75.76961494567425
303706,26.97903564938045,75.57527658859024
303712,27.252425203300632,75.60909458658456
303801,27.172319700488192,75.58459473669475
303803,27.343432249171187,75.70586122581125
303804,27.28809104807957,75.74771962415728
303805,27.127661328274964,75.84482496152758
303806,27.227772383462113,75.83525951226402
303807,27.21551714538552,75.74174311420488
303901,26.577935199684926,75.94456742850718
303903,26.691529823611432,75.91553441759368
303904,26.693247436593968,75.68960964528901
303905,26.70993180691159,75.79495781545613
303908,26.6299616932046,76.09165799080974
304001,26.08877512948846,75.78630556924341
304021,26.334468308856714,75.92572733251565
304022,26.432421529719917,75.82368540293973
304023,25.91588150418127,76.1555670120336
304024,25.953143580701827,75.99912340822195
304025,26.397089562337587,76.07054278651603
304026,25.931402237527895,75.8369749980725
304501,26.27730181772206,75.51692248895063
304502,26.290869759705547,75.33860829254928
304503,26.303573822326133,75.19952573727721
304504,26.365976481084765,75.51135199762636
304505,26.061133402224876,75.51606364886905
304507,25.9254154222958,75.3430182747485
304801,26.340992846561463,75.71248327775683
304802,25.839676253327593,75.61943161466141
304803,25.784084279226086,75.50041675772171
304804,25.845525585945918,75.42501255922343
305001,26.4659081560436,74.63738149543872
305002,26.41003681915152,74.66839091376883
305003,26.403234349649043,74.59847626149498
305004,26.51683372803747,74.6292712316069
305005,26.438535447474656,74.56951748524389
305007,26.454057278501597,74.6596930418176
305009,26.503829817120227,74.6804778448266
305012,26.361944612193863,74.6547110255173
305021,26.569503617532195,74.58598312015111
305022,26.471858752303678,74.51749408110882
305023,26.532558050235235,74.73991807655452
305024,26.471282261512922,74.7037544521178
305025,26.406506878459847,74.79962715576748
305026,26.57318239342798,74.47561524395078
305201,26.460247304228538,74.40299914120857
305202,26.201489172955615,74.42799809098399
305203,26.252133310671304,74.53527201681769
305204,26.34791536426764,74.35343391134035
305205,26.30354699954765,74.61803571409693
305206,26.357557724229856,74.54713350969195
305207,26.313100923637002,74.44433644936247
305401,26.252738092646652,74.6425745826384
305402,26.30887314054991,74.91683789275282
305403,26.05865445578955,75.00550132007932
305404,25.935377043706783,75.09241031949891
305405,25.810578905261117,75.10170207803246
305406,26.07494272493005,75.15738312276967
305407,25.775715418995247,75.23494493224204
305408,25.91473956009776,75.2248797072201
305412,26.18802177958141,75.0664359315905
305415,26.05792627140207,75.28859785857674
305601,26.234447804633792,74.8316884989724
305621,26.126733209056628,74.69342278954107
305622,26.04441755366145,74.78714861688783
305623,26.093875210737504,74.49523011451141
305624,25.981183112561702,74.66107215389619
305625,25.9573954590556,74.53188784633133
305627,26.13368225277843,74.81753952404856
305628,25.983517154990988,74.91706754623438
305629,25.92924843867368,74.81692955291756
305630,26.110686395862384,74.60239007182886
305631,25.98661376182292,74.42661136030031
305801,26.568845832533,74.93605272012987
305802,26.521038157059614,74.85902439188472
305811,26.633988129484887,74.7590657501386
305812,26.725228450906837,74.95550096520044
305813,26.391642218711418,75.05746706287775
305814,26.814254242307953,74.85890938850953
305815,26.712271869228644,74.80982357626802
305816,26.639189994266268,74.97228811850674
305817,26.626637842640967,75.02526473232746
305819,26.719279634268897,74.72307684712145
305901,26.08323005800013,74.33823740988201
305921,25.73129314842403,74.09107736339952
305922,25.916964688817714,74.2301185135302
305923,25.887517678214998,74.16895435275661
305924,25.696106403933175,73.96826131694728
305925,25.989245693385207,74.28168420250215
305926,25.796257278335617,74.01871880465798
305927,26.014199180472094,74.20947468124788
306001,25.74915706080963,73.60319983365574
306021,25.593273248850732,73.63715732242004
306022,25.518866121314954,73.72563002908531
306023,25.764574103413114,73.90690218847851
306101,26.320032731612017,74.25294074389824
306102,26.15900933361663,74.17033944635644
306103,25.825581290476457,73.78649512180208
306104,26.005807236236084,73.5819965339608
306105,26.112055437885623,74.08618593464472
306114,25.907848527505507,73.88168356490807
306115,25.379979086325758,73.27568657024813
306116,25.270543677975454,73.24598144093645
306119,25.48117485883627,73.35737082135557
306126,25.073059306372127,73.1248234777672
306301,26.387696424953162,74.03668901180481
306302,26.191707657113948,73.89200446474027
306303,26.181851434883598,74.03046544866874
306304,25.99156632076032,74.03215260638986
306305,26.101424283378236,73.95310608517012
306306,26.01036051733358,73.82421597008539
306307,26.000293288634033,73.93774165832295
306308,26.334470595139322,73.87951650358383
306401,25.794740679264894,73.24869180647634
306421,25.88679893125639,73.05432478987572
306422,25.572399577081125,73.25850941449434
306501,25.67502957657283,73.47658835073992
306502,25.43336755753666,73.6022716896428
306503,25.56161033013473,73.47341468272744
306504,24.907534730916172,73.14234811969735
306601,25.34755112225501,73.37231404418709
306602,25.525264988917755,73.11180825046289
306603,25.34635224948799,73.48147971606592
306604,25.43099704301741,73.47928901218738
306701,25.204355235769203,73.29585460943264
306702,25.13839044936476,73.45529370331195
306703,25.29100494987124,73.570631055777
306704,25.237971064554213,73.53407232116474
306705,25.23009441776275,73.42353278553952
306706,25.137702899884218,73.31353577536049
306707,25.037395423553626,73.32030579324683
306708,25.348657327596193,73.11648065037132
306709,26.308823951463143,74.06199846920073
306901,25.227658957623337,73.0144654240359
306902,25.162893367865696,73.07288801873308
306912,25.32932992328698,73.02902905922402
307001,24.87129828923303,72.83750816033317
307019,24.701865073188767,73.02541395034879
307022,24.783675432288035,73.03618926698141
307023,24.706006540970197,72.88227132109799
307024,24.591662515025778,72.99496790237062
307025,24.415288544876383,73.19290116122507
307026,24.45276355206543,72.75079701873958
307027,25.097899925522814,73.06565656313172
307028,25.15734778907669,72.92346151421366
307029,25.557077649833424,72.81539171881442
307030,25.389566337754033,72.94724429794047
307031,24.81527968697539,73.15802952152433
307032,24.4862251581758,72.8933950318241
307043,25.01943898814681,72.92167213874302
307501,24.6164156045573,72.75366993038743
307510,24.57718607414711,72.82648986670867
307511,24.70880233783776,72.66908378305907
307512,24.74289138741991,72.50542690285853
307513,24.613834277326244,72.37588277520835
307514,24.577297796029264,72.50998253847348
307515,24.85418531070323,72.4165260423546
307801,25.093082180470613,72.78380257190037
307802,24.89072926475237,72.60744186390264
307803,25.017057411770192,72.51216593264365
311001,25.338572055718906,74.62061021433266
311011,25.349241204211157,74.74247976377994
311021,25.846828550664195,74.59868175998277
311022,25.847417128244956,74.71744461739533
311023,25.83042824777318,74.82487940837765
311024,25.655638277467848,74.58236553162826
311025,25.21119962843706,74.69836775026657
311026,25.58028233830119,74.46301609597604
311030,25.747101413863902,74.68177421633068
311201,25.654777288737648,75.332796333157
311202,25.612010274221348,75.12844372127242
311203,25.51684632296481,75.27896070083793
311204,25.808674384075836,74.45577423404224
311301,25.674950541322474,74.30587734897453
311302,25.869380307176428,74.32547877849329
311401,25.49067035032443,74.7034180348966
311402,25.358904624531647,74.38792450515912
311403,25.458605630111535,74.48893798216396
311404,25.612384151184486,74.91588645572398
311407,25.763959134884466,74.93738029064708
311408,25.61207333810237,74.73737360644077
311601,25.29211602060802,74.99510556210384
311602,25.14371429746574,75.31866749216663
311603,25.40393457668223,74.93632036846785
311604,25.20897567431071,75.08391994546098
311605,25.39935623771832,75.16622754465412
311606,25.282624284260766,75.28106429084092
311801,25.226048439869864,74.28900925386047
311802,25.27440979997655,74.48841595169556
311803,25.408434089974296,74.15598813406318
311804,25.56288584592164,74.19413259295366
311805,25.302801065691952,74.16003956126657
311806,25.150308538435436,74.19778095344256
312001,24.888808185555522,74.62504311617457
312021,24.950729057810165,74.61768247756925
312022,24.993940503362033,74.81575367010065
312023,24.993451278087296,75.037545649716
312024,24.677034346585256,74.32945045858689
312025,24.862250391866773,74.63978016277545
312027,24.636515275806598,74.40630499864561
312201,24.843645076632143,74.49990607590667
312202,24.88909265129291,74.3222707210247
312203,25.04266259884025,74.37740026454593
312204,24.861797377932614,74.21321024808164
312205,24.74800045632605,74.21675361038879
312206,25.143726788060988,74.43853477671469
312207,24.926591804768265,74.46189086160865
312401,24.309457847245707,74.41363570116107
312402,24.507714977679388,74.3291016294502
312403,24.3760992522714,74.49283504001754
312404,24.413309655173283,74.36649846673001
312601,24.587458463048755,74.66886044570572
312602,24.670524351638793,74.50626587994425
312603,24.540833418743357,74.48682999124468
312604,24.35040537078578,74.6971269216147
312605,23.981343831756277,74.80028041810682
312606,24.72711917844517,74.90542995172503
312612,24.780291680783503,74.66361432526554
312613,24.761483693297436,74.54123984289653
312614,24.516800087728093,74.56958284017544
312615,23.823086099969267,74.82710802956807
312616,24.166943195652962,74.6998739665823
312617,24.642374107009317,74.67864894268645
312619,23.655397846725137,74.82219455627009
312620,24.721149216600562,74.69848720097708
312622,24.762510802937165,74.60791664814565
312623,24.15839625579915,74.83155043231933
312624,23.761080727994763,74.63267636180913
312625,24.109130530566564,74.37409108021674
312626,23.97633672713607,74.44146859181264
312627,25.131444526371443,74.7251583730439
312628,24.059331494233373,74.59782752768372
312901,25.045853524894383,74.57649105478457
313001,24.56360203118169,73.72787125117891
313002,24.562093570985503,73.7146484102877
313003,24.48791747359896,73.81359841446496
313004,24.59695832694516,73.67825801646653
313011,24.70920825422566,73.63561929395058
313022,24.634667650874935,73.89956113998741
313024,24.5921824328376,73.83893050298033
313026,24.024421235751007,73.94921020429504
313027,24.167237187863314,74.0781250634615
313031,24.506373477228582,73.5995711269096
313038,24.024859982995135,74.15380183220017
313201,24.718995726025053,73.85740890291339
313202,24.764611447536556,73.74942752998093
313203,24.80165098422435,73.98763959375614
313204,24.84406629526195,73.8834745569548
313205,24.814399244464582,74.0826627750052
313206,24.87487836757591,74.0816586816194
313207,25.024619187346556,74.24483817413521
313211,24.956994229035978,74.12141727336551
313301,24.928195403007532,73.77072502073574
313321,25.01151951400237,73.66348747298925
313322,24.887098882175817,73.63890333890632
313323,24.955149868188414,73.91155926631501
313324,25.076197074341597,73.79585981054763
313325,25.084251746904776,73.56973539977992
313327,25.1368589774971,73.99282517211967
313328,25.111333323399446,74.11602862779337
313329,24.999863122666188,74.05492954403621
313330,25.247658696378796,74.00674145611899
313331,25.473847665241923,73.92534070093221
313332,25.30212976628203,73.91814692353938
313333,25.281487671010872,73.72382970069921
313334,25.17213946687819,73.8173314862529
313341,25.62184714313781,73.92166325246905
313342,25.012607933619964,73.91614500498174
313601,24.686293727131957,74.04733137535382
313602,24.593648838832856,74.06033989320574
313603,24.535003409555927,74.15431025165272
313604,24.313476569261184,74.2653049351874
313701,24.215631524268286,73.33174873944667
313702,24.36283737029062,73.49920537250576
313703,24.430199652162717,73.93205923026781
313704,24.938850867230112,73.41188064400433
313705,24.707066256521266,73.51205048301784
313706,24.382287751174896,74.06521481015248
313708,24.754773172149726,73.33549145070035
313801,24.306379149328297,73.67817576767808
313802,24.10895401081095,73.64465093664757
313803,24.05131503099373,73.52241299774376
313804,23.926637646862165,73.44545330987391
313805,24.01316478808232,73.76515071237338
313806,23.97473390048648,73.80905755275764
313901,24.36180441263561,73.75739902759
313902,24.13816665909007,73.82866066148436
313903,24.06435698448285,73.87435764662989
313904,24.1952428577519,73.79951838046826
313905,24.24102350281905,73.9082205965164
313906,24.50015391088013,73.36738902098205
314001,23.774571279574307,73.64506528179702
314011,23.889150739833944,73.60047803732141
314021,23.958864434887655,74.10358372659765
314022,23.878089157977914,74.21801208445194
314023,23.824137854773067,73.97802564923543
314024,23.76123354143273,74.01883833322168
314025,23.67657508944804,73.99677143933916
314026,23.5416498989932,74.01559761084326
314027,23.607110248816614,73.96554472503762
314028,23.80350153855951,73.90886048437122
314029,23.709751949021527,73.91652230256801
314030,23.44042393876036,73.9168830480356
314031,23.619371433913134,74.06500813203627
314032,23.726581556168103,74.09482318160919
314034,23.920910871369028,73.93411270158707
314035,23.54198294433317,73.95058349181203
314036,23.864159835478507,73.8110043098544
314037,23.727211606182504,73.82751790273281
314038,23.872585151883616,74.06440602099516
314401,23.630710466588763,73.878188374788
314402,23.6128842672511,73.77978494669263
314403,23.536659387935874,73.69533432372748
314404,23.679207259040343,73.70252311208816
314406,23.49969025807532,73.77537203183283
314801,23.785615042265622,73.47444917564252
314804,23.82213633856592,73.60400684306549
321001,27.18507596045909,77.54720037249345
321021,27.24749028765503,77.5755724078247
321022,27.630007664784173,77.24747195237232
321023,27.757049655086213,77.22750169647155
321024,27.574973564040278,77.07068179861685
321025,27.31211258131897,77.54433874929147
321026,27.261846712708245,77.41701764888492
321028,27.081280298925822,77.27864577095552
321201,27.344290484029933,77.32712893551701
321202,27.35570667702114,77.43246518782762
321203,27.49535904910741,77.3109383845362
321204,27.70993881825787,77.08467991044213
321205,27.440439262911745,77.06788447022609
321206,27.39193124483243,77.22206401331213
321301,27.064927320734864,77.46544592993624
321302,27.07754590601003,77.3852071256042
321303,27.17427647023375,77.39065392902316
321401,26.849639791578387,77.31517932069593
321402,26.99093323068611,77.43534051422999
321403,26.944599496812163,77.50043314342926
321404,26.998834712442623,77.60830077356704
321405,26.89154769625682,77.40213457169679
321406,27.02703507428852,77.04958925318431
321407,27.09902842520824,77.06360534528663
321408,27.006047317559414,77.21171708717232
321409,26.942297365666384,77.07708518010854
321410,26.937780725862627,77.34324393429702
321411,26.878912598209084,77.1875218451864
321601,27.111829369111938,77.1856342724676
321602,27.23084209816466,77.2290693330618
321605,27.325858321808507,77.06509156880152
321606,27.22525804479994,77.02047575354212
321607,27.3569313430485,76.90708701467958
321608,27.039294845382905,76.88436670826347
321609,27.164178527009035,76.86820339221697
321610,26.97037753980332,76.83487257603167
321611,26.8879034561766,76.84297132459068
321612,26.986148670550573,76.95562026342988
321613,27.10402413299972,76.90649061284812
321614,27.20684182567233,77.10800632933442
321615,27.133386579383536,77.00449786528499
321633,27.35571252822591,76.77378430514015
321642,27.152807698517698,77.16505422660804
322001,25.941988967411966,76.40259572894992
322023,26.32610064073883,76.1964073553566
322024,26.236448870660997,76.33785447070584
322025,26.037176625343097,76.71265387468175
322026,25.816606659546007,76.38983694634983
322027,26.10299354948013,76.35995003259747
322028,26.2708705793732,76.45916565953401
322029,26.08875115623718,76.52147895483432
322030,26.361376245419617,76.34385916236704
322033,26.199540807637558,76.5853594402968
322034,26.144250700752146,76.45437901606982
322201,26.46386646582818,76.66349083509076
322202,26.398558267224,76.70576160487559
322203,26.31320190858592,76.62965184226829
322204,26.60906304237277,76.70507807474873
322205,26.614092830835432,76.84268136578721
322211,26.57660484624905,76.571071190181
322212,26.65946737001612,76.48851925768489
322213,26.78315529767442,76.67013480139015
322214,26.443476823079347,76.5026675109596
322215,26.693925991372687,76.6429876019204
322216,26.720831870759124,76.7638828448153
322218,26.273930875487718,76.78457435749111
322219,26.5530553523687,76.87969386948951
322220,26.698729125890836,76.86392923278521
322230,26.728958984929303,77.02400731685582
322234,26.6318451969417,77.01815173812066
322236,26.7562688712366,77.12942505948975
322238,26.805815827705135,76.84803069037261
322240,26.9036022544439,76.99974980890644
322241,26.52112060016655,77.03227215593867
322242,26.609503657847235,77.25027968507888
322243,26.24960127675363,76.92851588262059
322249,26.36817563579274,77.06246286346226
322251,26.324656919710307,77.20598110143662
322252,26.770857251114535,77.21805221777679
322254,26.835790383477054,76.9830002646078
322255,26.427756488099167,76.83484594549257
322701,26.13101808144306,76.26112218851125
322702,26.057747460571232,76.14248690961176
322703,26.170053717054635,76.07253256575281
322704,26.221889490313792,76.04406729864922
323001,25.389346467820133,75.551132277099
323021,25.26727311937886,75.71921989574447
323022,25.160180212713687,75.55022127566691
323023,25.561001667166813,75.49419895670883
323024,25.474863465685573,75.46349677577192
323025,25.62118547180823,75.46536633016278
323026,25.606235312758255,75.67889669490539
323301,25.41469259744049,76.04363769793645
323303,24.880964969138994,75.64270061871632
323304,24.960430159022586,75.41904492330534
323307,24.81649731161972,75.52226858234503
323601,25.292317005121266,75.93604466868337
323602,25.330423996295515,75.94563640810759
323603,25.573112223164436,76.18610104421374
323613,25.742408537261266,76.17604337607717
323614,25.744428396867804,76.27368440829721
323615,25.669545759337897,76.17461855320424
323616,25.714736900116176,76.06180206555163
323801,25.780496959083827,75.87448096581234
323802,25.63875619905919,75.88240701801065
323803,25.505370817823778,75.89902404568963
324001,25.195324830494094,75.86240772373742
324002,25.222811152857282,75.91515725242509
324003,25.153933715796857,75.87986424027514
324004,25.139551264201952,75.89906482162229
324005,25.119259833161347,75.84495491739219
324006,25.181128317486,75.83756648032812
324007,25.171289167011217,75.85160355467917
324008,25.19191604028503,75.79037845251271
324009,25.154834447566568,75.82865820594067
324010,24.996602589548573,75.75346485328514
325001,25.03908982163866,76.02322926142875
325003,24.96799653521678,75.89686638926155
325004,25.538196105226383,76.39628643667751
325009,25.705646421826916,76.42626809788926
325201,25.248186048414734,76.04541965448446
325202,25.0886890109576,76.27016587860541
325203,25.132099086556828,76.09705061600499
325204,25.361376968892486,76.22499833887419
325205,25.06057902571715,76.51142295661613
325206,25.295708422699043,76.35362479183968
325207,24.935805609504435,76.45712745998696
325208,25.185842952175342,76.18970469310261
325209,25.149795308856167,76.37017215082331
325214,25.43960856005381,76.44902610621386
325215,25.312921327795006,76.63398060026694
325216,25.113803434508693,76.70116438101404
325217,25.21658300151876,77.16805226016146
325218,24.90103301294067,76.65005715881681
325219,24.765574568045086,76.68775867439311
325220,24.630318310825093,76.91877937324564
325221,24.56371470265717,76.6712992909881
325222,25.207711254109814,76.51231356656764
325223,24.786526845521166,76.51355348051909
325224,25.031117834935724,76.83863533262394
325601,24.92176633167995,76.27534801391494
325602,24.851157806083826,76.11810762230688
326001,24.648329862159994,76.20739144278092
326021,24.47914710738949,76.33505315624136
326022,24.287744586918464,76.26409295932625
326023,24.464882024642215,76.2056338974587
326033,24.379469622780036,76.55442194255016
326034,24.14350518893104,75.99911557668841
326035,24.563364716526653,76.45796138334168
326036,24.362869003356355,76.13692806608204
326037,24.26416384946961,76.79868582064974
326038,24.739291871450444,76.36391616155876
326039,24.265915865470884,76.49215717197981
326501,24.511898917842498,75.9997234626709
326502,24.4088141920202,75.86803998377374
326512,24.21511160613405,75.83009926930258
326513,24.315659496805146,75.9955492126233
326514,23.971006570221046,75.85171623971324
326515,23.901897552318594,75.57321147197725
326516,23.924057310654064,75.66675618312671
326517,24.755912265249055,76.00915259742094
326518,24.79287692423865,75.86512097828756
326519,24.62410030734569,75.97448902415523
326520,24.736948749643407,75.9353530143962
326529,24.667711206616616,75.89020992558989
326530,24.67719977601138,76.05124005542264
327001,23.524686617609543,74.5599723441757
327021,23.73692359619997,74.29518395236525
327022,23.619137953178708,74.15383336202157
327023,23.760440497403557,74.37236887678192
327024,23.619299803940184,74.24226199140362
327025,23.54773563200236,74.33221486522305
327026,23.685655483958776,74.4771475047725
327027,23.840939024240807,74.45412125931857
327031,23.374253281131445,74.06249623172383
327032,23.488174435420053,74.06052487050141
327034,23.49987904190435,74.19004348540356
327601,23.32374856187536,74.18800383222633
327602,23.232216834541372,74.28340105147488
327603,23.464219431375852,74.2903368690593
327604,23.326681648211554,74.46744389977579
327605,23.740615521049538,74.1774145183757
327606,23.334938610228107,74.3036997293522
327801,23.16935487114268,74.45663807472468
328001,26.70325864392246,77.91687537602711
328021,26.578707467985126,77.64426430798143
328022,26.72811798199475,77.4753645305902
328023,26.88527082885957,77.81663289454305
328024,26.838012542230068,77.940240378028
328025,26.872797906328522,78.14643508984985
328026,26.454270049471887,77.36810118458924
328027,26.81351351331398,77.66066598211023
328028,26.614215484386015,77.79190159881759
328029,26.755098471984496,78.04952978545974
328030,26.78259450015274,77.78296504906142
328031,26.553894287189408,77.46390409348278
328041,26.713084128909333,77.68195145640674
331001,28.35594024674653,74.89970091978094
331021,28.227989563701342,74.95085767274058
331022,28.116466068750746,74.62858485078009
331023,28.683904266377677,75.36080495269499
331024,28.146689457306195,74.98874720565317
331025,28.287560399994476,75.29185441983765
331026,28.39600408027289,75.22680226502186
331027,28.23419224398574,75.13721088899254
331028,28.340312395612095,75.28250330805109
331029,28.476692095510046,75.12627096704009
331031,28.231738508866194,74.82755531531417
331301,28.544351116471272,75.57655607474287
331302,28.81645015128303,74.79709844848658
331303,28.421163462161402,75.3940559672778
331304,28.661253839078373,74.95312598623947
331305,28.486696012914233,75.50049268013831
331402,28.426881220253396,74.65382349753193
331403,28.47789761129049,74.3967042019492
331411,28.678220304451337,74.31007089898273
331501,27.868083084507415,74.30413378434228
331502,27.8236049596237,74.44930849500112
331503,27.770353160122756,74.3703583772319
331504,28.25508093782642,74.60403990917433
331505,27.89793299019243,74.55242252921929
331506,27.798456982410315,74.70042751429793
331507,27.705557950839903,74.47448534042614
331517,27.710891935096043,74.09811896318129
331518,27.57587102484101,74.07809127257057
331701,28.87943844244877,75.29885381516758
331801,28.232106890729543,74.17246805684945
331802,28.030513806428004,74.40428548242627
331803,28.008333215126978,74.0702378270641
331811,28.112024502559454,73.82197217077402
332001,27.614260412208413,75.14171177524184
332002,27.510968597253047,75.00650674393736
332021,27.52849943881629,75.149424893986
332023,27.42405566669008,75.07576171679781
332024,27.707252829296788,75.19893947245163
332025,27.391751098307548,74.93194140500093
332026,27.620233975066657,74.82913783046273
332027,27.654423990549677,75.28091153926539
332028,27.52631942974228,74.83656298678139
332029,27.665428366386273,74.74285344757803
332030,27.46703658586143,74.89011969466672
332031,27.77846014593063,75.19580077943185
332041,27.63262812115148,75.00239833974521
332042,27.5688400089173,75.00429390439359
332301,27.98555421799511,74.93798170567398
332302,28.10603913218667,74.8606206918679
332303,27.974214458487438,75.1145718880039
332304,28.012631051744773,74.82792892599235
332305,28.039410587877097,75.06268050910381
332307,28.10915977978403,75.08120140280464
332311,27.84286348098283,74.96762204870522
332312,27.71690386944532,74.90116586116936
332315,27.72839955083908,75.06369382125577
332316,27.84195736688121,75.1769621302641
332317,27.857474212151942,74.8879478487844
332318,27.773951901680938,74.84429373730603
332401,27.904461062457685,75.11834980630955
332402,27.48901637725857,75.37715745313886
332403,27.507890514055664,75.26304391227005
332404,27.35287134835228,75.53898292331685
332405,27.586577320386983,75.33281721135153
332406,27.41462905982463,75.2012449997176
332411,27.437225521317718,75.48668480884344
332601,27.323495568252252,75.30605140926194
332602,27.372745416124292,75.3785070725449
332603,27.39199813257993,75.59802119181887
332701,27.442092790608054,75.8279922903353
332702,27.31951701913101,75.1906889204798
332703,27.249199362648916,75.1998631567094
332705,27.63610303589624,75.86986066622806
332706,27.663409127503392,75.63461563034593
332707,27.50869788714383,75.86399349610677
332708,27.591903929190277,75.68256625319341
332709,27.609579185975438,75.52105155874109
332710,27.215488802389547,75.3045116251846
332711,27.827383626724885,75.85759217866637
332712,27.41247772852404,75.69628568339196
332713,27.750270509483524,75.80082162148692
332714,27.681732139267943,75.72245235580455
332715,27.480484319084965,75.62479163481278
332716,27.833505566790233,75.72160234530926
332718,27.801994443609658,75.9752279969292
332719,27.53441406074043,75.74700117171234
332721,27.611960988569873,75.41907611354745
332722,27.489673990029395,75.50770158301573
332742,27.190463653129775,75.17619442520065
332746,28.0528078991443,75.9497010380604
333001,28.10526985973778,75.39788673574084
333010,28.180156779074615,75.2352843730317
333011,28.21765834962757,75.33625915396699
333012,27.943209342291983,75.55038449994301
333020,27.985248678901236,75.647433107698
333021,28.00518594167797,75.4851337980066
333022,27.84836544942878,75.53485134441806
333023,28.210325904350622,75.47526332083517
333024,28.12519463008327,75.52823297651386
333025,28.298147952733956,75.44579810552978
333026,28.241229134441564,75.65261932594005
333027,28.180604831874096,75.6361879976766
333028,28.099325367441,75.6110412930835
333029,28.31788766640188,75.76220321787244
333030,28.340919575235432,75.68373461270899
333031,28.41800593092847,75.65148934102697
333032,27.853476647254112,75.43612619636271
333033,28.323200935447304,75.85705383745723
333034,28.261063705121032,75.96130454632711
333035,28.296558156516088,75.58863051000313
333036,27.971233475659066,75.93464813077675
333041,28.057590039392664,75.29594677903435
333042,27.840393587260753,75.3066485936978
333053,27.834729271591346,75.61725852362596
333055,27.85667178103024,75.66414281519688
333302,27.741701745462894,75.57201904873075
333303,27.7108980627454,75.38782069884743
333304,27.801245898667016,75.33060189931732
333305,27.9129230589963,75.42163037220415
333307,27.73088887536385,75.46348436658802
333308,27.800359304957368,75.40451068088112
333501,27.886877882678796,75.76419028224156
333502,28.204006836052326,75.85936891180775
333503,27.98025605819671,75.82577573333077
333504,28.077683506143067,75.7966138700325
333514,28.04789565746501,75.70739372091163
333515,28.167736927010143,75.9854840760084
333516,28.11561428144003,75.85427877059682
333517,28.16737646591968,75.74237732903251
333701,27.98644309339678,75.19193875475955
333702,27.898138867768285,75.22501701722555
333704,28.076299972911162,75.1733302623972
333705,27.957002456630512,75.2458944538508
333707,27.97198855219135,75.34254295497755
333801,27.74338644856319,75.67421003096581
334001,28.300175956267456,73.27243211921109
334003,28.005256655397503,73.34261149608781
334004,28.035251219238123,73.28685184581411
334006,28.09350455959975,73.35400118460414
334021,28.703421918625523,73.15935029786853
334022,28.152124881515586,73.53231841954046
334023,28.625415113678944,72.50104688981254
334024,28.100232908566138,72.91561521445095
334025,27.799490781187007,73.81287650795184
334201,27.9396525982851,73.52543246652631
334202,27.9427036236216,73.68466209581212
334302,27.708545767957176,72.88688494103965
334303,27.731107005038382,72.65986150958906
334305,28.072635062846924,72.30003221849394
334401,27.970235864324813,73.26080092213552
334402,27.864459823402182,73.26553548461241
334403,27.96424886694195,73.29641404226194
334601,28.3276616592042,73.48826165920151
334602,28.36970632429469,73.87369252048762
334603,28.557213659117885,73.74845416803025
334604,28.84046511936634,73.80226374294203
334801,27.752531805855984,73.41432952734223
334802,27.66434593573249,73.69661798131817
334803,27.511026746927325,73.32741032462273
334804,27.541035379180844,73.1511345636888
334808,28.416713341331292,72.7949902231722
335001,29.9663145499652,73.87415897236444
335002,29.849401135494126,73.8986401318053
335021,29.486630658958624,73.28777404071326
335022,29.796231437440124,73.74724490093062
335024,29.67506680500336,73.43041453345351
335025,29.7346310458398,73.91665030468914
335027,29.950529184838054,73.60788648169559
335037,29.81154357651391,74.03768843917189
335038,29.960982461508706,73.74985950865835
335039,29.50202403234075,73.62594875985253
335040,29.790033690953447,73.57377307129107
335041,29.689976147683307,73.6347782950241
335042,29.657785397031496,73.79270309260188
335051,29.463072583538867,73.44543667442461
335061,29.57740796888667,73.75537324782586
335062,29.881842830671925,74.17556779894443
335063,29.790403205723763,74.44622101160908
335064,29.7753241103798,74.22379489479853
335065,29.682206650245558,74.41959232893035
335073,29.84673067289413,73.45546366019201
335501,29.044640246805724,75.21565260959667
335502,28.96548758318607,75.0438473354172
335503,29.054363505329082,75.37334585278099
335504,29.158098312619554,74.97316066075676
335511,29.199146091166217,75.30378759808971
335512,29.669311775305506,74.20178396533929
335513,29.53660005930117,74.33834540617359
335521,29.08902393524142,74.2963792025385
335522,28.967905173844322,74.31956698579911
335523,29.106292606213813,74.71489171526761
335524,29.281229545906903,74.4184041850115
335525,29.50616895174391,74.57898650443319
335526,29.509226032542234,74.48758277694424
335701,29.24375775535523,73.21607891705226
335702,29.347659815899227,73.6936030267178
335703,29.10242153222787,73.3839999004681
335704,29.188539318466507,73.61749449907845
335707,28.88690614507752,73.05765241309228
335708,28.847088326611026,72.85333057640655
335711,29.036807213859614,73.07411587506955
335801,29.527267397885865,74.19933875091006
335802,29.620874285783483,74.0375487493046
335803,29.462037030061452,74.05948798229093
335804,29.232131947981774,73.913333714322
335805,29.18438158115591,74.07782945406453
335901,30.116528459709414,73.91312211841488
341001,27.19286319284859,73.73905280182817
341002,27.386770812689086,73.79021085214933
341003,27.296320586852257,73.56165113740617
341020,27.17770465129809,73.25022954229856
341021,27.14954650675021,73.58764547482349
341022,27.3773897842725,73.99754564932475
341023,27.297272199548612,74.18691248585262
341024,26.994297613342862,73.99197049357886
341025,26.985894277546187,73.36880354483856
341026,27.05380350680236,73.78581737544839
341027,27.194489525156058,73.95264406577039
341028,26.91916326904198,73.71291514987821
341029,27.47231029927945,73.59548196006979
341030,27.133530326509582,74.14119024787274
341031,26.64023523979132,74.31913760844978
341301,27.065874862130073,74.28629368142869
341302,27.14779636040207,74.38064691015153
341303,27.3934516344174,74.5680426489516
341304,27.623025914758585,74.53735114165961
341305,27.327610800353348,74.43160475129919
341306,27.572251715052065,74.42255058098456
341307,27.52993726344366,74.62930007199343
341309,27.392782000700542,74.6427986276423
341316,27.49586557925575,74.31136500569848
341317,27.38715592273709,74.33472078422481
341318,27.250324646178495,74.48311601470593
341319,27.16394293787626,74.54135583622892
341501,26.897060976312236,74.57200850845089
341502,27.055040749678845,74.62263501485896
341503,26.913267251999333,74.28469781631487
341504,26.98061468069928,74.446676122279
341505,27.09484176338703,74.74340810362318
341506,27.29615269139015,74.68582446874937
341507,27.110601562601218,75.14446691102775
341508,27.16123737030452,74.8833833235235
341509,26.99507798652175,75.06399445162546
341510,26.57821354618484,73.99414888410928
341511,26.768142764251028,73.90027800989729
341512,26.824534959254812,74.69588661357504
341513,26.504759888244,74.27803011151266
341514,26.827123852423384,74.10615100515166
341515,26.697421238977707,74.53835581515689
341516,27.30043973895842,74.85875999938847
341517,27.240682816448302,74.71088398522521
341518,26.465170801645055,74.07931613113487
341519,27.240858970073823,74.84800918244403
341520,26.990132412608965,74.57136610519987
341521,26.756649750643753,74.28627547206692
341533,27.04617365853647,74.89441720714244
341551,27.400532087826452,74.79982898920875
342001,26.291588162825615,73.0230728229168
342003,26.272338920042216,73.00145256816757
342005,26.216786445570374,73.0159012435344
342006,26.30271512325789,73.05420357037067
342007,26.32025914411216,73.05296280835597
342008,26.27954926434928,72.97544155565704
342011,26.261832514357543,73.0341469620723
342012,26.190434877834406,72.93388891956808
342013,26.1904740812019,73.00090917593505
342014,26.053995560742685,72.82015509047874
342015,26.262961765571937,73.11458584921347
342016,26.216739489183514,73.06189293256432
342017,26.18117705474715,72.7915810539823
342021,26.589660606193465,72.15267652444452
342022,26.353491924819476,72.25162129324279
342023,26.391194780090498,72.58960881832562
342024,26.326926532499254,72.81530625607567
342025,26.583964774358602,72.39256323445126
342026,26.335463634508695,73.02934376516042
342027,26.276356229111727,73.24971321277211
342028,26.39196322845535,72.37602342386418
342029,26.784712113643966,73.27687873041455
342030,26.450884894496102,73.13221449263975
342037,26.62123988964089,73.16311051745406
342301,27.21360253854308,72.23343201990104
342302,26.930937153986427,72.65353225144592
342303,26.772281906049283,72.91323972415513
342304,26.367933123924296,73.05173384432514
342305,26.52475840240822,73.02743953243477
342306,26.58161407634434,72.75368860084153
342307,27.44028055607765,72.46389117246024
342308,27.156757065187993,72.62133319637461
342309,26.838961840194738,72.48053160013173
342310,27.62144432372726,72.28240583247343
342311,27.180475724737974,72.86938307099553
342312,27.099193196625762,73.05440922978983
342314,26.81102431924303,72.28880876038167
342601,26.39554612846963,73.62971060496851
342602,26.1918826118565,73.74158104633685
342603,26.640461007989725,73.43395337613175
342604,26.446959165314304,73.78119198652861
342605,26.208857240174904,73.51955383183358
342606,26.50051869170132,73.449828598609
342801,25.956866724200943,72.87141017599824
342802,26.06756600272024,73.05435962073183
342901,26.780328476151563,73.52955191173251
342902,26.69172784040934,73.74361034557353
343001,25.32845498095784,72.6138668723644
343002,25.31364967309978,72.63778070524306
343021,25.401222459319253,72.43156072568519
343022,25.35533596483552,72.19134627754258
343023,25.2257654266512,72.34271813564129
343024,25.135342242244974,72.6823218716781
343025,25.19968030858596,72.57179717992267
343027,24.78708542825586,71.42915259492509
343028,25.170770128965707,72.43121124170031
343029,25.04143812101494,72.20154648716698
343030,25.11212546751465,72.11839745310857
343032,25.239122570902893,72.0012270610244
343039,24.759262003820684,72.33830859893231
343040,24.851791933870675,72.02312628571345
343041,24.818619919218676,71.67844181842747
343042,25.50491772617523,72.60077181479826
343048,24.671796723499916,72.26682731777312
343049,24.880586658797974,72.27391609366704
344001,25.733152941028944,71.31478673524715
344011,26.00703113937724,70.82289616610208
344012,25.563928784064895,71.24327928555581
344021,25.804982594097282,72.6520626849707
344022,25.76236719704357,72.13416829257515
344024,25.816931559303537,72.20927776831903
344025,25.793373370785456,72.14673746736636
344026,26.105846292910893,72.52596548419277
344027,25.859622365188024,72.4299266125191
344031,25.22088385949052,71.7255005872716
344032,26.04637268738692,72.23714989983527
344033,25.53984892227945,71.8132126925263
344034,25.908254253702626,71.81393879538537
344035,25.99846514852966,71.56775969179276
344037,26.205993502232428,71.8012416853685
344043,25.55420016751324,72.49094005849567
344044,25.677914141126422,72.3921003945501
344501,25.888623351944343,70.39836875166341
344502,25.697803473320615,70.85749322108278
344701,26.210601272094898,71.33665256688464
344702,25.335991571225243,70.97408417245092
344703,25.672438736525685,71.65753740901165
344704,25.155657865796496,71.39472523100804
344705,26.289871556861833,71.16794084404897
344706,24.911706494245973,71.11307349829694
344708,25.450703532137474,71.35427125225752
344801,25.533503404945474,72.18177775356611
344802,26.12394905440692,71.9897678657576
345001,26.975244266246644,70.56728640996195
345021,26.80958524436616,71.94627779761305
345022,27.462234603456377,70.19574854516242
345023,27.114432242668194,71.93712130833502
345024,26.662904580798333,71.80419910878807
345025,26.464737301794383,71.84365758291311
345026,26.700457727437545,71.52925191408379
345027,26.416914600714886,71.03327307963099
345028,27.64291258729423,71.67754123627078
345031,27.089576554221996,71.51194937283582
345033,27.40700593931593,71.18880959157934
345034,26.463371336975705,70.47744294308745
360001,22.311004755059788,70.79402318874934
360002,22.278184289189415,70.896219287544
360003,22.413410910746435,70.84404350154456
360004,22.21423211753501,70.74865160217027
360005,22.263984081328687,70.73851448503761
360006,22.329928288295186,70.73904822277407
360007,22.305860729502687,70.76694490947123
360020,22.202725474864373,70.91869462661474
360021,22.243844708182237,70.63073286712685
360022,22.213949003227018,70.82032387655858
360023,22.33508518727312,70.98913964101679
360024,22.16047670208894,70.8132123045125
360025,22.14648510437293,71.03148309841335
360026,22.1572820613653,70.77606285533601
360028,22.36365995692529,70.8168938977252
360030,22.07025386586852,70.88406488767741
360035,22.147330763461262,70.62353824763964
360040,21.97764657439178,71.11312625352926
360045,21.856453409225516,71.02487055726988
360050,22.08738607400719,71.25378182277495
360055,22.17087554440725,71.38196709386723
360060,22.066558561538823,71.12157887221295
360070,22.079579544835898,70.63808024504263
360110,22.402224756469206,70.58008909653961
360311,22.00192325245733,70.77383425395557
360320,21.853693410867088,70.74343142148979
360325,21.786862175802845,70.89281998484009
360330,21.88078114824189,70.86098243835085
360360,21.689072204678286,70.55058973222202
360370,21.767613339061814,70.62709686658553
360375,21.77700039881216,70.61540346782891
360380,21.83324076125102,70.70218854124737
360405,21.946947614604053,70.49603153408222
360410,21.74227381041975,70.40714460520107
360421,21.662263122140967,70.35113320785092
360430,21.63386591019424,70.2739518281523
360440,21.805756684528234,70.36336548071323
360450,21.905669350412058,70.27807163939046
360452,21.980871113834162,70.37488694924129
360460,21.778025293931197,70.14252845858542
360465,21.805752148199847,70.96057951739027
360470,21.78637311227433,70.1998615352655
360480,21.911380299156047,70.16709939039107
360485,21.7666366481194,70.775463850011
360490,21.737329026393613,70.18205617703333
360510,21.935354724048754,69.77219375747879
360515,22.035423028091888,69.87143943682378
360520,22.082093826763078,70.16650134649876
360530,22.001466001705825,70.01954350734665
360531,21.840077680475066,69.97748029009048
360540,22.086019700859868,70.49146395716305
360545,21.746497290444726,69.69817599328188
360550,21.70516220874619,69.74525297958033
360570,21.652749104287995,69.84314526388606
360575,21.635844511823965,69.63531488691712
360576,21.522188621312644,69.78693370798011
360579,21.75240355297212,69.55412378939748
360590,21.847176940782724,69.57021569564195
361001,22.468409856368783,70.08851156065515
361002,22.492118264914094,70.0441402592158
361003,22.472478616229633,70.02008509225399
361004,22.42686432797304,70.04459851042544
361005,22.435449276219977,70.08759686779412
361006,22.4283765898946,69.96392773694336
361007,22.489164345582186,70.08607459540983
361008,22.49389537629703,70.05552275945048
361010,22.37047393985706,69.7155621110852
361011,22.58588944776175,70.28586722578473
361012,22.307008374204482,70.07373996517407
361013,22.307823491553265,70.23062918229444
361110,22.434290156421177,70.23366020861843
361120,22.4814450820641,70.17956829253932
361130,22.39927247982573,70.3349213087989
361140,22.394556315332714,69.85266359640232
361142,22.37596840256745,69.83459237113354
361150,22.538415042936943,70.04563740444854
361160,22.12731696403922,70.32747552429905
361162,22.24933244240932,70.45784972943724
361170,22.16421493883269,69.99222451183851
361210,22.542218482657074,70.42265116230237
361220,22.689401767216985,70.54804519132043
361230,22.582919532557888,70.21459865478644
361240,22.744804455283678,70.4143247017547
361250,22.67465089019485,70.31829106632385
361280,22.282375283043365,69.86860060940845
361305,22.217194656619775,69.59219506014283
361306,22.066939605961156,69.62146972491816
361310,22.324705840210324,69.56599882431351
361315,22.078151919158064,69.30231817903841
361320,22.016331266010223,69.40707594654872
361325,21.953688383025852,69.4902045663399
361330,22.4550982437725,69.1131454846509
361335,22.256318489616223,69.07597395316202
361345,22.390848579832387,69.00150609421443
361347,22.418414190127862,69.03260167827082
361350,22.44825114318454,69.040412011482
362001,21.498457593769373,70.4795680715407
362002,21.535692895024354,70.43392311154527
362011,21.607802792931246,70.41062235659496
362015,21.476242751818237,70.44150514906799
362020,21.54581757887391,70.77923063982031
362030,21.576265473996095,70.63164805774716
362037,21.55678066411634,70.46842111842267
362110,21.448339813504113,70.61462433878886
362120,21.32367285612324,70.62091333468831
362130,21.255713751581656,70.79534216257872
362135,21.16504403715492,70.63440906327567
362140,21.039761048914233,70.75524666491313
362150,21.05197160114441,70.53590592393094
362205,21.452185068929808,70.40396633478824
362215,21.375522517633186,70.34956521587475
362220,21.30321819400617,70.16759251789367
362222,21.39165451441635,70.24163309848304
362225,21.147877541221533,70.13787119533653
362226,21.108885090971665,70.10498702879282
362227,21.24534142665805,70.26020362241292
362230,21.33489654606037,69.93794187518469
362240,21.225752252131464,70.05450319545808
362245,21.161038308556936,70.3518167763166
362250,21.066236888398436,70.22441033924837
362255,21.02929116912862,70.35123939599767
362260,21.277243672368034,70.46056567285629
362263,21.370532477794914,70.52132600222346
362265,20.94025818153929,70.34755242817806
362268,20.91584560647521,70.52814910909206
362275,20.82712194350424,70.57192878393114
362310,21.601425722589944,70.5040254785433
362315,21.648139137937015,70.53344377432755
362510,20.758633597807133,71.0028937238065
362520,20.71755727220042,70.94725750413578
362530,20.946003009543233,70.90473938732887
362540,20.728867647480133,70.99216800061272
362550,20.801182283343255,71.13820405072852
362560,20.927352065148586,71.0304955437627
362565,20.939862002672324,71.08968205765916
362570,20.723242558712027,70.89766190244009
362610,21.485089456019182,70.28720051295304
362620,21.487127741373598,70.00257758117947
362625,21.413876751632504,70.1087781270676
362630,21.495866144631858,70.15651881342191
362640,21.59455645988956,70.18416556049868
362650,21.66066212799341,69.96725235072292
362710,20.90522152238119,70.75176397220427
362715,20.833606059947442,70.6871757561806
362720,20.807365184209768,70.78148718731397
363001,22.735584095555414,71.63042668246203
363020,22.680774420995956,71.5926059125839
363030,22.71779222059592,71.71090889737205
363040,22.803383038546073,71.52364128780114
363110,22.89357811888602,71.70689767219265
363115,22.970347762188904,71.93117850587468
363310,22.956469994614846,71.41829763327739
363320,22.885722978829644,71.58149556641655
363330,22.994433353782753,71.15778681968293
363351,23.071397437723082,71.09831542729097
363410,22.45234674592447,71.68387501686595
363421,22.577999916626904,71.82217235734818
363423,22.551048876282987,72.05267889513841
363427,22.732102192368835,71.93413435579353
363430,22.5337687925568,71.44694967624228
363435,22.58698045558429,71.56588645588616
363440,22.369651522409736,71.40508347991776
363510,22.687812362603427,71.41967990363986
363520,22.347161573703332,71.1900620506805
363530,22.611897053163297,71.21980853672439
363621,22.55048208534737,70.98266140034653
363623,22.70955639598926,71.01690681070443
363630,23.067327674026913,70.92166123143096
363641,22.812043265779792,70.80572676372
363642,22.836223388503164,70.88044504940858
363643,22.79008598563271,70.78977459060627
363650,22.583410592005396,70.7074873819319
363655,22.830478389503728,70.53519152873508
363660,22.959116315582612,70.63463306399176
363670,23.068083232132057,70.7597988669188
363745,23.075429047291244,71.76189850051638
363750,23.38944878093407,71.850907225578
363755,23.348427913900274,71.55217534825647
363760,23.191901533365623,71.67167956299676
363765,23.215233953953764,71.78863844055873
363775,22.88043332876147,71.85161564718383
363780,23.455351664776646,71.6597071073108
364001,21.773649442824166,72.14899608270775
364002,21.70822953322921,72.1803666315661
364003,21.760603733227086,72.11758166951823
364004,21.763008101187435,72.08577187872946
364005,21.782641546997787,72.19614806036263
364006,21.784022535191713,72.11479128513324
364050,21.592484470303493,72.15074398893871
364060,21.692642291330323,72.06114375079041
364070,21.610030930026213,72.26254142059248
364081,21.402520729140022,72.179722369272
364110,21.66858933848265,72.22659166071969
364120,21.502703424797637,72.14457146183902
364130,21.195566509965023,71.94732378437303
364135,21.197199848488193,72.04943519687029
364140,21.332808859869523,72.02897653268302
364145,21.33586259355671,71.8546910198734
364150,21.43301022719598,72.06639110137262
364210,21.718324373135598,71.84257947816583
364230,21.704680266709303,71.73108678119797
364240,21.684974142711994,71.9453823765735
364250,21.685428464115166,71.88662511213843
364260,21.549508495949855,71.9826217543365
364265,21.49528797735976,71.72874095305241
364270,21.5157011256436,71.82066452421698
364275,21.59724830495831,71.65356329309422
364280,21.232684880169263,71.63077821757915
364290,21.112360048869295,71.74002161272453
364295,21.21276984460382,71.82701312579545
364310,21.95334836824285,71.91232674416158
364313,21.940510179273936,72.06558686597921
364320,21.85391262562977,71.72649524538367
364330,21.850661804660653,71.82587298204359
364505,21.504114707801456,71.58158088368435
364510,21.364195965077897,71.67894361145589
364515,21.349834915869035,71.3417634056862
364521,21.43364923559203,71.3464194188154
364522,21.191201455854742,71.34114165380595
364525,21.38630820932538,71.5251906285443
364530,21.23464372463311,71.4757263289679
364710,22.142396039843504,71.66695228411375
364720,22.283458879483128,71.53931912731592
364730,21.867124036404718,71.54707568595829
364740,21.758294474373045,71.613297069208
364750,22.00824188888541,71.50335215996424
364760,22.01282406845966,71.74149024371077
364765,21.99176280802296,71.6384560878881
365220,21.656866075167603,71.50457538552162
365410,21.85907213897578,71.16718876152166
365421,21.91171472039544,71.2885967173899
365430,21.686983172375275,71.34627861481114
365435,21.808051659176257,71.38940939436365
365440,21.477283531461378,70.95192205985408
365450,21.670904242650998,70.98912112480791
365455,21.657203125400954,71.10145732900612
365456,21.578941278484923,70.9541238799133
365460,21.75330176888551,71.11109232846866
365480,21.691535267413087,70.84058903282191
365535,21.517110955696122,71.39473789300662
365540,20.9011351822986,71.36873273921995
365541,20.905749269410183,71.45102620495152
365550,21.021901704221435,71.24748510280344
365555,21.04659091855967,71.58963660334592
365560,21.05033121106161,71.45525090436944
365601,21.57181522235109,71.22508961325121
365610,21.54906559461853,71.10273461644258
365620,21.729293744408498,71.20227117701191
365630,21.407251839959752,71.14974252856238
365635,21.249510371900104,71.21547199332034
365640,21.252336651798913,71.0215060546623
365645,21.382286329586382,70.9136635697987
365650,21.11996587059868,71.19663653762056
365730,20.898016355375244,71.25151550676375
370001,23.503696365156383,69.8125743364685
370015,23.187604941402032,69.66152393965558
370020,23.261457479603738,69.8509287728938
370030,23.238096414244197,69.4122141122213
370040,23.18590133932383,69.50795039398463
370105,23.183247469888396,69.81275093523449
370110,23.137381300409324,70.044956378671
370115,23.316479357557405,70.06339197540501
370130,23.047845488852413,69.89030820440506
370135,23.427339812369496,70.48683142508538
370140,23.392488412796656,70.33145930985242
370145,23.33343468176499,70.77197432563747
370150,23.252956536705724,70.57398558837669
370155,23.433140185264218,71.16127286814886
370160,23.532394663293235,70.86481062639167
370165,24.03593640038189,70.70218190871275
370201,23.06264533169685,70.13353821574326
370203,23.069560319398047,70.1189208665499
370205,22.998019980279157,70.05657734787913
370210,23.00332520328883,70.18084163328989
370230,23.030556340900052,70.13860868734561
370240,23.13170803473478,70.16147416253203
370405,22.92441277519438,69.61043543867378
370410,22.948435735194902,69.83303340272187
370415,22.899361089317527,69.6800817800542
370421,22.842237874704427,69.72689245026261
370425,23.006673668561522,69.70078632145572
370427,23.114176536314964,69.6422600958938
370430,23.09046507224987,69.57132929341188
370435,22.90873683696433,69.50921728583828
370445,23.103364008492346,69.36930030125275
370450,23.0171818055963,69.17298978403011
370455,22.8366634145707,69.43847169973797
370460,22.901256820766395,69.41101741680149
370465,22.947564175095028,69.32699022959727
370475,22.914634543124315,69.15928443294902
370485,23.040115187562755,69.47164401432684
370490,23.053208977839777,68.994100484445
370510,23.92985266351632,69.64517227007389
370601,23.771486112160964,68.47139549577469
370605,23.888330991365205,69.12183183653451
370610,23.256549427333592,69.3542180889565
370615,23.30869456908153,69.24235808958068
370620,23.42676689580696,69.02176632650382
370625,23.548372472856155,68.97734175128882
370627,23.932929907327544,68.86067920822664
370630,23.627160221813508,68.88833043374723
370641,23.194169950461458,68.7418789752089
370645,23.13043570417909,68.88867596681642
370650,23.224962321544304,69.1124697480067
370655,23.42652276699167,68.7375434420838
370660,23.291078129359782,68.96468608267811
370665,23.47658016383875,69.30760098503556
370670,23.394034835224236,69.12004023314881
370675,23.31811750783576,69.34031854706267
380001,23.02593276280767,72.58559610512914
380002,23.026588018048802,72.6007385077369
380004,23.06246068765601,72.5988628259813
380005,23.091859989071466,72.59974524398787
380006,23.022273650186104,72.5612197749201
380007,23.002023015387177,72.55215498670154
380008,22.996122249217233,72.61138509921638
380009,23.039124364208867,72.55900309912342
380013,23.059243020938354,72.5635119848095
380015,23.021442474746767,72.52526181762111
380016,23.05093194626587,72.60891038710338
380018,23.030128283260886,72.6095098564315
380019,23.100779315033538,72.57586779384562
380021,23.017111471762192,72.61550582317213
380022,23.009807362195474,72.59082071256296
380023,23.017999111067063,72.63271983989722
380024,23.03190779474936,72.62906674254255
380026,22.99946117448715,72.63156932347498
380027,23.06735766163826,72.58274215281304
380028,22.9962815952721,72.58539460241875
380049,23.045678045004166,72.66905601109286
380050,22.979382836568817,72.61331689224045
380051,23.000479913220648,72.51508692618897
380052,23.049157875415087,72.53626992841409
380054,23.047119885695253,72.52271957162857
380055,22.98312012277642,72.52071350250233
380057,23.003098585667693,72.44900367094378
380058,23.026285952018522,72.47421500977937
380059,23.053140697141156,72.49335626837086
380060,23.106010097511525,72.5135852089861
380061,23.071131409600966,72.53747063166983
380063,23.06034692255556,72.54660883742027
382006,23.208011302906677,72.62685132781483
382007,23.200746004556574,72.64837328158549
382010,23.221016379879096,72.65339255896578
382016,23.22923987173831,72.62600284053926
382021,23.22906716494263,72.67193976815517
382028,23.257862644176342,72.63705222943959
382041,23.25221773707742,72.67336242468389
382042,23.25015117081791,72.70084814753558
382045,23.238371740003966,72.70923562504602
382050,23.160638935265606,72.68898722713696
382055,23.21001976345946,72.6900962274171
382110,22.898821725098912,72.19749606825546
382115,23.06444719164655,72.38570814908348
382120,23.376847943896554,72.12720281323362
382130,23.31898057476101,71.96326170312084
382140,23.26977591042802,72.12592470470153
382145,23.39633954646935,72.24122473804466
382150,23.08417912654207,72.0567239387761
382170,23.032582571267568,72.24559573225712
382210,22.944522858694075,72.4871405389753
382213,22.90505901702309,72.428541796806
382220,22.822334943854752,72.30981195686981
382225,22.70801276483855,72.43522225303528
382230,22.592097430340004,72.21703890117794
382240,22.67237902732042,72.28011775512894
382245,22.339277313019515,71.7386739507709
382250,22.257309492491558,71.95624718747519
382255,22.250318721272805,71.78223671183375
382260,22.82437722385509,72.47391955018504
382265,22.581999598979586,72.43963743086903
382305,23.153783735432622,72.82637302086655
382308,23.092643872172342,72.90218046420061
382315,23.24218067498374,72.94588389840818
382320,23.35451086536043,72.75131318523287
382321,23.297607056318633,72.80222438799915
382330,23.09339827788167,72.70728625508136
382340,23.0816779579664,72.64717782632601
382345,23.051195784858898,72.63654309667618
382350,23.039517588358414,72.6438968955393
382355,23.181643759895817,72.73702547019194
382405,22.96041603685486,72.57084235375935
382415,23.020389311745657,72.66108962927643
382418,22.99956042592532,72.6709955890812
382419,23.16691674343405,72.62278834235015
382421,23.158277218382167,72.59057586415294
382422,23.22939682362352,72.57347217709149
382423,23.19480852620727,72.5443598393864
382424,23.11650293060461,72.58711972712531
382425,22.860252347972725,72.54393651520384
382426,23.1560782289346,72.65175837797355
382427,22.904256176884555,72.5804443123498
382428,23.107794230534843,72.63252978695547
382430,23.02923699070872,72.73204839755954
382433,22.97871837252297,72.78999622085664
382435,22.91727730983154,72.68820392344838
382443,22.976095717885947,72.60081296672602
382445,22.952422764758172,72.64008217777076
382449,22.965695379434905,72.6892269152896
382450,22.164856655447664,71.90911397860413
382455,22.1394018672573,72.22718235669686
382460,22.394995188562426,71.99487762903267
382463,22.276731920330803,72.15233798235671
382465,22.397259562831028,72.22401240472861
382470,23.10963350368962,72.55968527851256
382475,23.085231973773716,72.63208778573396
382480,23.079639663142302,72.57144226684615
382481,23.104859426888144,72.54201540269744
382501,23.155134143667134,72.54395844896051
382610,23.275099128115706,72.670698520924
382620,23.29112862561639,72.63165917522821
382630,23.30502025634959,72.60276613086974
382640,23.283516850716897,72.56194161526047
382650,23.34240768468333,72.67295228146259
382721,23.245324882791103,72.4963069544367
382722,23.12788013398631,72.46096964203848
382725,23.191068489371716,72.46258149494672
382729,23.27428978063223,72.44183236819444
382735,23.373922429086377,72.56358753659977
382740,23.30453234164323,72.5041274950605
382810,23.501176106186318,72.6442344164031
382835,23.445734527559875,72.74475920260429
382845,23.422232639818976,72.64225511044604
382855,23.488935596005447,72.75832522536798
383001,23.598267208367485,72.9635978162173
383002,23.605964233800506,73.0189906156783
383006,23.5521157588505,72.94368433841706
383010,23.687194191549047,72.96699458059183
383030,23.530793403297412,73.11142656042969
383110,23.747286821984545,72.95807368758392
383120,23.510993361412137,72.89167175575125
383205,23.437465548289502,72.84446668724809
383210,23.483859019988135,72.98598792949882
383215,23.35899317110064,72.93459897308624
383220,23.63680943747114,72.86942747742458
383225,23.760136519992137,72.83706404934497
383230,23.81853400811513,72.8799892358402
383235,23.962356142035713,72.97472386816177
383240,23.660292723987165,73.18795857039471
383245,23.7555479092203,73.26040050869574
383246,23.859272918899197,73.31450793159308
383250,23.637436087039205,73.31330114682451
383251,23.66440900631359,73.45251450258009
383255,24.07757164403499,73.05295948029784
383260,23.277318615015794,73.12373641509244
383270,24.18007340097841,73.0205317432779
383275,24.030880214001233,73.13752647575247
383276,23.563110961327066,73.20300679785687
383305,23.396404689402853,73.02826173468844
383307,23.34231205597224,73.09348625444477
383310,23.362024041482748,73.21202584222661
383315,23.46080427368111,73.35853426292475
383316,23.479609611469765,73.1938346219977
383317,23.55633258428321,73.32470258466775
383320,23.584787147386155,73.24710365647263
383325,23.221452098735078,73.12706079913491
383330,23.163550616985944,73.21155018730656
383335,23.27315128757231,73.3365537835921
383340,23.176608709053614,73.30387163230988
383345,23.35335779807629,73.45043354373114
383350,23.52664688488158,73.54430173552753
383355,23.71099008948985,73.37414167810311
383410,23.82441913958176,73.08511510756774
383421,23.7436937771077,73.09514089010395
383422,24.375740224641447,73.05692814041227
383430,23.84892537463854,72.9805460921978
383434,23.9077396421048,72.85786801246317
383440,23.9230832053125,73.14545788626782
383450,23.828589599023882,73.19377461064258
383460,24.003070951331903,73.29132102776586
383462,23.949389008808293,73.37312409479992
384001,23.60326105190603,72.41014497718312
384002,23.604044764876182,72.3662084049323
384003,23.566778351237442,72.3694056411517
384005,23.629911204207737,72.3345560829289
384012,23.52420938095751,72.45676988339532
384110,23.83737183767867,72.27780442723237
384120,23.69599692829153,72.38292944780797
384130,23.888314581198607,72.47967035455675
384135,23.86758585738666,72.3474673094003
384140,23.862155825550758,72.40365973667889
384151,23.92745934590778,72.3587227432179
384160,23.75913649600875,72.35762702345293
384170,23.808271766266678,72.41458629156811
384220,23.70842225602616,72.097394064711
384221,23.62037268878012,72.11706960044208
384225,23.662156128537138,72.2229643183259
384229,23.691544197569055,72.25139929713153
384230,23.66003561251522,72.01076816056555
384240,23.737746198371383,71.89840343877609
384241,23.55500807192561,71.748889679803
384245,23.651128574995006,71.63089527836473
384246,23.482819528123724,71.82225298972993
384255,23.790572032400856,72.0176783047817
384260,23.73753434400206,72.28791664967785
384265,23.85722323178941,72.11720497582792
384266,23.90722047496056,72.14407979263423
384272,23.951845118622938,71.98816029239562
384275,23.772635751005343,72.21417992896139
384285,24.02726039660173,72.14439140420976
384290,24.013877004785083,72.30027535895044
384305,23.6130360732276,72.53467320372069
384310,23.729182948648145,72.46900487466823
384315,23.712677626151194,72.57013593707843
384316,23.71275846291536,72.51092129652466
384320,23.78949850154597,72.56106292613522
384325,23.915006744711377,72.64595775125858
384330,24.02311292181993,72.76694496045728
384335,23.843075063858148,72.73103689953913
384340,24.05032543659533,72.67857791029613
384345,23.830874618958166,72.5733536420368
384355,23.774484104602507,72.67754167096483
384360,23.96143130344171,72.81470136327586
384410,23.53317303141564,72.22489078311166
384412,23.58831707219436,72.19557724544862
384415,23.524428929685094,72.05268039794305
384421,23.44743987700677,72.31401716321521
384430,23.467695915479677,72.22645339628082
384435,23.497538695486806,72.36136734011355
384440,23.299790386380863,72.3193959873285
384441,23.18421560830132,72.3741475445496
384445,23.16315461462071,72.25636898163343
384450,23.3768666887703,72.4467796794186
384455,23.44382771795309,72.40659597216937
384460,23.511406326555427,72.43610051840426
384465,23.47189547258731,72.51539684730396
384470,23.479086208346494,72.56198726597604
384515,23.59076947966628,72.70519761467408
384520,23.596118865303783,72.66631966462829
384530,23.58725484116212,72.60884636024979
384540,23.64928045963221,72.70961124072466
384550,23.539785642298423,72.71340198779028
384560,23.686060079774528,72.75673314406009
384565,23.5437767195147,72.56283836574809
384570,23.62194633663057,72.77780684691668
385001,24.211436553970124,72.53882395745636
385010,24.29231096699328,72.43881548545252
385110,24.28111220990282,72.89123144472492
385120,24.14538274674256,72.79858483122241
385130,24.379758221115427,72.6475291636042
385135,24.361395875513438,72.52839930064225
385210,24.02222073715504,72.40203294380296
385310,24.528929005474204,71.98225087366188
385320,24.055151265966085,71.55610733509285
385330,24.194420631603958,71.77792459590727
385340,23.86127358466995,71.58133719569506
385350,23.773613619529034,71.15498500928008
385360,23.7918533805668,71.37373964486886
385410,24.105120186079713,72.48346071286716
385421,24.030175038133223,72.54608694746999
385505,24.393508480870544,72.3513498626074
385506,24.322101771960007,72.31417613679643
385510,24.251680654917358,72.3302196446018
385515,24.134800660818822,72.26867670960999
385520,24.082786553287438,72.37503062850281
385530,24.207188694084433,72.01004782568052
385535,24.331798477755676,72.14822218130408
385540,24.133916337786836,72.11634591065787
385545,24.52353694501597,72.23882848942307
385550,24.066729195276462,71.93707187980017
385555,23.967108058984255,71.84677927184349
385560,23.891342246761287,71.78990140997877
385565,24.480096426383074,71.7008923032011
385566,24.57012488302905,71.51620701375516
385570,24.141138742840603,71.35345659253352
385575,24.335457186508194,71.43935624446061
385581,24.33121889741458,71.86790373951582
387001,22.70065954720341,72.85966518868292
387002,22.698308939949904,72.8370023131595
387003,22.68468457185192,72.88066419162517
387105,22.946639608310416,72.85309697338072
387110,22.902319077550764,72.80953919270158
387115,22.703044375028252,72.97963693932765
387120,22.852550413570178,72.6654725176597
387130,22.797651093484134,72.77682632113816
387210,22.59390050531975,72.69759879378375
387220,22.585772471465383,72.75842121606597
387230,22.67539962022733,72.81365182332654
387240,22.543903017547596,72.72410291088518
387305,22.805678879680766,73.04124983492382
387310,22.591850192651915,72.92754292263044
387315,22.669853707212688,72.94638986117837
387320,22.719082299139007,72.80698390886081
387325,22.617356776062227,72.91381477142984
387330,22.752002702354545,72.99666990744794
387335,22.834909283222263,72.9576996321791
387340,22.85663867584331,73.0498742040401
387345,22.61502822472757,72.87535408027891
387350,22.700876017864612,72.76656231022542
387355,22.65363568689308,72.85107248484437
387360,22.728542703817286,72.9256456646266
387365,22.98175391115279,72.98986894426591
387370,22.652444213322283,72.89346069700059
387375,22.59216834359952,72.8663201812984
387380,22.637719685191776,72.73157448010146
387411,22.752143343109125,72.68296334544951
387430,22.841394442355238,72.88301015413363
387510,22.669369589445058,72.69740308928047
387520,22.608941111971788,72.61808564947768
387530,22.644379966990893,72.59247819702409
387540,22.790272876548872,72.57595688586761
387550,22.74615000779598,72.59533736560368
387560,22.703708978435944,72.58553875356138
387570,22.71379432692292,72.7140635726216
387610,23.05913471682801,72.97771433007797
387620,23.049553419169385,73.14090502598128
387630,22.91013371916846,73.00184670517943
387635,22.975377946413186,72.9012865770816
387640,22.9458037271145,73.16762147534517
387650,23.119806691829748,73.06719509881444
387710,22.642565423905875,72.79891411275905
388001,22.56141264570811,72.96127642414018
388110,22.531948097968847,72.97605310083074
388120,22.545472344744265,72.93176359899017
388130,22.486101842084395,72.87102503297398
388140,22.399920100826993,72.85066404185909
388150,22.462387047198913,72.71025323432018
388160,22.46597315981141,72.76760472246448
388170,22.402682579839794,72.67082843508327
388180,22.48984871885836,72.54517878972126
388205,22.648992663509244,73.04565401210952
388210,22.625894296606074,73.14913524753366
388215,22.732824691731064,73.08460135396928
388220,22.70128316750704,73.09856881957114
388225,22.820864360568745,73.13150850899787
388230,22.71412290245314,73.22040799734434
388235,22.926527784832583,73.3115652104938
388239,22.860240460231715,73.3558168245824
388245,22.811553873742685,73.33909607856684
388250,22.83712759323939,73.25428081420804
388255,22.99054342375464,73.3448600854087
388260,23.21240906697604,73.44631701860268
388265,23.08863618371984,73.31669980747745
388270,23.10894625022467,73.4713765487815
388305,22.472966835495832,73.02323721590074
388306,22.46668942672485,73.06755766216374
388307,22.415058601304754,73.03552810328867
388310,22.651480756648365,72.99059595400955
388315,22.570103911559627,72.90097407385024
388320,22.563332467355007,73.0078881713734
388325,22.54691618627686,72.88069010691173
388330,22.56788101360342,73.09248713087068
388335,22.591927434132813,73.05563026719689
388340,22.52150693821813,73.03456208971237
388345,22.512218581199445,72.93646902147069
388350,22.48148264569191,72.98133679355097
388355,22.49723569949323,72.95307027404658
388360,22.614672831894822,72.97422250938202
388365,22.540169965477368,73.10571825934557
388370,22.50690212730152,73.00204350931502
388410,22.554024866835324,72.83057363428948
388421,22.593043242714327,72.811073774724
388430,22.402578419580266,72.79051441664384
388440,22.57604175175366,72.83178057157208
388450,22.48792311620982,72.81603912673233
388460,22.538296732290405,72.7761566732774
388465,22.506981665890706,72.79022153667215
388470,22.53323881617811,72.81430891056549
388480,22.439594521536414,72.82344412438229
388510,22.357341314923783,73.00600474447847
388520,22.29398866133533,72.9934746366907
388530,22.308654584612952,72.88910439675233
388540,22.418262317792845,72.93176537703211
388543,22.34848207986052,72.9558097489574
388545,22.442578434678595,72.88260811253706
388550,22.288271057210704,72.80352975634435
388560,22.458659435910768,72.92837981944673
388570,22.346731631779786,72.81789738193878
388580,22.370513677567732,72.761755442775
388590,22.371924404227244,72.8659216345439
388610,22.25225044963103,72.76606172424562
388620,22.268325386502564,72.52334934114414
388625,22.399797132782105,72.4768250358608
388630,22.33626557837446,72.65179645826524
388640,22.315809820410053,72.70993171672825
388710,22.820256293274575,73.41406218499972
388713,22.791281826479715,73.48128332575111
389001,22.755180658537423,73.60923695879056
389002,22.853086431440122,73.56539521111867
389110,23.072279658443982,73.82242149507893
389115,22.958855698890773,73.85320986902931
389120,22.820452106264117,73.76119934486104
389130,22.87521776977912,73.9262955209805
389140,22.806127991832536,74.03599877822776
389146,22.908502745539437,74.06473305884859
389151,22.838119989361978,74.26243534927316
389152,22.737600529216788,74.17393824992936
389154,22.79083986813472,74.368985044433
389155,22.66377608739629,74.26961367871849
389160,22.87294143709028,74.27795660537731
389170,23.108433074354313,74.18260203133349
389172,23.27541490096544,74.0140408472011
389175,23.043017885280907,73.96754180165962
389180,23.004340485984493,74.19110017142535
389190,23.15027445689269,74.03768256689602
389210,22.96504921028107,73.66126312816802
389220,23.013329685795657,73.51107035759617
389230,23.186949864400425,73.65600148494373
389232,23.381988869109943,73.64074004791291
389235,23.211298299737372,73.7038451630281
389250,23.339567340037352,73.79164946217425
389260,23.20800514778545,73.91255498557776
389265,23.218690213293204,73.79413122787703
389310,22.629311903754722,73.55268648305726
389320,22.668585562349715,73.4495609596586
389330,22.580499145968183,73.4499253149933
389340,22.720545067846125,73.56766597444707
389341,22.6530272674144,73.67666344632308
389350,22.51455273506843,73.4891747572023
389360,22.443076482998293,73.54067018218207
389365,22.545099005238253,73.67500389876886
389370,22.416416470211114,73.61704195953911
389380,22.643937452260285,73.88154494142802
389382,22.629349490131666,74.09121979737566
389390,22.37660634975726,73.69695482385244
390001,22.295498584537967,73.19460020450157
390002,22.32958444645636,73.18535804044045
390003,22.327265350717422,73.16679963428113
390004,22.25485629482593,73.260757506534
390006,22.311275774084155,73.21574315450508
390007,22.301655709264516,73.16363983400278
390009,22.247995227677634,73.22122223543595
390010,22.25682244384194,73.18162543943345
390011,22.274376819660606,73.18569391803712
390012,22.265806128615324,73.15723293213426
390013,22.232765189865585,73.17671235993575
390014,22.21477969230412,73.2094379930517
390016,22.33760854959241,73.15150658858165
390017,22.295625594645074,73.21545008384435
390018,22.318264448928492,73.19858633247935
390019,22.326049175316328,73.27948155417779
390020,22.28094018016079,73.14196067029533
390021,22.317590843457957,73.14169950183754
390022,22.36312021800021,73.22982126358616
390023,22.32546528617492,73.14487436392498
390024,22.348414386036325,73.1894859526131
390025,22.282570805333854,73.23482254145665
391101,22.307095614223943,73.09883793667738
391105,21.99522833607867,73.41216112584594
391107,22.185033592423107,73.33132520471692
391110,22.10953243143322,73.44024962201024
391115,21.92321048545504,73.3382191147601
391120,22.00208682026585,73.59420797571278
391125,22.26710090440351,73.60245258445555
391130,22.141817865008985,73.66649924625501
391135,22.236739816430845,73.79947564926034
391140,22.144107777319704,73.79262344357954
391145,22.157051360951108,73.60040088513489
391150,21.991568067612153,73.8005649099621
391152,22.05509760423928,73.86688449001463
391156,22.353685283189417,73.91780204685409
391160,22.40013874028506,73.83013423965507
391165,22.3981169739299,74.04650953931876
391168,22.186247335708174,74.04489386349204
391170,22.03368769634184,74.03449537285012
391210,22.07774912687107,73.23736033229473
391220,22.106635211321656,73.24128686704167
391240,22.052715417456017,73.09147473572979
391243,22.158689445050765,73.16903260595316
391244,21.96619737434926,73.15618192686388
391250,21.98021819305,73.28378802585219
391310,22.36752752492269,73.140938991955
391320,22.363719024678197,73.1342044541553
391330,22.35442284980449,73.08965665836422
391340,22.42797079713228,73.09543492670471
391345,22.351592115966515,73.14147784403038
391350,22.40192170740549,73.12083758366967
391410,22.264235247060466,73.13101828828786
391421,22.109651214102524,72.9016759511997
391430,22.1360544113336,72.95886873420291
391440,22.236351514440877,73.03840862454383
391445,22.16435501622131,73.05491692320471
391450,22.214909093358703,72.90802622285396
391510,22.447807659391977,73.35207611588778
391520,22.523040620810875,73.29812760493613
391530,22.656699186697825,73.34712995153194
391740,22.38505553893931,73.18051611283398
391745,22.424696370342083,73.18829212798511
391750,22.377784342144395,73.14901330182346
391760,22.31340833603128,73.39591253828146
391761,22.282149482806105,73.51141060907895
391770,22.591957142976643,73.24981083888393
391774,22.735249456874833,73.31675550160779
391775,22.48750528355535,73.2054474953184
391776,22.447357604530147,73.20740823363373
391780,22.504308287799986,73.14252633763603
391810,22.17719473936796,72.84478983757462
392001,21.697095402948797,72.98437599358624
392011,21.74100755426646,73.04529646944262
392012,21.71001161498413,73.018220237079
392015,21.733359176540194,72.98846879238391
392020,21.79745926487059,72.93068448517076
392025,21.89365723132889,72.92873256189432
392030,21.77137808598001,73.12454011022777
392035,21.979066323804332,72.93549419690657
392040,21.9946412269302,72.62168874192592
392110,21.96802533116275,72.83198201454711
392130,21.721187939309267,72.66424804551936
392135,21.714226794602244,72.6554233116278
392140,21.853553618223643,72.77644091301302
392150,22.05988094768143,72.79149310925735
392155,22.09160111111166,72.6191123356568
392160,21.71114049199505,72.8482397558676
392165,21.796141725246837,72.67075914246773
392170,22.171216775453175,72.62721848219944
392180,22.153979548081825,72.73930179597855
392210,21.817454025274355,73.06113155074468
392215,21.830116974158898,73.11295575664344
392220,21.91257965569078,73.09626700358606
392230,21.97385474848453,73.01527063198671
392240,21.871776936044757,73.01444061547208
392310,21.95539011405086,73.07180985072954
393001,21.634760349676537,73.05261472533894
393002,21.61228644153173,73.0233707470555
393010,21.664492507613478,73.0288248715709
393017,21.76584070175992,73.18019120586365
393020,21.61624864357395,72.90453799547144
393025,21.49961573105833,73.88756592707045
393030,21.553480306742074,72.7398076028153
393040,21.69561548807626,73.67387057101841
393041,21.539435406156162,73.635136764768
393050,21.382862759994506,73.70875583065735
393105,21.836145634683596,73.19740489898872
393110,21.661718532202134,73.20010078335365
393115,21.733338320749336,73.30761839189239
393120,21.83193395927862,73.28224335798485
393125,21.542127668655084,73.27318788895066
393130,21.600623134650505,73.41719928081282
393135,21.54432759541939,73.18387829382273
393140,21.845047447504726,73.3904495986934
393145,21.83970918876032,73.49572438980333
393150,21.934719359903628,73.54505463435511
393151,21.873030226389282,73.74921011397792
394101,21.240710200661265,72.88685880482709
394105,21.238186097634284,72.86685241021337
394107,21.25538940106879,72.86096844187288
394110,21.393721937750456,72.94391702299015
394112,21.38161158956543,73.13194248755798
394115,21.5411446014516,72.95347514839935
394120,21.460097383444,72.96119033075934
394125,21.512139920375876,73.01938383339599
394130,21.329488100559445,72.85415106837294
394140,21.29871676097141,73.1152065663452
394150,21.306488158986042,72.93404359704488
394155,21.318215445989207,73.02544561294665
394160,21.311511702805834,73.34997711018688
394163,21.30371677828098,73.21166278030285
394170,21.336894682152266,73.1026641339989
394180,21.27737469697254,73.00722507709808
394185,21.238127832514504,72.98050520418326
394190,21.273658279438628,72.94388195934916
394210,21.140075968624764,72.85955990377994
394221,21.139507253210212,72.83784759938551
394230,21.083443021864454,72.87063802296119
394235,21.061956099464382,72.91438139244349
394240,20.96649419405913,73.1773377410233
394246,20.940980879919554,73.17394200172313
394248,20.900599620326375,73.25298273548594
394250,20.99541646392318,73.13633555015807
394270,21.123678727807206,72.6532575222618
394305,21.14705593658518,72.97611105009734
394310,21.13891275949378,73.04594572140975
394315,21.07969650550536,72.99098887079309
394317,21.1131773214757,72.98582756359275
394320,21.219437404325618,73.08113305504487
394325,21.192401924992346,72.9670226643869
394327,21.172463520814368,72.95517151943096
394330,21.256689224754208,73.09710563112216
394335,21.212726008293686,73.21428564881562
394340,21.137967377394812,73.23727687165963
394345,21.173686122538086,73.07292787910691
394350,21.04944649773829,73.08673373940618
394352,21.042884592615845,73.03061230554533
394355,21.168113607910943,73.14540275475224
394370,21.507962238789563,74.22914730897956
394375,21.287097726783106,73.8141681638504
394380,21.485216648215633,74.027592375945
394405,21.440344186043763,73.05606295289424
394410,21.479203572777493,73.12757162701793
394421,21.456520501530868,73.17228211200177
394430,21.434788073616193,73.23889983782297
394440,21.429882804291434,73.36047458201841
394445,21.434886804305208,73.53530197224516
394510,21.181218418787076,72.74561910894965
394515,21.172776582462852,72.70501042372537
394516,21.17263217399773,72.68960379396016
394517,21.183028958316285,72.6623734414693
394518,21.15669941522631,72.72903510510899
394520,21.272641957534947,72.80667159238976
394530,21.392110511665038,72.66111276324257
394540,21.359769127200963,72.73124313502191
394550,21.106782748106344,72.71597419039173
394601,21.127382949094706,73.10370907964501
394620,21.074345990751038,73.17197814630232
394630,20.975283802080654,73.34030227203867
394635,20.886615800603614,73.41484503330662
394640,21.03746073578032,73.27442623041857
394650,21.123085427234543,73.41309838807196
394651,21.206128649860972,73.38067630185044
394652,21.06963990067125,73.48114336416208
394655,21.019290662053447,73.46236770895692
394660,21.214059920229207,73.5866134020824
394670,21.14305763704781,73.55822235061969
394680,21.276961391626585,73.53728890906586
394690,21.090371680963163,73.30023964527233
394710,20.74531011839782,73.75362528768152
394715,20.898313737847886,73.57796058390801
394716,20.93924513534029,73.77057126861888
394720,20.59388884434653,73.73187945303356
394730,20.72017788897112,73.57364468164685
394810,21.468001607574678,72.83184764119582
395001,21.18115308032031,72.81441150792378
395002,21.18035400933995,72.83448775751033
395003,21.199913204549677,72.83111490013913
395004,21.23284055694476,72.81897742379404
395005,21.249187893764194,72.70400264181688
395006,21.214259778264946,72.86185137937355
395007,21.1239112934959,72.77623481799128
395008,21.221795906375828,72.84713802520672
395009,21.20173402574534,72.79185266333083
395010,21.18957900673612,72.87577568298725
395011,21.203926091209155,72.88176197142236
395012,21.173553341384714,72.86812086052768
395013,21.2272801545028,72.91860137992143
395017,21.1569391674093,72.81000045760388
395023,21.12527795665229,72.84998018266667
396001,20.6076919483224,72.9272285577914
396002,20.593708407161063,72.94801749968265
396007,20.5822337836846,72.97006469288584
396020,20.547347940366784,72.9471923365032
396030,20.621928005035713,72.91220543531769
396035,20.628085097752862,72.97547155558328
396040,20.636189205873222,73.12870487227563
396045,20.633007735501746,73.03582480008328
396050,20.48537926438773,73.2606560019879
396051,20.56960180189985,73.32891570572752
396055,20.541092617612335,73.06992007922236
396060,20.67887916545435,73.21010243204908
396065,20.448539850156248,73.17929354116981
396067,20.303353510570116,73.29206420576806
396105,20.298522480256324,72.87792823212818
396110,20.745186274463695,72.93565996214376
396115,20.469142051893357,72.86861853095849
396120,20.24099660010124,72.80417706769126
396125,20.49240871153922,72.99351165297256
396126,20.401585974233463,73.12154286867707
396130,20.297161056699718,72.79721947221826
396135,20.240640256290312,72.76022176736033
396140,20.33578307613395,72.79162461892528
396145,20.42730028332247,72.99528739389895
396150,20.21098884549489,72.82835081532154
396155,20.296934985201815,72.85192618697033
396165,20.150485077363275,72.78977570778584
396170,20.18022993078502,72.76307944962213
396171,20.17019389397426,72.78246623515548
396180,20.486479704295316,72.87915456835879
396185,20.462328176862655,72.92019339222526
396191,20.373201388761863,72.99206319112172
396193,20.329009587208382,72.98232525498858
396195,20.353814896791622,72.93077164112786
396210,20.427467280410383,72.86419819140312
396215,20.40556742939007,72.8776117386451
396220,20.387785316783553,72.83826182865371
396230,20.192261199723653,73.10193281411664
396235,20.251510049191687,72.95572936031391
396240,20.19698422369744,73.02342150723511
396310,20.790948315114846,72.91100463068213
396321,20.767493068668827,72.96720575396184
396325,20.751533652380136,73.00648686051302
396350,20.867240140984944,72.99836771147433
396360,20.816891590604417,73.01678162460605
396370,20.83730934841289,72.9786333804949
396375,20.68952900846875,72.96722035990126
396380,20.78364933154277,72.985442518773
396385,20.714740975579897,72.89505661008499
396403,20.89308356319744,72.8707149758027
396406,20.858270096340856,72.89924244801679
396409,20.79064252634907,73.07694679297947
396412,20.843114948541952,72.83829040861745
396415,21.032352242289917,72.94244676531059
396418,20.985088818179857,73.01880490264153
396421,20.947108984161606,72.89233269640089
396427,20.968495413995857,72.92477794299208
396430,20.85970485865978,73.07885160621855
396433,20.904817843373312,73.02811976045001
396436,21.003019047130433,72.80803504587908
396439,20.911713023391766,72.8323470447851
396445,20.952535861321753,72.9246615971617
396450,20.920874560457037,72.91336680939138
396460,20.817769658285716,72.877462456022
396463,20.922262114807634,72.98299642725125
396466,20.905811476133763,73.09793264762583
396469,20.953321427964436,73.05786699895656
396472,20.88189024772193,72.94154821920837
396475,21.025086909425827,72.98423771425429
396510,20.852536553280387,73.25746868679302
396521,20.729538896211047,73.07046237500722
396530,20.820529968084507,73.0924337090986
396540,20.73528783847338,73.18775998619613
396560,20.810926003012405,73.2003271027468
396570,20.832109958524445,73.22113601999872
396580,20.702468970194353,73.35743958576676
396590,20.817282530540766,73.36859233966695
400001,18.9365169603835,72.8365518562961
400002,18.94838492653292,72.82648642281328
400003,18.95467235941081,72.83284913213109
400004,18.95658643990184,72.82169399891207
400005,18.906243093496215,72.81404242475466
400006,18.952409663396388,72.79922794391393
400007,18.960819203668333,72.81373955495916
400008,18.96781067913026,72.82694923419609
400009,18.955591141628588,72.84117885669342
400010,18.969705692531527,72.84357250335819
400011,18.98171236715704,72.82822395877133
400012,18.9992830004166,72.84026858935802
400013,19.000519034017625,72.82875019836246
400014,19.014256680020658,72.84639008134663
400015,18.998384181103887,72.8542287527542
400016,19.036868924258954,72.84250426907083
400017,19.04711467951253,72.85415245544365
400018,18.994541312785753,72.81691182858191
400019,19.029164723517535,72.8535644022027
400020,18.935379790783337,72.82666948784008
400021,18.958071724842384,72.91893964713665
400022,19.04704847417865,72.87050084137034
400024,19.063479665722653,72.88460265079318
400025,19.013573143706502,72.82862251844232
400026,18.968246581385337,72.80619899012926
400027,18.977314405654848,72.83496592100705
400028,19.02066357387254,72.83751984952166
400029,19.08234946055654,72.86808637965278
400030,19.012627172449044,72.81934358262623
400031,19.015218826310143,72.85546708148587
400032,18.928668044740036,72.82864636813203
400033,18.985402529462515,72.84710101173131
400034,18.97922299278641,72.81787117846976
400035,18.94314839104184,72.79507568794493
400037,19.021108276194507,72.87099490322608
400042,19.140387186680798,72.956308138591
400043,19.073253313695968,72.93846675984936
400049,19.105266677485375,72.82839294433643
400050,19.055667448443405,72.82897997021904
400051,19.061298177106774,72.85280675174478
400052,19.072694087767854,72.83071426900686
400053,19.14245133197031,72.82481687859865
400054,19.08338102083426,72.83572942098796
400055,19.079213100038892,72.8478904223254
400056,19.10110769672951,72.83765839899591
400057,19.101159804575847,72.84847702825385
400058,19.121764540755066,72.84034795410126
400059,19.113571307969195,72.87753942253931
400060,19.136101555721403,72.85811268510571
400061,19.15197813111108,72.80079227966414
400063,19.16453061680808,72.85774726127792
400064,19.186099073993393,72.83858741259425
400065,19.15496025818604,72.88006238505646
400066,19.22685220539409,72.90947068924511
400067,19.210910164600364,72.82754914328692
400068,19.2551208430424,72.86760503729073
400069,19.119058371671493,72.85116759834428
400070,19.07401885038258,72.88057905519065
400071,19.05516248680558,72.89674311401981
400072,19.110158187376893,72.8915613532158
400074,19.02310834598522,72.89553226854416
400075,19.081418814241914,72.91613409560325
400076,19.124691281828625,72.91048229681944
400077,19.076213149377345,72.90626945157821
400078,19.147538022619813,72.93174660413126
400079,19.10382723732864,72.92112766100435
400080,19.173803393064045,72.94628407947847
400081,19.163683133328686,72.9672375412388
400082,19.17085896451615,72.92603143332357
400083,19.112031702081115,72.95185352555215
400084,19.096891315241805,72.89952567570346
400085,19.019459721638864,72.92630439832129
400086,19.090478586470027,72.90454762466413
400087,19.151340751809485,72.90764572728135
400088,19.044132400211968,72.94238800409343
400089,19.067788697893082,72.90025064213157
400091,19.242494518524897,72.81096905755204
400092,19.2244273375356,72.84829498565662
400093,19.124500050845352,72.86596446439697
400094,19.037253631816608,72.9226671112769
400095,19.19511640066102,72.80488567736627
400096,19.12517675587668,72.87642986743899
400097,19.181972686579424,72.87381911346061
400098,19.07173873903554,72.86147565026285
400099,19.09751438901637,72.86317580901269
400101,19.199931320263723,72.87177802047916
400102,19.14273953029507,72.84080125612293
400103,19.24821451844129,72.84679563855657
400104,19.163146805573962,72.83878705001112
400601,19.20868249241949,72.97944293864737
400602,19.190747219198812,72.96954485610367
400603,19.179308556624406,72.97567046881588
400604,19.193369212419256,72.95362511334561
400605,19.1974636102955,73.00546320033551
400606,19.219706123009125,72.95206162944572
400607,19.24341340834481,72.98696940044249
400608,19.219662192998054,72.99763801771299
400610,19.241157624776577,72.95993083066514
400612,19.152908033386097,73.05461277265347
400614,19.020294532524968,73.03884612731214
400615,19.276105357823965,72.96172076159743
400701,19.131000003682544,72.9982940731627
400702,18.8725986435712,72.94592210195185
400703,19.07559479147992,73.0017591611493
400704,18.905472649376634,72.93081061845808
400705,19.053623063984862,72.99688965910877
400706,19.022847658269924,72.99088977925923
400707,18.912655849639883,72.9784596308183
400708,19.165077176379807,72.99906506472965
400709,19.098006731925754,72.9906468271777
400710,19.116186642472535,73.024637743148
401101,19.300777374056892,72.8365061977035
401102,19.57166732874346,72.82690339127478
401103,19.895504908662897,72.75697433420767
401105,19.308941492755224,72.86784872670715
401106,19.285707001104527,72.7996211746977
401107,19.28007297407675,72.88945541490722
401201,19.369025089503562,72.78840817093787
401202,19.378118101771005,72.82327180673724
401203,19.42327012128728,72.80036939542687
401204,19.557044510995606,73.04357603294014
401206,19.49100421782652,73.00331217725973
401207,19.34897849935983,72.8223344076841
401208,19.374476170763348,72.88294810070853
401209,19.421782091465246,72.82797710388861
401301,19.458300673676156,72.77888999700247
401302,19.463008840898613,72.7579615047634
401303,19.497220565841666,72.92554790904606
401304,19.411114824857524,72.77087699924115
401305,19.460282763237647,72.82438125153935
401401,19.62883046175481,72.77400362557292
401402,19.655640062313918,72.73822654511416
401403,19.740877845405286,72.92745725224071
401404,19.69345762962517,72.7691629277512
401405,19.722751785081158,72.75275407778423
401501,19.803539051831645,72.77061732158157
401502,19.846662185357474,72.68995381639671
401503,19.9080000800401,72.69328465324209
401504,19.823177773056994,72.73790865907598
401506,19.79767747162351,72.73388254094644
401601,19.987827546518833,72.71455358802883
401602,19.97355484774488,72.90648524889043
401603,19.933413543768957,73.21479462060671
401604,19.85935823452965,73.37099118670852
401605,19.819008591348357,73.0913249368872
401606,20.098571437833893,72.92299691542128
401607,19.899862944090636,72.99040513108639
401608,19.969749273112647,72.74487764252343
401701,20.110214595010756,72.7918967192909
401702,20.082319199338897,72.76501716006199
401703,20.057724067016874,72.74823781458139
402101,18.087312627046074,73.24997108853366
402102,18.099024825997983,73.35602928141657
402103,18.15806946903915,73.30746630842172
402104,18.225896763521224,73.25646222917644
402105,18.13774470809702,73.14183563498159
402106,18.531180306309377,73.13343437866173
402107,18.71157193491565,73.10986294283317
402108,18.663844310741364,73.00274088966304
402109,18.417198229324917,73.07275813933609
402110,18.057222358094908,73.06193143244495
402111,18.268756845406006,73.1177706228981
402112,18.343692844712145,73.19074102443267
402113,18.09967898014338,72.99665707538789
402114,18.00066772156408,73.09450772826708
402115,18.04345963985316,73.34878832200887
402116,18.412197530675314,73.15213325080688
402117,18.192487916026117,73.254079251809
402120,18.31221707181428,73.27676821590964
402122,18.183582299649203,73.21500700881222
402125,18.578945362315537,73.10225919830445
402126,18.473624130387062,73.20407771140327
402201,18.64989341826103,72.87223250713883
402202,18.491373976498625,72.96339461496557
402203,18.565786644162657,72.98780480826322
402204,18.626335453669874,72.9145331350603
402207,18.686722119087875,72.8816755236895
402208,18.747680313159382,72.88811238884594
402209,18.727507585569796,72.932252510184
402301,18.03589571490362,73.40907415448463
402302,18.157567852016697,73.51521962910799
402303,17.973788629329572,73.52410181661396
402304,18.42346816114231,73.21397874686416
402305,18.27677501694657,73.4087514716352
402306,18.134667626247694,73.60038662033695
402307,17.907981725173155,73.39765872991173
402308,18.42177809860524,73.36252664972265
402309,18.098190708152735,73.4668827378659
402401,18.365405428341916,72.9660337490903
402402,18.23557823241453,73.00956488125452
402403,18.194840015323937,73.00545375374497
402404,18.153268440837273,73.01946359595401
403001,15.491190645687585,73.8084216048123
403002,15.473179674827813,73.80980114871588
403004,15.452142783094288,73.80570263106979
403005,15.47929104449425,73.84545908776161
403006,15.491410953590634,73.87137998542036
403101,15.527383751484292,73.85077282427201
403102,15.53750237874768,73.8788603553171
403103,15.339059638978991,74.04306712455947
403104,15.453206432802071,73.9211726579649
403105,15.474061466630351,74.06557596582516
403106,15.532793012075931,73.94404376547892
403107,15.491048596733362,73.99114689264516
403108,15.449418334979336,73.88005222765928
403109,15.50069350011027,73.80261568549376
403110,15.492269713120224,73.93298345039189
403114,15.514407142046455,73.80335681493398
403115,15.472364254021205,73.96867623124159
403201,15.472091081337114,73.87283751515497
403202,15.46260420454438,73.85854462309764
403203,15.441646035697667,73.89361393273568
403204,15.423924019151567,73.90206289301376
403206,15.449511668165727,73.8380374062535
403401,15.39741468776186,73.99614190582398
403402,15.49630549127054,73.90531968169952
403403,15.523028302436947,73.90323037606795
403404,15.43560368793564,73.97872618082194
403406,15.421126330724485,74.15672753894988
403409,15.38186480231029,74.02491785310862
403410,15.357715255465855,74.25136435288346
403501,15.547691137189775,73.83707789148322
403502,15.624058033469165,73.86156218322445
403503,15.663101373579252,73.92653458359922
403504,15.587033496656638,73.94155071692288
403505,15.560866762954022,74.02128310387015
403506,15.561130377531349,74.17383720858602
403507,15.600445276065905,73.81180167243157
403508,15.596444112690746,73.86526688339677
403509,15.587705342672535,73.74751687790084
403510,15.576936487737692,73.78854941146717
403511,15.534708341739137,73.79399168241109
403512,15.70586038330251,73.81618613684788
403513,15.667311106860483,73.86375777274294
403515,15.511976246277419,73.77060813898369
403516,15.553611352145985,73.76723587510227
403517,15.616999919905139,73.7742547230201
403521,15.526983237103352,73.8326981826288
403523,15.570508897177628,73.876233930713
403524,15.700678960505162,73.7176217803584
403526,15.613552036075376,73.82271132865037
403527,15.66469345843212,73.73101021464844
403529,15.581788565023235,73.9646034570402
403530,15.533842361345984,74.07389328549262
403601,15.27700292965058,73.96737126108276
403602,15.29548043366047,73.96805471558082
403701,15.179604782060682,73.96984598093002
403702,15.0055960721439,74.12288218038697
403703,15.12015856812141,74.02601056523359
403704,15.182297600661467,74.22215428380196
403705,15.16245787513672,74.10309096753677
403706,15.299202794550762,74.11763881631488
403707,15.252745174821582,73.97437772926277
403708,15.27615841345111,73.92911657899921
403709,15.280629196291853,74.024623289177
403710,15.398526608119965,73.90796458127517
403711,15.40619071285832,73.85633701286801
403712,15.347781109013239,73.90431515514896
403713,15.311229910771825,73.92493454269447
403714,15.261271844864622,74.04827068853105
403715,15.210879050074269,73.98684067107882
403716,15.253013456661135,73.93404533048242
403717,15.2061112412722,73.94720928871423
403718,15.344976977738531,73.98462157550196
403719,15.317796467651204,74.00324544305523
403720,15.312772606923513,73.9818743219675
403721,15.2268248119288,73.94027651041375
403722,15.357225250142935,73.94320636361788
403723,15.16114631747073,73.96251918641926
403724,15.223514330258533,73.95154593134896
403725,15.234990801270126,73.98769033157141
403726,15.381015271272988,73.88480141292416
403728,14.936715127573203,74.07572282913759
403729,15.256285896833761,73.98534167401202
403731,15.184881670492597,73.9498453003979
403801,15.380183036882263,73.83724922136072
403802,15.411447886108832,73.82270292045922
403803,15.424547891981048,73.79861390002316
403804,15.403037475919282,73.79317284344086
403806,15.36899466583749,73.849661950977
410101,19.072167770152486,73.37229668106283
410102,18.956877732407698,73.26918001448783
410201,18.949840118661356,73.43956979956889
410202,18.83020398046318,73.2704598329403
410203,18.7595809470597,73.28656857474458
410204,18.750522219536183,73.36199122173788
410205,18.573232911447224,73.26784125862277
410206,18.986440828883406,73.11417076520145
410207,18.87626143735047,73.17845540490411
410208,19.083600419608857,73.126030090879
410209,19.01805563331137,73.09338715637726
410210,19.052877607879136,73.05947632574764
410216,18.80605705590147,73.34084279601636
410218,19.031284366947066,73.10874263765146
410220,18.882415245892368,73.18042524063006
410221,18.92640561151302,73.14781191590541
410222,18.88911030819997,73.19851431645789
410301,18.766945340692708,73.37114281294203
410302,18.771257308368234,73.38022473402481
410401,18.6834799436702,73.4039841129297
410402,18.719698298853128,73.38012667057444
410403,18.770424107559002,73.41511906625502
410405,18.775658949801727,73.51713717461726
410406,18.660600443774406,73.49037083730884
410501,18.788198963262403,73.81204748577834
410502,19.224301885547295,73.79150306708802
410503,19.010802119354988,73.92994073796775
410504,19.093923972593007,74.0501023210547
410505,18.84927481872267,73.91745247106097
410506,18.662045116205267,73.63896040201755
410507,18.77603254017172,73.6831089678363
410508,18.919824943781155,74.05694978863343
410509,19.125585717258083,73.6417369773907
410510,18.931536449977003,74.07851571276402
410511,19.20042843976994,73.9279291831007
410512,18.94668148048084,73.90469052019147
410513,18.950403861582725,73.8233796734017
410515,19.063526970286613,73.95059171673917
410516,19.0890425590088,73.78012254516285
410517,19.064913086327053,74.0709993302725
411001,18.525486523423854,73.88723409775874
411002,18.511368306455232,73.86411486414727
411003,18.55964075206371,73.85824557447867
411004,18.51532432855967,73.8353579325777
411005,18.532876746973457,73.84904073070405
411006,18.55710139806277,73.88865591355712
411007,18.551464696012843,73.82459378805521
411008,18.535871090483877,73.80710637722251
411009,18.488698208930476,73.84953271982195
411011,18.522779635546527,73.86178429042391
411012,18.583816929874732,73.82942040117368
411013,18.50620547229187,73.91878474860722
411014,18.555939513323967,73.93286098645005
411015,18.60157866808038,73.88274095904998
411016,18.53047625653663,73.82660149659597
411017,18.61079926299222,73.79606629070506
411018,18.637086843064093,73.8143164305361
411019,18.653231891584284,73.79958904838118
411020,18.557876697001745,73.83706072770207
411021,18.535805511566814,73.76955910925032
411022,18.492485120549617,73.9074399412352
411023,18.450353401399767,73.74039440513627
411024,18.438900847808714,73.78027811006736
411025,18.38280851217404,73.73429534975253
411026,18.634795812358764,73.83359591735595
411027,18.583234835431725,73.80101296972235
411028,18.49780880857169,73.9399301687291
411030,18.505025143444666,73.84429976331431
411031,18.598393697703678,73.84534092748291
411032,18.582668949268996,73.91274113945543
411033,18.627640726776338,73.73833994973239
411034,18.603324659648916,73.82245695979596
411035,18.65530467976446,73.78304528332818
411036,18.530248984982876,73.93101726725837
411037,18.481383711144787,73.86817907513753
411038,18.508640366784807,73.80551148718092
411039,18.629439009541514,73.85286614584012
411040,18.491953337221965,73.88988544048128
411041,18.442087239463568,73.82054716026485
411042,18.50448170078569,73.86426306132863
411043,18.47074497942234,73.84718250153524
411044,18.658478904970327,73.77055190231408
411045,18.57185063279563,73.76232146182963
411046,18.432708660494324,73.85665178560423
411047,18.606442801976833,73.94017420652536
411048,18.45411685768582,73.89065743131948
411051,18.476327319409364,73.82404522205617
411052,18.491644490709536,73.8211487805049
411057,18.59127479166146,73.72382047775824
411058,18.483999972934754,73.79633188040745
411060,18.452613201848617,73.91526743175791
411061,18.58973981792833,73.81831735595517
411062,18.684983616342976,73.80432802470996
411067,18.56216284263476,73.81010859569825
411068,18.456193962242217,73.79593291113589
411069,18.559316607391366,73.78415102964289
411070,18.667636780781194,73.84786999232504
412101,18.675961996933907,73.73471243591612
412102,18.137933978055102,74.1674613307236
412103,18.094400485559056,74.39524369769471
412104,18.406092958319547,74.17250472161261
412105,18.66356664230369,73.91674460630621
412106,18.87631614616471,73.54250686724856
412107,18.351544102679235,73.55408338548482
412108,18.52739622039188,73.47895533780851
412109,18.71636725335474,73.75265305958342
412110,18.531023860579126,74.05194869806657
412112,18.40340588038623,73.49626667801442
412115,18.491195245210516,73.64760232277105
412201,18.477126892515198,74.0445473472198
412202,18.489387609795067,74.1500270030973
412203,18.457532590810203,74.35903647334617
412204,18.317368367450282,74.37821382781259
412205,18.288850215898,73.88275187253961
412206,18.13902517217749,73.74927546119451
412207,18.580266088979176,74.14870392394945
412208,18.701663643721048,74.13754175353762
412209,18.724910849252325,74.24842934459372
412210,18.717257400007842,74.42127708198436
412211,18.603056978482346,74.40391173270086
412212,18.27102825977622,73.60907262438626
412213,18.27336171871988,73.79023328526281
412214,18.508733548430815,74.26419963654858
412215,18.475590538044568,74.42325872559717
412216,18.637964894518742,74.0777113696014
412218,18.86514209090342,74.18798666340206
412219,18.409926334604812,74.45928076713976
412220,18.79156237616577,74.27122252285335
412301,18.347327334245588,73.99047262874164
412303,18.308391232328653,74.16432567928747
412304,18.23536169742603,74.3135060419336
412305,18.21291670645688,74.19716663955124
412306,18.135305608163304,74.29730909591314
412307,18.518201191251293,73.97906742514405
412308,18.4487282126756,73.97486646959703
412311,18.21489900036959,74.03428305856083
412312,18.150185146060767,74.06180858441392
412401,19.132053414718932,73.9238987933516
412402,19.022303820192466,73.66110393007499
412403,18.802641790331172,74.0552150798802
412404,18.924258781910854,73.76531078995457
412405,18.96672858943105,73.96223206956314
412406,18.96884283532175,74.09355954841074
412408,19.062557133191895,73.83147437713107
412409,19.29633383944598,73.93759099073786
412410,19.13476678156817,74.183320667517
412411,19.206339750942526,74.1162464147101
412412,19.168644689442715,74.04723741108488
412801,18.1230235129615,73.94881745543647
412802,18.056089695938585,74.00589521636586
412803,17.98976004569896,73.80321078578363
412804,17.908836712520646,73.88890573110385
412805,17.907612785491118,73.7973092515144
412806,17.84661638742153,73.6750948062607
413001,17.667125358870003,75.88698600670018
413002,17.708567364843383,75.93480307472069
413003,17.641793103513393,75.93211475202396
413004,17.64228582530239,75.89595896328441
413005,17.6782455624019,75.92940487165735
413006,17.66323796593273,75.98977527174765
413007,17.6774250174595,75.90327238473917
413008,17.496884412603315,75.88677463189106
413101,17.900902948089485,74.96073067365988
413102,18.147587170624142,74.58244860544524
413103,17.962467198287033,75.003785471099
413104,18.142540697689473,74.75500869080513
413105,18.31523540316971,74.7935137656444
413106,18.13888719998532,75.05015845024437
413107,17.800514401393844,74.88591562418327
413108,17.916714107287095,75.09473638718588
413109,17.937256253505357,74.75126474808506
413110,18.176380814792143,74.43413200434087
413111,17.833457983043925,74.79893954567868
413112,17.857666517353568,75.13569841455327
413113,17.78212222809569,75.03723550218544
413114,18.025416695353115,74.83227230917275
413115,18.102905873594697,74.4920695281283
413116,18.07055224584087,74.56898995293443
413118,17.855937630429178,75.01959360490007
413120,18.0599503742903,74.9630436306024
413130,18.315251151123366,74.71778077903242
413132,18.19579248105507,74.92186327735963
413133,18.21146850416906,74.63496009512426
413201,18.717982970281636,75.29557898664072
413202,18.237518739508612,75.1527678154189
413203,18.387932149201646,75.14025505329131
413204,18.659182769681788,75.46344896793885
413205,18.61680753590047,75.29001724763866
413206,18.288573008031854,74.98694116217192
413207,18.929538457630578,75.32893131283264
413208,18.074738234687825,75.40412813392707
413209,18.027087366778222,75.53386925440196
413210,18.06516499655953,75.28542922838544
413211,17.990365526356403,75.21804413295403
413212,18.015486990586492,75.09522368810674
413213,17.794945220663884,75.66343458727842
413214,17.91631188937976,75.56983216712499
413215,17.52698290400565,75.9803448711498
413216,17.505659717021814,76.2268643995308
413217,17.454319647293776,76.30937634465221
413218,17.636369265747522,76.33199581715068
413219,17.409656959110084,76.02412623106879
413220,17.366387624098227,76.34036055621527
413221,17.49997365594992,75.74487971675131
413222,17.865033863392828,75.79873283654875
413223,18.16630052841676,75.26625827703609
413224,17.573549495418437,75.92983924181162
413226,17.62817064465479,76.17185902150177
413227,17.39644209893384,76.157217877814
413228,17.59258919931214,76.07551723786271
413229,18.93742586605755,75.43447457593608
413248,17.75829239729606,75.5297583395787
413249,19.05231349887448,75.43728006757463
413250,18.118289905279852,75.52081956762946
413251,18.260596755825148,75.31340817529373
413252,18.204087999536593,75.38255719656597
413253,17.620497304380226,75.64351664031082
413255,17.726940615058112,75.81409284404614
413301,17.92479557755187,75.39080850746399
413302,17.87625881413506,75.26684491990189
413303,17.845200151181082,75.40667272267541
413304,17.680993270338973,75.37284072951844
413305,17.488853345272123,75.4441625536737
413306,17.579373951985986,75.05486455719668
413307,17.391513748106536,75.13264191611341
413308,17.389176017814133,75.05222324797016
413309,17.285080132083554,75.2238694333183
413310,17.684896224713242,75.02835460817306
413314,17.262801108250038,74.95135627456239
413315,17.781328027202868,75.24497607164137
413317,17.542223132677858,75.25148013042651
413319,17.375485096029205,75.5304596948937
413322,17.31061308667147,75.40842035494084
413324,17.86943488753849,75.47793365937538
413401,18.168621509394146,75.7195039237989
413402,18.028197534257355,75.81501594252218
413403,18.129380264054095,75.77423497338737
413404,18.26403728609357,75.87231706188764
413405,18.303055036495763,75.97283005115854
413406,18.03802186556606,75.93182536480128
413409,18.354662709821262,75.75941729523434
413410,17.971972767193314,75.6634619551734
413411,18.23140889288202,75.66440090048499
413412,18.02495391891843,75.73996726347538
413501,18.171833289930124,76.018891509534
413502,18.278730606709388,75.52420874337112
413503,18.54337012156913,75.78181786719442
413504,18.478472841274037,75.5161660901457
413505,18.389764931174536,75.40434434036047
413506,18.12531742950806,76.20078921607843
413507,18.527650103560322,75.9967214294099
413508,18.359735759847602,76.07366120932235
413509,18.30789657548795,76.19106272868845
413510,18.43219766897919,76.22743838507336
413511,18.450493106822073,76.35117580262657
413512,18.39942012899332,76.59162113008075
413513,18.5305817421387,76.85754910950612
413514,18.625375792653486,77.01187011261348
413515,18.718749335055794,76.95538811226946
413516,18.11227742774544,76.57039361463214
413517,18.406844446283763,77.09116362077896
413518,18.52373591136455,77.00416411484396
413519,18.240890408084486,77.0255720851058
413520,18.207591312320805,76.43765334810617
413521,18.127074220357084,76.74865915626833
413522,18.03174911211704,76.88920108962158
413523,18.711908532499756,76.78756622043615
413524,18.422005672846645,76.85934117553583
413525,18.423825627411823,75.86518662302602
413526,18.626984438069545,75.74067749955753
413527,18.543100344144953,76.54170994264798
413528,18.532923444872193,76.19575000249323
413529,18.564165409233894,76.76893071396707
413530,18.22161782845874,76.81316757943536
413531,18.381570448164187,76.60427201139618
413532,18.579375208805228,77.17284338239018
413534,18.62428317651872,75.59792745539114
413544,18.31139232826984,76.83418481209087
413581,18.436095088371502,76.75137937688235
413582,18.184332760927887,76.10980696065562
413601,17.967572379780243,76.13987063305039
413602,17.7809362591959,76.31583702269027
413603,17.7711206504516,76.16558606487538
413604,17.906043612276456,76.47604324465092
413605,17.74149289268593,76.45859952523944
413606,17.8627055449702,76.63223288207264
413607,17.952225622943388,76.77515074593111
413608,17.997753803191944,76.32941563618651
413623,17.85560530752937,76.00176562052924
413624,17.930974960549776,75.91081500282462
413701,18.611017594804142,74.76120042329948
413702,18.76058887022163,74.52313252263382
413703,18.850005143579576,74.59030937220948
413704,19.306626212941218,74.71944717226116
413705,19.376094417572016,74.62517909651196
413706,19.41671210978293,74.5028372161585
413707,19.769506154809815,74.6034446323486
413708,19.83509346158335,74.56363994483678
413709,19.623192113221403,74.65504283064925
413710,19.53319784418402,74.54864306223008
413711,19.505579649815104,74.47338586024924
413712,19.57896893347908,74.51354924506828
413713,19.597829675079552,74.46980275565855
413714,19.562101942491488,74.36944489349098
413715,19.56114623155112,74.6329723298833
413716,19.47903620271028,74.63985706768504
413717,19.58123746506014,74.72375021831272
413718,19.71257797676329,74.71953356449998
413719,19.701604211337155,74.55945669021457
413720,19.626336154482146,74.60613638611353
413721,19.512662153889718,74.70928797762292
413722,19.339887971113562,74.63437680451223
413723,19.70546149257068,74.64223031870378
413725,19.60562138181663,74.81513186925496
413726,18.59127852157341,74.63412807087084
413728,18.755971160390384,74.68551912298814
413736,19.61005602906754,74.40530177528642
413737,19.6112044466264,74.53482113542093
413738,19.45540655215629,74.38937587233575
413739,19.635100341041788,74.73517926632557
413801,18.430473014550515,74.61878787464231
413802,18.323274396089626,74.57317884764264
414001,19.09718230091265,74.71746096196792
414002,19.063849884217454,74.82958729785561
414003,19.133553392672358,74.74443463605756
414005,19.00584154396006,74.63953161134238
414006,18.963748230708756,74.74267414351286
414101,18.818881933696705,74.79088955928569
414102,19.137310431915026,75.2237752753073
414103,19.13392880592339,74.54259077110967
414105,19.406719240771874,74.79813128600952
414106,19.180618296441256,74.99160004350816
414110,19.05151383660936,74.75669327033954
414111,19.203155509540366,74.65762697509356
414113,19.165762436493566,75.37824561661428
414201,19.027935147181495,74.8653540409428
414202,18.95535844067594,74.9906481433753
414203,18.861724400581764,75.20191413012927
414204,18.832327332555664,75.48350704159252
414205,19.005123806280956,75.59987412929124
414208,18.875089307773106,75.11706794073811
414301,18.945239304540134,74.5123805604178
414302,18.980243624356433,74.40884365414254
414303,19.095448314855545,74.36507111985055
414304,19.229498185827808,74.37105244985281
414305,19.054846748072244,74.2488457440615
414306,18.932045458997642,74.30768726450532
414401,18.698430423984064,75.00660522746291
414402,18.56724415783788,74.98434208116036
414403,18.437216198071777,74.8612398844874
414501,19.291298557350395,74.98440209982304
414502,19.383664538613825,75.24800663482992
414503,19.35716320350314,75.42400270437948
414504,19.286784139381492,75.4906877017359
414505,19.26075877931021,75.12675831631958
414601,19.214563926209706,74.78304056879682
414602,19.462699480385247,74.90443741680562
414603,19.569770799807344,75.01687570053286
414604,19.42891462421688,75.06995946638365
414605,19.471200810841424,75.04320467523925
414606,19.372263181004044,74.95850571413578
414607,19.346300900087254,74.8750410119491
414609,19.487264596251748,74.98083042522919
414701,18.565556082318473,74.58863946642123
415001,17.69423204596983,74.00931579475433
415002,17.670663377526587,73.84847566831111
415003,17.701100765759215,74.06536813566676
415004,17.6418334706368,74.07628061457447
415010,17.75505647904302,74.13183887213862
415011,17.796366763501098,74.07437437454978
415012,17.795572996291234,73.80889476200151
415013,17.619273076870854,73.83661417437904
415014,17.508168630420464,73.95020831614079
415015,17.767300038405626,74.00747301473159
415019,17.583114134350065,74.13558837109795
415020,17.79389955600789,73.95463465861208
415021,17.818366660932664,74.20338015687844
415022,17.748476567927614,73.91930409932739
415023,17.705865868078558,74.4297793299546
415101,16.90853585993894,73.8342195908521
415102,17.453094803492352,74.54256825747684
415103,17.238582087582685,74.03823393022304
415104,17.204214554236682,74.15693592811003
415105,17.326028445980082,74.24961238166226
415106,17.433027983226385,74.19299754440507
415107,17.51387410333576,74.15030272776477
415108,17.184818733589527,74.24080985227333
415109,17.40912406943928,74.08506015939736
415110,17.277705415913086,74.18187924515173
415111,17.157866455921965,74.06501878426455
415112,17.215597044852007,73.91912861686933
415114,17.311170846905636,74.0953904456582
415115,17.35865679301539,74.17520473425292
415116,17.50434116567562,74.22731529765218
415122,17.25507093657805,74.12725772843572
415124,17.275814761771457,74.19904512616272
415202,17.944408543411345,73.3410438878211
415203,17.972598989390228,73.22222866050174
415205,17.347013263331412,73.97629332250663
415206,17.392887118053086,73.84314663795107
415207,17.404335892855325,73.72675325685651
415208,17.978763966322393,73.12353935007968
415209,17.304170995817966,74.01646452540938
415211,17.300155931561594,73.9445630102128
415212,17.30478950287151,74.00794382227866
415213,18.04443817252199,73.30610143907984
415214,18.047689251504703,73.23697433352488
415301,17.430859822787145,74.90937287362301
415302,17.161065284889098,74.30233543467442
415303,17.195978105975616,74.36158219058848
415304,17.32471952512285,74.31506553624999
415305,17.30292599322897,74.39408474163986
415306,17.32012820567724,74.87354174663639
415307,17.257667083578554,74.75802232365515
415308,17.36404963292014,74.76574685844128
415309,17.336324536903465,74.64649562484793
415310,17.39476346650303,74.58010158276099
415311,17.272416702918868,74.53081851034064
415312,17.4534373551654,74.64335158806914
415313,17.135302189199248,74.35250993689225
415315,17.53802433663415,74.91377498284085
415401,16.959217496840992,74.19951629090913
415402,17.003178771147642,74.02550241834254
415403,16.994635935638577,74.27645735170681
415404,17.12110245917348,74.21086667763315
415405,17.06829714394598,73.99105939231752
415406,17.089563618080582,74.20580011095052
415407,17.031204355549548,74.18758389815073
415408,16.99185067870946,74.08826681228923
415409,17.08628781400309,74.27811339285375
415410,17.092422658600665,74.13804999704574
415411,16.920777296891035,74.28158097175549
415412,16.912977692792474,74.17898234746315
415413,17.10011663507617,74.33663898499094
415414,17.068132251776483,74.29531723238792
415415,17.141051228497826,73.88947929204885
415418,16.904933785733498,74.13704754072339
415501,17.697537514592973,74.19639501696513
415502,17.707660003341726,74.31344423108449
415503,17.792498205310594,74.38738686541971
415504,17.8328584319681,74.28933802396455
415505,17.65285373405634,74.35944924137098
415506,17.6013709481128,74.46247469970243
415507,17.54294707269532,74.55213464638854
415508,17.778341209023893,74.59725366245596
415509,17.60721406517856,74.78058974153012
415510,17.541191783647687,74.3239559289612
415511,17.579151763846596,74.21592876322798
415512,17.475040370623365,74.33442305096987
415513,17.858019203862256,73.94418343032754
415514,17.840556581292887,73.86822142225923
415515,17.895401715304686,73.9881319700213
415516,17.936718099667353,73.9696019900379
415517,17.981025816520063,73.99791894796512
415518,17.550881636605737,74.09694707659357
415519,17.561404619432732,74.03078945142812
415520,17.415975579423012,73.99560981610497
415521,18.017390933244577,74.17260671203773
415522,18.05699411868842,74.34792785407835
415523,17.952508853617513,74.4953361678724
415524,17.878098300594246,74.15348717245492
415525,17.938210213616042,74.0681391523905
415526,18.1149428286254,74.07480937142766
415527,17.598821641771895,74.35111288067566
415528,18.015175987056097,74.30046421515313
415530,17.847744485168057,74.01380942566045
415536,17.98931325631091,73.9546169504593
415537,17.9212209576859,74.26668190861345
415538,17.43630754871638,74.44224832145625
415539,17.187022091828318,74.16347034913089
415540,17.61018727636848,74.63020103078993
415601,17.421936674642904,73.66458752744235
415602,17.44750237158433,73.62796986270892
415603,17.480698842770863,73.62891060189881
415604,17.518402718892226,73.63306113170813
415605,17.542572457842386,73.53781493213778
415606,17.390929004243525,73.57051550341542
415607,17.314656971363654,73.61620691072699
415608,17.28124847405276,73.49085981590088
415609,17.271863090186276,73.57183429783086
415610,17.212617574922312,73.62556265258367
415611,17.17497915037692,73.56939397948469
415612,16.991975480625335,73.31662064627426
415613,17.274375430708883,73.28824545675847
415614,17.280756106888425,73.22491811863323
415615,17.164375467401307,73.28776096600107
415616,16.878860694023558,73.34086268654794
415617,17.08561054898514,73.35149773583873
415619,17.015959109231453,73.43064853807894
415620,17.1676534676465,73.3554579421459
415621,17.774923056557707,73.4600077489291
415626,16.79151958873658,73.34612142999741
415628,17.508717708702974,73.43568001300511
415629,17.041211839563385,73.29593343545451
415634,17.54562061421545,73.15693428301529
415637,17.12107819436426,73.46480779902045
415639,17.02877612641795,73.39159186957608
415640,17.83796375851776,73.41711650626466
415641,17.32232439205664,73.43044271923078
415643,16.790207932205533,73.65719485844939
415701,17.471200818406768,73.39775138546096
415702,17.44770756635328,73.36182835554334
415703,17.466315876545345,73.23603648685636
415705,17.4022935537558,73.19557105651131
415706,17.604684207176607,73.19444319480834
415708,17.636300204003234,73.43625630007978
415709,17.73884372335184,73.38625378782002
415710,17.741226930251344,73.33134416574886
415711,17.654317008016445,73.2913052280044
415712,17.79228128964477,73.21616183247245
415713,17.789172328599655,73.13099618659673
415714,17.861905532710416,73.11404492768179
415715,17.71812927266271,73.59868308829833
415716,17.855545316389858,73.33243844512656
415717,17.912896405124833,73.0624728177392
415718,17.63610340830883,73.63417181496783
415719,17.550728499784668,73.27949393198102
415720,17.690495015936257,73.14835667443761
415722,17.618758032774583,73.49517054022172
415724,17.473760618960053,73.26556816624236
415726,17.286273815024323,73.36027301434837
415727,17.623041830879938,73.37102563342216
415728,17.34655391035398,73.26563996014985
415729,17.387188475117092,73.22807128445103
415730,17.779879074984922,73.54093734487961
415801,16.98394461495908,73.72635568094267
415802,16.92323133462077,73.66516066563176
415803,16.97850291381291,73.53829008049964
415804,17.069891665023974,73.62083689129345
415805,16.600061436541917,73.35542595805924
415806,16.657996874645246,73.36763349184653
415807,16.995047819369447,73.58889988372945
416001,16.594111613984104,74.09916966581837
416002,16.70457688686398,74.22374074746138
416003,16.71775162253569,74.245433645596
416004,16.675569188564417,74.26567426798346
416005,16.70950515479177,74.28822128107774
416006,16.744882904936595,74.249780593263
416007,16.66842514649408,74.22178217320858
416008,16.69046644156886,74.243400789773
416010,16.68327413240207,74.17172381313887
416011,16.628734752485038,74.16065089478656
416012,16.686327162510715,74.22693190633125
416013,16.636540505821664,74.2266693710869
416101,16.795955932154058,74.51987158193322
416102,16.74206378095824,74.54224544921162
416103,16.73527206980762,74.6329578869497
416104,16.682246244418973,74.63308140452446
416105,16.69813451184768,74.66624009934019
416106,16.654695724210644,74.59128748798645
416107,16.590045908921017,74.58494589374504
416108,16.62034326013997,74.62586067639118
416109,16.77299740459121,74.39129054449543
416110,16.820485351522155,74.40958651792525
416111,16.834678951803756,74.45664298197087
416112,16.847774702611925,74.29098916055659
416113,16.85335326119883,74.20910740683942
416114,16.870503715509837,74.15344748325458
416115,16.684961866027958,74.4675693348558
416116,16.713280437044357,74.44367562756543
416118,16.721509504758878,74.35970740339766
416119,16.69792854837559,74.31381611034325
416120,16.770948326700346,74.6036875921249
416121,16.710597613258628,74.51857817285305
416122,16.77124631062941,74.28380253613567
416138,16.69028343269524,74.41838922247184
416143,16.650097150164658,74.49769117506207
416144,16.768016651261803,74.57368179109818
416146,16.72692180787609,74.49331194610255
416201,16.810140954811967,74.11457704911003
416202,16.65830115199611,74.3576617255768
416203,16.61128507188319,74.40307653872756
416204,16.681141406466526,74.09970641685123
416205,16.70502877654454,73.95592417061832
416206,16.577855367721202,73.91207325587753
416207,16.55472616087217,74.18158371889659
416208,16.452844375648883,74.12107083550369
416209,16.300638690048718,74.1482986614366
416210,16.184397729178468,74.00696819172369
416211,16.50403787332395,74.02584219379523
416212,16.392515001363343,73.9467777742265
416213,16.86185067730955,74.04871699333307
416214,17.100638350713904,73.83682969841435
416215,16.870578637342746,73.93315520461437
416216,16.548741084973642,74.30073545684853
416218,16.32595422062183,74.27340084449422
416219,16.407623108191565,74.21199888674015
416220,16.22739104635129,74.23376526130511
416221,16.4965507750986,74.18351200729461
416223,16.338936368154055,74.0963583460123
416229,16.76326926948863,74.18280460364171
416230,16.796966224293442,73.99839231755415
416231,16.3287319317116,73.98769981691277
416232,16.54132093870593,74.248445911865
416234,16.626305124792392,74.28011165415462
416235,16.42361376176175,74.28731840603031
416236,16.611378871089304,74.35681161868224
416301,16.95093546769763,74.40394492485571
416302,16.903826154935075,74.36116371021612
416303,16.998205219520177,74.49264211071433
416304,16.92584784818934,74.58059935254306
416305,16.893076532367527,74.5215897407088
416306,16.935541943402658,74.64601625880964
416307,16.983277755788258,74.62062615530482
416308,17.067411061957408,74.41354840835514
416309,17.13104915444706,74.41661519734026
416310,17.091441172348365,74.48852981034618
416311,17.14612070312393,74.80239529413859
416312,17.12401302040534,74.6460377807876
416313,17.020446619708867,74.36661105384572
416314,17.142741571872282,74.61250292908807
416315,16.889262230015653,74.43014821739676
416316,17.016878933036995,74.44298509075288
416401,16.7999117794353,74.80951602239291
416402,17.020519738737192,75.08723474391046
416403,17.13884933159337,75.01103700234624
416404,17.06015818440634,75.2381371940041
416405,17.03387411419378,74.9158799625979
416406,16.890889935631776,74.58815659209236
416407,16.888040354464565,74.7689032908273
416408,17.031233306465275,74.71614991761618
416409,16.76114037802977,74.69986876157381
416410,16.88862698255219,74.72060807276915
416411,16.984648872465026,74.94779046223472
416412,17.037504886766296,75.49943708571107
416413,17.17484288026264,75.54046884961068
416414,16.841834233648907,74.61525699481382
416415,16.84584684944875,74.59999700704495
416416,16.904990229347632,74.55398967366628
416417,16.877096212694564,74.48330543561113
416418,16.887351541954537,74.8801613011495
416419,17.02595903722959,74.79966270123649
416420,16.951572312776072,74.71386230893859
416436,16.87789057552658,74.6336997050386
416437,16.82992926447788,74.68712880583679
416501,16.250030244367146,74.41472121933468
416502,16.212196717755944,74.35119762643566
416503,16.115856253873524,74.33211029891316
416504,16.045542346839113,74.29319977851263
416505,16.102907953947426,74.15000215035353
416506,16.150711109433608,74.44658977437082
416507,15.860280444494506,74.32613898067177
416508,15.999090332699144,74.39979858787457
416509,15.932006476779181,74.17077805998576
416510,15.951406190167573,73.94465341693692
416511,15.82424102999346,73.94285814633517
416512,15.670656797471217,74.02074937629517
416513,15.744941900871611,73.72834356089912
416514,15.805276397643837,73.78968793009037
416515,15.850635651741868,73.68878390967576
416516,15.890043752339093,73.65579627971236
416517,15.744147166040332,73.68007503589442
416518,15.784916620424028,73.68301844303231
416519,16.040219314645885,73.87320896992989
416520,16.00702068711534,73.69932398999381
416521,16.12499992008371,73.78115011892471
416522,15.941014649393296,73.56867083757652
416523,15.980956482536447,73.5298662305747
416524,15.995306237676116,73.58398331689388
416525,16.00273755409191,73.63664736067126
416526,16.185125887299545,74.2931243312016
416527,15.814462976456271,74.23188754821854
416528,15.982310311036173,73.69107131464655
416529,15.850188151234272,73.70433291447053
416531,16.005885979385607,73.9498530400916
416534,16.096161960282334,73.66241181889283
416549,15.767050203455868,74.09637768064906
416550,15.99940506336685,73.6779498566843
416551,16.216726422880416,74.44406252955913
416552,15.884982905294397,74.24973192801006
416601,16.373041487724606,73.76709738844828
416602,16.289653304175832,73.67908534369668
416603,16.171925125701282,73.66317524063113
416604,16.097773608776148,73.59972288181484
416605,16.056616533432305,73.55317368742871
416606,16.042918551436962,73.4990197182979
416608,16.158600305318355,73.53060396387679
416609,16.25169044219114,73.8588527462482
416610,16.36517942875976,73.58154101678483
416611,16.34706109299505,73.50556577101182
416612,16.36290384273415,73.42203965568869
416613,16.376671928311744,73.37935787617094
416614,16.215566792006953,73.49401747542339
416615,16.296153868997603,73.41966112400473
416616,16.249113779594285,73.584570593427
416620,16.211076038550182,73.7716592665761
416623,16.439593566882674,73.4710519563098
416626,16.119778072830233,73.46614049449151
416628,16.161215609150243,73.73489864855017
416630,16.262223382734085,73.43733378921763
416632,16.174920410592044,73.85570131778891
416701,16.83958519182803,73.56503926463024
416702,16.609036043713246,73.51177804549104
416703,16.5512941762656,73.6503889738849
416704,16.69341771098606,73.73955767339042
416705,16.728026123064605,73.58156318334197
416707,16.71492208194332,73.3593791360549
416709,16.524320871528374,73.3906853219794
416712,16.889139613249224,73.4620725606555
416713,16.743055358005755,73.46436319871673
416801,16.446426649742964,73.64923366908779
416803,16.49074030610224,73.48130456303608
416804,16.484192536937737,73.40691084604741
416805,16.43870833164022,73.38911715016063
416806,16.51838831354931,73.34083449771583
416807,16.503134156030505,73.39776742478195
416810,16.511994165494787,73.77974796324506
416811,16.47683717808753,73.5606912113154
416812,16.099358282528918,73.70013924179173
416813,16.569797136029468,73.77087608606038
421002,19.23025099288951,73.16224897245195
421004,19.21445786035474,73.15996492838373
421005,19.198741014011837,73.16116798039174
421101,19.388924108458568,73.17823007100489
421102,19.268219424276413,73.18631250577451
421103,19.25594185341878,73.25169794175912
421201,19.216370565114115,73.09481022369495
421202,19.226173176743718,73.08146106008161
421203,19.204428057923465,73.11125970675077
421204,19.164310925308367,73.08935778620399
421301,19.256212569907035,73.1305447705795
421302,19.363611678797035,73.05195769945895
421303,19.696999177766347,73.14995884390227
421305,19.283045278918276,73.05342860196325
421306,19.16004681313018,73.14679566314338
421308,19.319839170881757,73.0346847694114
421311,19.23420566651385,73.07596370973161
421312,19.545175856449603,73.10525344680205
421401,19.273631231045556,73.52134652888846
421402,19.317030383336142,73.60896683609944
421403,19.3788336335332,73.495333121875
421501,19.199842194309902,73.18960138359506
421502,19.22614293692625,73.18656490333778
421503,19.1708735590391,73.30710240231792
421505,19.207183749965363,73.21921310171287
421506,19.17306133353272,73.19176878534063
421601,19.503163082841894,73.3800306337833
421602,19.64117986883174,73.4687871712557
421603,19.519322838660184,73.39433766548701
421605,19.323018009666566,73.23139803977607
422001,19.99810167276862,73.79051939258983
422002,19.997256587934643,73.77323897927704
422003,20.132737929322523,73.76636741484417
422004,20.097595938664178,73.8117195268706
422005,20.0014083244603,73.7553992863228
422006,19.974959366964022,73.80867375241547
422007,19.993923977162055,73.72839257281035
422008,19.980760990623146,73.75646433388998
422009,19.965659978592367,73.7749980236183
422010,19.846588645054943,73.71036349005935
422011,19.98862020396547,73.80376120931267
422012,20.00501132466658,73.70959065288464
422013,20.01427231756401,73.75229078015738
422101,19.95924451286961,73.85098754839203
422102,19.94328782089969,73.94418331471033
422103,19.840615123823767,74.03622242603682
422104,19.8367908357305,74.25026073157186
422105,19.973105728292087,73.88876958870196
422112,19.841572120973275,74.07728695466753
422113,19.868928364708616,73.96396798332924
422201,20.04136274024667,74.00410036012718
422202,20.300359730897565,73.79732296430251
422203,20.084067336086378,73.61049281986534
422204,20.10003300653064,73.3963300947542
422205,20.25368242324154,73.94905867437086
422206,20.098026813946962,73.92938861042322
422207,20.119520826494416,73.91338887514698
422208,20.3184796607849,73.53939346311688
422209,20.180822313334787,73.98755405174602
422210,20.00084941819436,74.03540412804819
422211,20.54887055520737,73.61542027469949
422212,19.916615073427383,73.4991316295513
422213,19.962294336552524,73.61940326580324
422214,19.817291529069564,73.48505488474363
422215,20.35652175949084,73.90672900330799
422221,20.107392651533537,73.92729521177598
422222,20.023608628979733,73.69115170680779
422301,20.087069375811435,74.05610348309929
422302,20.088680466237403,73.99318884208529
422303,20.055096581220972,74.14401940939479
422304,20.157369983780903,74.15245383220802
422305,20.04957879071613,74.2507769547291
422306,20.168118125322504,74.24988434990846
422308,20.152683400255228,74.09724588342296
422401,19.901539659785133,73.81942731418422
422402,19.701106753377648,73.62009574750954
422403,19.694390179068435,73.66076296430738
422501,19.926513452493563,73.83427250127183
422502,19.835597120456217,73.85221718556396
422601,19.608050144361965,73.94311330640232
422602,19.2957192382152,74.09609563329636
422603,19.519306816068525,74.09419421056796
422604,19.523263422697692,73.79271693820915
422605,19.55095639758605,74.21658541237801
422606,19.720358655563967,74.10363036098539
422608,19.626595243103043,74.19305726607654
422610,19.407673992515896,73.96348756469162
422611,19.696264251973357,74.25145556616698
422620,19.35998587876447,74.18002448071883
422622,19.386395585997242,74.29677840645137
423101,20.291203109231787,74.20261054565285
423102,20.42847949731912,74.18662267578912
423104,20.267387202222043,74.41414971367287
423105,20.59371424899838,74.67286868474879
423106,20.322518895810603,74.70440471639492
423107,19.690154111171708,74.44953533908276
423108,20.6293956900717,74.37856998329335
423109,19.775922097131094,74.49395896057152
423110,20.403619869489063,74.3493349043014
423111,20.23262414795385,74.06106915199217
423117,20.301095611504934,74.08282162998529
423201,20.534985668846055,74.44823276149299
423202,20.586401461850397,74.41107003115391
423203,20.552206901798115,74.53447609804239
423204,20.76174457715105,74.30329360758218
423205,20.707312877667434,74.60561590487637
423206,20.73096591924517,74.43371510423601
423208,20.444646207107503,74.43439726841122
423212,20.458541835769772,74.58162608738562
423213,20.5416982358231,74.31617532437642
423301,20.64655841304369,74.14367009461047
423302,20.787446257273857,74.03596927151393
423303,20.79615145679522,74.2184031539889
423401,20.062262266882882,74.43177740985065
423402,19.99767187892783,74.59899551442474
423403,20.12352035411855,74.59302345519139
423501,20.48820965215298,74.01737051767367
423502,20.565303240179624,73.87410794796259
423601,19.90139192233275,74.45078919746463
423602,19.921248751018584,74.3630626927173
423603,19.915001066966767,74.55193989418765
423604,19.94221722287719,74.2853596827816
423605,19.793957422532767,74.37121190459234
423607,19.95634383509051,74.32192333707391
423701,19.845914455092075,74.74841098247515
423702,19.89008893742425,75.04642283429739
423703,19.960856835885775,74.87671744395703
424001,20.89413512682324,74.77031216381063
424002,20.960047115557096,74.64213586945412
424004,20.89727049427173,74.79294543121489
424005,20.931665290549248,74.78087743921343
424006,20.76572729828051,74.72068861765605
424101,20.460608224242662,75.00551492973712
424102,20.51129678775985,75.10160557353406
424103,20.625371508134762,75.11966311760257
424104,20.553557304359888,75.2007087654108
424105,20.698355696733792,75.20835098500717
424106,20.609272644147065,74.92883892312393
424107,20.631887906083573,75.02725567006317
424108,20.382000081263033,74.88480936601474
424109,20.314308446770493,74.79790221531316
424119,20.454270219059026,74.97642961579562
424201,20.668399810486193,75.38912139770576
424202,20.65528462655681,75.46919250614188
424203,20.599129080343808,75.49722847924482
424204,20.663891883521703,75.58996646308358
424205,20.695226743961104,75.69282049437899
424206,20.786760748847836,75.80919593811541
424207,20.661391811397106,75.81960096245746
424208,20.645015721973493,75.9189346896793
424301,20.862879275823907,74.88222082761357
424302,20.880671949815806,74.56133980748575
424303,20.95462802119267,74.5093149402678
424304,21.009289384385788,74.29196384378709
424305,21.127517101159118,74.34321435253509
424306,20.935077770652132,74.05022103589658
424307,21.031557264298012,74.72150282318914
424308,20.712101511717506,74.86284581289888
424309,21.112298495202353,74.80053011824295
424310,20.898036984622316,74.28139633111734
424311,20.756711602903888,74.87252265214066
424318,20.958052894191223,74.89088811128002
425001,21.017536017274793,75.57118791534114
425002,21.06734479897674,75.49731456640946
425003,20.941239550387202,75.62714971275274
425004,21.00498932838938,75.49018478817537
425101,21.038570444100014,75.60688889935273
425102,21.0721002643499,75.64596020567616
425103,21.012312628813735,75.44026283701021
425104,21.02909341663012,75.34835675609023
425105,21.0361052244585,75.2266704604774
425107,21.2893267079651,75.29655623385739
425108,21.26485009764484,75.14328393208883
425109,20.896542780377402,75.32932903365412
425110,20.80352445681638,75.31050698456242
425111,20.82886374863691,75.10358517879497
425112,20.8060542914981,75.08332130240224
425113,20.919175165676485,75.015164642227
425114,20.82466326186811,75.64336492776906
425115,20.78927463122141,75.47172950283472
425116,20.863327147866574,75.4891685955509
425201,21.041473688488608,75.78530113911066
425203,21.069542147990163,75.78329070416638
425301,21.274212327206588,75.71477526977549
425302,21.240916016579902,75.58445309498477
425303,21.266629126236637,75.47276017123994
425304,21.145979438493942,75.74728100665699
425305,20.99254524775097,75.90468124839748
425306,21.056458955164565,76.07993513105141
425307,21.031420378308216,75.83380996079347
425308,21.033125104495387,75.95282195650861
425309,20.9980375483498,75.66949764164913
425310,20.8206096494157,75.9847943847196
425311,20.95591915191991,75.79141234134353
425327,21.029553951168644,76.3161621887398
425401,21.057127897218248,75.01106392624666
425402,21.156525733063567,75.01833626861705
425403,21.18536550355546,74.90643497656043
425404,21.21717261468448,74.8548176130911
425405,21.404347863831113,74.96007315081323
425406,21.286706727040215,74.72711886259472
425407,21.154455942535566,74.6444028011672
425408,21.293936350180793,74.51076941528697
425409,21.57081092951234,74.49150550744807
425410,21.452033459990822,74.51581536373291
425411,21.36786362576102,74.39206529599868
425412,21.334186836989886,74.23128814296369
425413,21.619976545470614,74.17731697797274
425414,21.81527857984629,74.22768982776077
425415,21.643824458892063,74.02833945021608
425416,21.307539082964848,74.0504477746209
425417,21.210561063803777,73.88257645053112
425418,21.105867656286172,73.79803718109265
425419,21.599472595914893,73.90280250489666
425420,21.144521466352373,75.12224825923259
425421,21.276099541017725,75.02427016140952
425422,21.529763340263717,74.37416594031262
425423,21.458020510977303,74.63136102705828
425424,21.579566205869032,74.54965915188218
425426,21.116697570106076,73.96052608570315
425427,21.421802341006224,74.76429524380356
425428,21.54812864335492,74.87745607374492
425432,21.818782598915575,74.43550149693075
425442,21.645703905178507,74.32454607363948
425444,21.568685107615725,74.67585193130171
425452,21.780975013013663,73.94943647366716
425501,21.09596926853478,75.87597615139862
425502,21.13349374299503,75.91580667817873
425503,21.157058778147018,75.81214453941242
425504,21.287012407453634,75.87808653668924
425505,21.282952401319484,75.94461096550066
425506,21.151426643988408,75.96395514164593
425507,21.146255201405584,76.0141170160471
425508,21.26999834424488,76.0535771750374
425524,21.244374262652283,75.81643194303508
431001,19.89256404193499,75.32936790796221
431002,19.924488603505516,75.2168563219211
431003,19.892975170042448,75.35599774854096
431004,19.916428977346843,75.29547725875041
431005,19.866878540188168,75.31901749026359
431006,19.86612801644038,75.38194671023201
431007,19.76751946561198,75.44702636697026
431008,19.979772257916682,75.39616564695577
431009,19.85848334747856,75.3473579176903
431010,19.8398642451262,75.34070917844588
431011,19.833027396072975,75.28783901713842
431101,20.01251449977885,75.24901238968293
431102,20.072505171560536,75.15609414649525
431103,20.265450516964147,75.10623804185677
431104,20.291147619573334,75.33672078417415
431105,19.638361918483508,75.337602543503
431107,19.473398511755992,75.41925119101533
431109,19.75597702877057,74.93016183590179
431110,19.66306383263915,74.9683446537639
431111,20.094406701457604,75.4427784232799
431112,20.41768508471741,75.6705383617904
431113,20.402015822695553,75.50673715892879
431114,20.294178999187718,75.81866635202586
431115,20.057092309701193,74.98879200627547
431116,20.10263868073208,74.81502883928653
431117,20.511252588299463,75.75923176228136
431118,20.590597138460403,75.74787976192074
431120,20.55796150280907,75.57161484550629
431121,19.618942253449962,75.6153190903168
431122,18.983475033038083,75.76175064672493
431123,18.75769719240302,76.0049157033458
431124,18.86343907640343,76.15621383320064
431125,18.83971474361195,75.77797926477001
431126,18.736095604737024,75.7348812258532
431127,19.30007288971782,75.79752462312236
431128,18.998301252442776,76.31945251665279
431129,19.218462416387833,75.97915218886793
431130,19.256930166150134,75.55376880706883
431131,19.126471768580615,76.2034149662221
431132,20.510171716123605,75.89556791763543
431133,19.72658379021482,75.15060949735083
431134,20.109861707711417,75.58678008381436
431135,20.23120266329911,75.64624534262498
431136,19.852896512636764,75.228398474833
431137,19.451430039369516,75.57017399523248
431142,19.222892890451643,76.17401372351355
431143,19.16171314380513,75.73272222872853
431144,18.980564510771735,76.05212886820887
431147,20.382425569392254,75.3242046371805
431148,19.54546395741702,75.3965628529879
431150,20.507466252188774,75.35166683236623
431151,20.228959148197205,75.47760814206269
431152,20.138268601243947,75.29948310579778
431153,19.03663827461976,75.86989976090679
431154,19.89700716168574,75.54744044353207
431202,19.827717524954725,75.71555376822847
431203,19.86220241362696,75.90229935805144
431204,19.620695322733113,75.89573244084255
431205,19.476159218509967,75.74757437785199
431206,20.257904874272604,76.0372950071523
431207,19.681221029135326,76.07188741346236
431208,20.12760156170394,76.03662153811774
431209,19.473526576461,75.99280649792927
431211,19.34372670244827,76.028350200295
431212,19.396275957331287,75.73798864619518
431213,19.853459397440318,75.90689684454372
431214,19.800882871069174,76.11584345900121
431215,20.059710277939246,75.81677580994231
431401,19.270641385023886,76.76600460627104
431402,19.228689773543284,76.83419746365794
431501,19.65749002296127,76.25380997992966
431502,19.507887923883303,76.30680333511198
431503,19.48205919125057,76.46572675886563
431504,19.74672120045896,76.41195745956097
431505,19.339446142581686,76.52114486446008
431506,19.250977246347265,76.35944867440523
431507,19.367881795464903,76.20141092111538
431508,19.47146635861898,76.7111738466004
431509,19.60515247891764,76.70476924706917
431510,19.73291869403365,76.66619197261934
431511,19.190020614667702,77.05081985473664
431512,19.349463947641212,77.15514263745962
431513,19.798527006987868,77.13612708184533
431514,18.937446509413608,76.73114148740477
431515,18.844523033790527,76.4937073964969
431516,19.043378520082538,76.51984654015014
431517,18.713651933358218,76.33726693956248
431518,18.649128810256144,76.19711723646361
431519,18.72255875080173,76.58368680620895
431520,18.858525937952695,76.52821332322677
431521,19.122800849037503,76.69525295655296
431522,18.60620323431291,76.62699919210525
431523,18.63321504140212,76.37822530983044
431530,18.918194780826116,76.4671415779318
431536,18.874109735856813,76.8849620242423
431537,19.296192018168828,76.6602507299401
431540,19.39880073230957,76.81218331017084
431541,19.17766910146016,76.54094817038514
431542,19.829457161626063,76.79763395402222
431601,19.15398912323399,77.30790765493737
431602,19.0766706301239,77.33305238279736
431603,19.111776810684034,77.34116575979529
431604,19.15496774363452,77.33465030163214
431605,19.20832215151109,77.283929871695
431606,19.090873788071757,77.26416661379766
431701,19.495955641871486,77.33324316645464
431702,19.657436675939707,77.27865373242089
431703,19.912275257611913,77.0129780804008
431704,19.30052955408964,77.41304256682875
431705,19.5193703250337,77.01401914156061
431707,18.97889734160406,77.32194747137704
431708,18.95285941316689,77.10657458640556
431709,18.912408908894765,77.52308970778085
431710,18.786445659688642,77.66643561295945
431711,18.818205057846107,77.78970718596577
431712,19.46183893403881,77.57710836914568
431713,19.343864805533872,77.59862648377006
431714,18.838015645399533,77.21639112417628
431715,18.648854115269746,77.39199846050744
431716,18.66456276804141,77.24688986726879
431717,18.57235965156583,77.55375563181317
431718,18.458481631416955,77.4953228243454
431719,18.487770486132945,77.35797083937695
431720,19.01635753235789,76.97633261576571
431721,19.815846242478585,77.96039613225693
431722,18.822929056608004,77.46305036669969
431723,18.605917390100974,77.65726533679255
431724,19.843156468185736,78.12299470989524
431731,18.693989892955976,77.74371182780762
431736,18.710811823060666,77.59781841172664
431741,18.348134078416706,77.45768943604317
431742,18.73317881620744,77.15172951544758
431743,19.598385202044934,77.53903602961032
431745,19.236515079118696,77.49856286161541
431746,18.867629585855166,77.35223104781917
431750,19.287391230216357,77.29713122262433
431801,19.204554694359327,77.73234770190582
431802,19.39704315056309,77.84942742510538
431803,19.342601262179503,78.07597439495066
431804,19.684069310913323,78.12323569031584
431805,19.791090009792267,78.26221940385433
431806,19.125243749437423,77.4665869936317
431807,19.046021543911085,77.63418804715774
431808,18.95148790459604,77.7278844753092
431809,18.88830137809218,77.76922191003301
431810,19.460700922426376,78.15388053018475
431811,19.533793266958664,78.22602568098424
440001,21.15610195176813,79.07097915810155
440002,21.159710819812016,79.11706681921946
440003,21.125515873281905,79.0886227560945
440005,21.09215153859438,79.04239796508325
440006,21.166451086660487,79.0514444473216
440007,21.163856463601977,79.03143044891637
440008,21.1485635751511,79.12947973409942
440010,21.13429990469688,79.06218617496667
440012,21.137372625070597,79.08278555540691
440013,21.18761900008801,79.03568159781705
440014,21.19089999288548,79.09222237870355
440015,21.109485659723315,79.07391299035139
440016,21.130479851969596,79.00918637559707
440017,21.170998794475828,79.11423776554058
440018,21.14912535154312,79.0955552379797
440019,21.09368049695945,79.00737900696153
440020,21.123463249643766,79.07358366843634
440021,21.151487238857488,78.96076886309677
440022,21.11613649768347,79.05050743503077
440023,21.08813959942744,78.78864433497691
440024,21.124992676138177,79.1190961363031
440025,21.101183478437527,79.05933633965692
440026,21.194133782507606,79.11522928358663
440027,21.107517924772317,79.094063124884
440029,21.198489916495802,79.14690516539608
440030,21.193694860974386,79.07405775161192
440032,21.14351802687285,79.10848742867289
440033,21.141500492027006,79.03374897152484
440034,21.0976662602432,79.14226301980771
440035,21.15206083225029,79.17571912959721
440036,21.11087801062201,79.02500865356039
440037,21.06639232901756,79.09701954711237
441001,21.214769291319854,79.19363427748969
441101,21.491595907927636,78.9858671146299
441102,21.274231806864165,79.14109822189504
441103,21.13735859070958,78.6605859910077
441104,21.144432398092796,79.39756795929311
441105,21.47459030078901,79.13736860454775
441106,21.32730050493842,79.40804896527789
441107,21.384900792140165,78.86359749105173
441108,20.850797840033664,79.0281642263295
441109,21.295394142325524,79.11192196994106
441110,20.99954309741169,78.86440027100835
441111,21.25036940784108,79.07269745694282
441112,21.449371827059935,78.87691013024248
441113,21.330219661723604,79.03321139367208
441122,20.96624472944793,78.97069156638362
441123,21.21906301197051,79.05117933749496
441201,20.778842395891523,79.48799157069176
441202,21.04183384111523,79.34810522361498
441203,20.827092449853716,79.32091719266236
441204,20.947074485264086,79.14856415761261
441205,20.62117545255168,79.66862243001388
441206,20.535115065482366,79.87112819488557
441207,20.603120576241214,80.06274118988682
441208,20.436077757834834,79.98888957539094
441209,20.637130510643914,80.38625334928885
441210,20.956735845576574,79.53306335205502
441212,20.148240895752533,79.7002933517807
441214,20.71643606860768,79.21384453107208
441215,20.255971276400498,79.85228948857986
441217,20.438701752812285,80.15403490829662
441221,20.469194522925452,79.67029737850906
441222,20.337670607155875,79.71187048683872
441223,20.321575157876623,79.56408925807911
441224,20.066242858772235,79.5480094872433
441225,20.05826556750169,79.85479501080216
441226,19.911971418495924,79.70895420340163
441301,21.344904871275514,78.3782253949931
441302,21.275622811932696,78.62789183386641
441303,21.46094054796552,78.4473837692202
441304,21.456823600599755,78.52266329127784
441305,21.292310959542366,78.47425519788764
441306,21.415105852988795,78.6516072895981
441401,21.531650476519697,79.33719122983679
441404,21.27238810408359,79.21479933172016
441501,21.229226131070874,78.92268881731994
441502,21.253141320204385,78.7960956124585
441601,21.46605512687318,80.21519325611753
441614,21.494034385215656,80.15457864479914
441701,20.796778991940215,80.0192069204154
441702,20.865133893997164,80.19231662671059
441801,21.281239338210803,80.14627917054669
441802,21.12162513019911,79.9631980544323
441803,20.73796000450952,79.88597713992621
441804,21.109667176059638,79.79866533102945
441805,20.85410685282251,79.88865575159922
441806,21.058151720976262,80.09331524296624
441807,21.14301484571065,80.22464747984921
441809,20.96660513917744,79.8564144710606
441901,20.983605034003773,80.40000160733837
441902,21.285340638613462,80.38329517772439
441903,20.922065223427943,79.6994689365369
441904,21.172110798828125,79.64791889227128
441905,21.2473450823366,79.71051933239396
441906,21.144189318328845,79.57233752298598
441907,21.54850858674024,79.73802930558224
441908,20.845108424582314,79.74502890566686
441909,21.3223027952163,79.65129958852484
441910,20.754892458891437,79.68294653127623
441911,21.383099811345996,79.93505260196238
441912,21.467298124212327,79.62788036107199
441913,21.332263433360374,79.7629536181456
441914,21.39021426007513,79.58960755451653
441915,21.469904428685847,79.83989507482528
441916,21.29884477736006,80.53191482069144
441924,21.0780261931305,79.68386024598627
442001,20.744609280830822,78.57096193347478
442003,20.729464469287443,78.59367873912403
442101,20.581472815427162,78.47603483468653
442102,20.705784611793792,78.78544240335223
442104,20.884696692551493,78.68875571905045
442105,20.807983284504612,78.90985522590242
442106,20.94812280698292,78.45336285541136
442107,20.71285986168929,78.5756558058173
442111,20.777005886976372,78.6566685320771
442201,21.054827777312617,78.25827401840056
442202,21.237593228527736,78.19641012089467
442203,21.108156570986715,78.48661854073724
442301,20.557532199634736,78.93464215918833
442302,20.811338168939077,78.33138877341125
442303,20.714271690679563,78.34650442391063
442304,20.559437942566472,78.69381213769054
442305,20.635389694771206,79.05575634297496
442306,20.63105295007381,78.30083329047595
442307,20.410792910240787,78.75021412324611
442401,19.980177857346717,79.28992973528139
442402,19.95162401932606,79.29217689289875
442403,19.947954886305137,79.38148290014146
442404,20.144788339046286,79.3452729935106
442406,20.008037613743802,79.2240089323505
442501,20.143251010538172,79.19474935833061
442502,19.919671224344928,79.1311767006345
442503,20.130350046191655,79.05419250393513
442504,18.904153621796638,80.09383617275903
442505,19.9559568247116,79.15807743735256
442507,19.89786803231929,79.28924242160333
442603,19.903647048381483,79.9469764455546
442604,19.766720249765783,80.10515952373925
442605,20.192249489950214,80.04777896628735
442606,20.201088100531795,80.35126124668159
442701,19.844520616149346,79.47284598508945
442702,19.689394871630956,79.63861209230316
442703,19.48330037859387,80.11634552895445
442704,19.713187859426654,80.34239350356606
442705,19.39377339899791,79.98501391386291
442707,19.652438840978636,79.85621374939976
442709,19.173037036474994,80.17848994901894
442710,19.436159489733935,80.54002352209727
442901,19.86943084344597,79.31976814140982
442902,20.084469377805743,79.15140283665679
442903,20.43161076355929,79.41468333368601
442904,20.438444488455776,79.50745533698604
442905,19.689849990248582,79.36957997058433
442906,20.385907154973378,79.21118099781376
442907,20.337587374667915,78.94756111418884
442908,19.644679686418705,79.14088496723187
442914,20.321533197194956,79.0618043677954
442916,19.733866559222175,78.99230764538702
442917,19.82694413115638,79.15487214034482
442918,19.90275416469625,79.59742539176068
442919,19.676261616101733,79.97989896886602
443001,20.531831604529525,76.19153609573249
443002,20.47996304741126,76.19213407405769
443101,20.819207575167653,76.15133681402133
443102,20.761500621801865,76.18805526637249
443103,20.6337835702895,76.23024734452304
443104,20.661163225146275,76.05054446259834
443106,20.39319858383194,76.00998216175286
443112,20.958492060017463,76.2078883256027
443201,20.282798048160586,76.25735631242488
443202,20.098635381901587,76.36587445366908
443203,19.944366905486614,76.17897558524186
443204,20.020785079289052,76.06612207731959
443206,20.0697271168103,76.18689424532015
443301,20.171788470244937,76.53808648310097
443302,19.966928525955392,76.55683093372639
443303,20.213627530982603,76.72640672538105
443304,20.361391197566288,76.59488907956239
443308,19.942423818668736,76.30184726164653
443401,20.888438580614253,76.33966207618593
443402,21.06360605159312,76.55436909360378
443403,20.98528406531692,76.44734945183387
443404,20.846643886170266,76.43487632736134
444001,20.705192290515498,77.00920360460556
444002,20.716331216933625,76.96208589350432
444003,20.813337081527376,77.10888639238424
444004,20.676457775743778,77.01985646377436
444005,20.735530972424332,77.06369737748476
444006,20.691109193572554,76.9743858228066
444007,20.672519772023687,76.98586899536619
444101,21.101102287205144,77.0761319674861
444102,20.717689521554146,77.21958075406793
444103,21.155583975045463,76.86814262017056
444104,20.692590619325657,77.08452085848586
444105,20.500894076692045,77.50993943394242
444106,20.769810624271223,77.51601129811095
444107,20.710039031946955,77.3733928463497
444108,20.981185407002048,76.86331759994906
444109,20.75553226644251,76.8455041997783
444110,20.637544053743746,77.54429922344949
444111,20.891724741791226,77.06744850432868
444117,21.03561935736542,76.9864634392966
444126,21.113348720999735,76.96259521195776
444201,20.959558985291117,76.71061380189197
444202,21.033680636077452,76.67752356460754
444203,20.82044623749572,76.67804949381353
444204,21.119935022844764,76.70975214460078
444301,20.399521810503547,76.47523377376703
444302,20.638344085860403,76.83364900774417
444303,20.591313875450417,76.58061794431865
444304,20.85532550544546,76.56675436246643
444306,20.68331504134973,76.41309915197046
444311,20.850361736144016,76.79817657470414
444312,20.77672168011885,76.52472788763053
444401,20.556652215975763,77.09605898201345
444402,20.3749722893622,77.24052021739337
444403,20.261965324900405,77.42322090692646
444404,20.224398305154736,77.57828239966113
444405,20.476562025930157,77.22716033864371
444407,20.584597957073683,77.25972128330731
444409,20.197270857429682,77.31179579853834
444501,20.468938584543462,76.8430353040103
444502,20.60158481143318,76.85391915886643
444503,20.286294768865083,76.9894069297432
444504,20.11240304710501,76.85790348688563
444505,20.133497920949964,77.15553793956764
444506,19.982153198213428,76.73424647384961
444507,20.03176797046921,77.27996987640955
444510,20.029134967697928,76.973826855154
444511,20.37299828896409,76.84629051997658
444601,20.943141658854827,77.74114124059385
444602,20.91364108606496,77.69163209592485
444603,20.975814346136602,77.77686278634005
444604,20.971548354032038,77.74650949820226
444605,20.931678239823736,77.71997892148664
444606,20.908889749369685,77.77268158852054
444607,20.89626476164201,77.74436950679696
444701,20.74214803292457,77.73461111982941
444702,21.49003558948152,76.97105353178323
444704,21.233891078816406,77.73136397115177
444705,21.151793347233966,77.27100381407622
444706,20.97418465809658,77.20567666439118
444707,21.19234382345886,77.9751651139682
444708,20.651749430009442,77.86417524603812
444709,20.837322213086868,78.13081298531789
444710,20.71552753142826,78.07771963886351
444711,20.793018911481244,78.23988746555816
444717,21.313694721864934,77.1840091468751
444719,21.320090417079374,76.75624942482231
444720,21.351828686474835,77.78928809244019
444723,21.245899121148188,77.62697262341366
444801,21.061827330581185,77.68332270797707
444802,20.94966767170243,77.49739143231474
444803,20.978509991711906,77.35529328992487
444804,21.09519132217762,77.56239009079917
444805,21.293692137198082,77.51980898205133
444806,21.277803632210045,77.50736844044778
444807,21.514278095346963,77.41132198111225
444808,21.224089986002372,77.37694703987401
444809,21.345897196426076,77.61627265626646
444810,21.34297044514148,77.67633313296963
444813,21.576409969943693,77.25842818184154
444901,21.09339787482513,77.8930485680525
444902,21.03083187019064,77.98340560038689
444903,21.06368211360042,78.08931061201538
444904,20.828288446021666,77.95655082254657
444905,21.321928409031603,78.00321039115585
444906,21.473728513475596,78.31911181089282
444907,21.55479533882229,78.29714637217661
444908,21.42517618491539,78.17763346092798
444915,21.143625865281017,77.83519160127743
445001,20.461442067472536,78.11837129351638
445002,20.34285986833159,78.21695977643026
445101,20.593592432335697,78.14821249609564
445102,20.5021706019232,77.87014352994733
445103,20.01842631164048,77.95785829015088
445105,20.2106321009615,78.02114766155672
445106,19.9724946053605,78.10081282605114
445109,20.1514431200317,78.14066090297457
445110,20.22108950950948,77.86539603968272
445201,20.33139622026041,77.91117586070763
445202,20.337406797059426,77.69953816493963
445203,20.091817290957003,77.75881611806275
445204,19.919963539576592,77.6410183645137
445205,19.810304132823656,77.73512344388097
445206,19.57886261372606,77.75381343765832
445207,19.557436264147842,77.99562455777298
445209,19.75035551299063,77.45589330727537
445210,20.436161766505304,77.67667397007686
445211,19.685744499724958,77.56451212910632
445215,19.894313183125714,77.46435082352866
445216,19.920972973163455,77.58264873136878
445230,19.691530218664912,77.90557651264326
445301,20.11892638941042,78.29990719108174
445302,20.005457059776873,78.55728772209523
445303,20.129828486212915,78.78566273935837
445304,19.967998211504995,78.93191654551477
445305,19.840873620669413,78.59155340455455
445306,19.9573535950327,78.32881598664049
445307,19.84507553172652,79.00553889988221
445308,20.23753265857579,78.68936842955665
445323,20.23785961401265,78.48406915675093
445324,19.88488563276077,78.74855667547769
445401,20.459127819882085,78.35216693522396
445402,20.362692907888828,78.55984798543203
450001,21.775208684079654,76.46448789604496
450051,21.755888406185232,76.64956002794561
450110,22.08549613627261,76.60679124366587
450112,22.0794066833961,76.46849011358927
450114,22.24387219851482,76.46536986661586
450116,22.132316618797965,76.74180378715054
450117,21.773912708257647,76.84184942301685
450119,22.362847939285825,76.47520421815095
450221,21.472686178074383,76.4530380790819
450331,21.32647871597139,76.30853085246859
450332,21.38237584572058,76.64628473069521
450337,21.691575556915694,76.28596115046834
450445,21.164426854668328,76.27539973193625
450551,22.11343675375653,76.27635147771912
450554,22.26092021005955,76.17155614696397
450661,21.61753850366658,76.1869941799841
450771,21.883076629534138,76.2036478665209
450881,21.714084346925468,76.51596924396969
450991,21.98410007252866,76.4321960268696
451001,21.889808333654088,75.6046904902986
451111,22.10619062260265,76.06789042132152
451113,22.1112025647487,75.92968066506164
451114,22.025081852888214,75.8790899293904
451115,22.357080344273577,76.05216589408408
451220,22.31827710047197,75.83745989044759
451221,22.26005139108099,75.70184708385722
451224,22.28139488821472,75.56001875829766
451225,22.22286120202202,75.87975877689267
451228,22.085853009022586,75.64348024754914
451331,21.886955839080183,75.97169342064322
451332,21.574430644843993,75.9798781371356
451335,21.93885968423968,75.78258491518106
451440,21.80141713916381,75.4667086765099
451441,21.58513682167361,75.70880488773808
451442,21.856680134116946,75.34773864618472
451447,21.84130108625561,74.94502300830415
451449,21.882976651263046,75.23701010863884
451551,21.987123247338104,74.73229548836957
451556,22.042513921498514,75.07788838670324
451660,22.0566085798359,75.35996332035118
451666,21.589341528242127,75.26814037768396
451770,21.66853095243697,74.77300774850744
451881,21.805542437740225,74.60990154045832
452001,22.6863656735709,75.88836924908655
452002,22.709555482801072,75.82451751043847
452003,22.73521962921793,75.86865298813854
452005,22.726996763751085,75.80584081198174
452006,22.73998924787246,75.83435830307376
452007,22.71492728717749,75.85728543156465
452009,22.690213133531355,75.8168513006832
452010,22.769858991041204,75.90371599627481
452011,22.742114527969946,75.88532666782878
452012,22.659287585860334,75.84088851653354
452013,22.673099191441032,75.79749285020885
452014,22.692363773719517,75.85706386769134
452015,22.76165390606091,75.84815605545018
452016,22.706319026628268,76.0446111172824
452018,22.72215503402282,75.89814115131443
452020,22.6036111927038,75.97172742725552
453001,22.70644147978955,75.63131874382573
453111,22.817916782392597,75.76296483592205
453112,22.752475030838664,75.78090424145903
453115,22.85246594520455,75.56633182458452
453220,22.986861513031815,75.57074991484653
453331,22.62354961037981,75.78427447613844
453441,22.498794112131538,75.75995367742931
453446,22.5885199799725,75.78525729118928
453551,22.952293058222992,75.78759327179361
453552,22.486142249751396,75.92935012113968
453555,22.804166896814323,75.86137407667911
453556,22.62054469479566,75.76790538818913
453661,22.45033558576383,75.63962660568212
453771,22.850573279754204,75.95466278989711
454001,22.637105417015494,75.33145550517514
454010,22.409908199455945,75.40408482814672
454111,22.762402417982262,75.03042607984874
454116,22.64593069968597,74.87564066549699
454221,22.413685895080498,74.83147302895152
454331,22.189942396509377,74.67197398202592
454335,22.140502281132914,74.86621275896907
454441,22.614973927005494,75.11494991554318
454446,22.29259487117558,75.0793145766909
454449,22.236778438848848,75.28115076484791
454552,22.24476064502955,75.4349245564298
454660,23.01377173312416,75.16112520271385
454665,22.861048737199457,75.22225048346304
454773,22.627910140214343,75.48995804056702
454774,22.589500484808685,75.59113239539366
454775,22.617309576476774,75.68311873380046
455001,23.041399534619202,76.07097852510358
455111,22.879428137828175,76.04590357716421
455115,22.98037893448985,76.21633503963439
455116,23.146849212801463,76.29574841255686
455118,23.027127318899023,76.382432944485
455221,22.74838167598932,76.18561441508874
455223,22.83644853164284,76.3539274378742
455227,22.552690044105915,76.32087776917247
455332,22.712644290749367,76.76955985874919
455336,22.606556273921814,76.88058266696105
455339,22.565137943635264,77.00700105781516
455440,22.562313442682257,76.54102027755202
455459,22.440554425444773,76.67047407209422
456001,23.197240811463523,75.7911553979363
456003,23.264409412260544,75.70202668909043
456006,23.19660880050202,75.74647202003217
456010,23.157264217125032,75.80462312333856
456221,23.361281891297608,75.57160194879614
456222,23.151652453872092,75.51433563911769
456224,23.477525426559843,75.26841698347948
456313,23.317998492887778,75.31691988018603
456331,23.419890883326648,75.3979578785931
456335,23.486911752279042,75.4555400042765
456337,23.280683251040607,75.47600290686952
456440,23.59612224480453,75.56597162394362
456441,23.638871583990454,75.75306295885092
456443,23.4834004896911,75.69109715032002
456550,23.439522657067002,75.8662542162196
456661,23.19353952536564,75.90310374095505
456664,23.075021789636953,75.90925718798869
456665,23.301639742098782,76.03698549642719
456668,23.476414505224575,76.06742533075061
456770,23.346416799135703,76.1576397963721
456771,22.98951596779859,75.40797680759187
456776,23.15367156375294,75.31565469575902
457001,23.285477390272593,74.98855883445587
457114,23.76175281230074,75.56103422496506
457118,23.749190254335634,75.37360015846676
457119,23.613392524095143,75.44816205516845
457222,23.469170761020248,75.07429278553587
457226,23.607042466498314,75.1569996123276
457331,23.581066764266403,74.93915072764354
457333,23.68796423744587,74.98005275137581
457336,23.78258207253879,75.23607623800653
457339,23.786329990902114,75.11735948468774
457340,23.72837270239108,75.04278290319454
457441,23.180425010470348,75.14775759451776
457550,23.456857536915567,74.83381582748174
457555,23.337843255794862,74.66777701210769
457661,22.717016173739605,74.63263190949898
457770,23.06311563206018,74.8754333122288
457772,23.152387080170463,74.73443303102005
457773,23.00276922981047,74.78688379694158
457775,22.87759253176768,74.88510017029512
457777,23.04457236937395,74.54662342728656
457779,22.908363828034005,74.57515013180355
457882,22.53682084852314,74.36078538807311
457885,22.502394966554174,74.1591151329786
457887,22.29403091856932,74.31827827749662
457888,22.07659434024154,74.28244759288508
457990,22.421855472653288,74.57286455570303
457993,22.621939021072997,74.498138143974
458001,24.085063129638588,75.05886407968758
458002,24.054053249136455,75.02104649785866
458110,24.56570727708867,75.16890409834929
458113,24.36710436916237,75.22582162585752
458116,24.47452217126684,75.32231561469
458118,24.557712122681924,75.44639345249436
458220,24.59639993305878,74.9724455722947
458226,24.795363070469833,75.0549220647721
458228,24.939659777045822,75.25118345919671
458330,24.661784104260406,74.8334396442269
458336,24.268987288819936,74.85572842144173
458339,24.31115414148164,74.9754551072509
458389,23.927628731133083,75.36991636119728
458441,24.438892078827,74.92498871834609
458468,24.557658552982485,74.77794757105383
458470,24.594352184832374,74.80514162044706
458553,24.30515559507092,75.08945846369959
458556,24.253741273473935,75.22869116660637
458558,24.14255401350504,75.32633599702459
458664,24.196223931650934,75.00984073182404
458667,23.923102307197386,75.07247401410935
458669,23.839450210007918,75.05258268423728
458771,24.676773800576022,75.63974787450852
458775,24.577688495438082,75.70283058657925
458778,24.481266442258846,75.83136181175442
458880,24.33343356745074,75.63547204383514
458883,24.210837595861175,75.55696927360097
458888,24.06844404403474,75.65260521499086
458895,24.011409297325514,75.20926869668787
458990,24.0391117047388,75.40383960730523
460001,21.92990713519306,77.84121089132526
460004,21.78990025118674,77.98418546200446
460110,21.581994707832074,77.89398122683691
460220,21.586063818961566,77.62485557453105
460225,21.785372952117996,77.71095397703469
460330,22.015093249588773,77.47837768737976
460440,22.24783425536581,77.94531913582058
460443,22.087945459502862,78.0094381143198
460447,22.127574023679326,78.2126840715744
460449,22.150941824248402,78.13453071839547
460551,21.971937255589683,78.1846079280195
460553,21.91960757837178,78.05669107436397
460554,22.05921269375492,78.31737790156485
460557,21.79580333017682,78.08876716780627
460661,21.7950050055475,78.30075097455618
460663,21.863300567927897,78.4625143638055
460665,21.62072111444985,78.25455109745357
460666,21.709675784144846,78.14646916317848
460668,21.53971216334987,78.05465004850159
461001,22.730160872159356,77.75064048266499
461005,22.72883649590801,77.71231383052974
461110,22.67903155586049,77.74968021573001
461111,22.48679509111371,77.84294522014667
461114,22.592567460420234,77.77887562454893
461115,22.545481451792387,77.7080772783714
461116,22.60895549171443,77.61346822069378
461122,22.57960296405849,77.8493196211139
461221,22.548855101412865,77.51450112342012
461223,22.42618455467577,77.4558872840637
461228,22.2289059849944,77.29412448214661
461331,22.3781192195968,76.99492919273735
461335,22.13375316958505,77.09808220564001
461441,22.045954264917853,76.97495463215755
461446,22.543338433541006,77.79775008355163
461551,22.542379638470578,77.91953173414976
461661,22.73137019227623,77.94906161687793
461668,22.717635617159637,78.08154112620915
461771,22.679592223282107,78.19078403366203
461775,22.737372734416983,78.38042685306114
461881,22.47501850777037,78.44279208979452
461990,22.794398291070486,78.53672622685148
462001,23.254873649041926,77.34822899364806
462002,23.236514136255554,77.37516110846434
462003,23.222370768477866,77.39641689877604
462004,23.23554762542708,77.41965745724575
462008,23.24899781170181,77.41629001727247
462010,23.336027144588048,77.5170258989777
462011,23.23411514316752,77.43243788980105
462016,23.21290600201768,77.42751739650107
462020,23.20842520545481,77.46075156741034
462022,23.225612786277864,77.52253398667948
462023,23.25304227440865,77.44566567215668
462024,23.21801272669792,77.45077857695307
462026,23.19071060876807,77.45508270523015
462027,23.240504332879468,77.42653340664802
462028,23.28799904119817,77.5139166755415
462030,23.262296654207933,77.23957890640206
462031,23.292333206550012,77.31694245533775
462033,23.312852119764784,77.36211450707125
462036,23.345115395803347,77.28582929704542
462037,23.301912251935914,77.42445128902928
462038,23.349075480481197,77.40932176007918
462039,23.179199570793223,77.43930132029843
462040,23.119164596928883,77.39005482292852
462041,23.279732675728027,77.46435104937429
462042,23.114205987138906,77.41326091435313
462043,23.190805156158145,77.48533286802665
462044,23.16608386067983,77.31666359478932
462045,23.14327725851445,77.53675205957825
462046,23.03249569282786,77.46032178761833
462047,23.153220788675075,77.48724863996807
462066,23.288781841910634,77.27362677034391
462099,23.26059856672058,77.39409285387632
462100,23.285383942478898,77.39945972873936
462101,23.468857264829875,77.40217840243116
462120,23.742817308370903,77.26164963851431
463106,23.604848568531942,77.40026641490437
463111,23.69955256561096,77.50130478173989
464001,23.534919774569595,77.94908567520578
464111,23.855167547373373,77.48993877928947
464113,23.692221477376258,77.67606180585041
464114,24.087960685874663,77.41584227205476
464220,23.712809282772284,77.95934492411764
464221,23.889206337909826,77.91690770853978
464224,24.140548558069387,78.00759620555684
464226,23.56585478898077,77.63244866516862
464228,24.160937397947176,77.71701027786436
464240,24.024633854116008,78.11446686070943
464258,23.746908705908957,77.76652477004198
464331,23.62185840732745,78.18117502089996
464334,23.78860668793376,78.22614954054765
464337,23.937302874491525,78.21053084767456
464551,23.25284751937832,77.74828698049353
464570,23.45830123127595,78.55065802590306
464573,23.288357857876882,78.12999039158288
464651,23.429558223003767,77.7068916336616
464661,23.50001357096206,77.73216970455387
464665,23.061010031027195,78.19421231642863
464668,22.95223220814709,78.1442872253169
464671,23.11938664395283,78.38355781659021
464672,23.083236232991865,78.2654429770429
464770,23.082106133059643,78.58195582610666
464774,23.15119982234335,78.70883426489661
464881,23.59215371619524,78.45436146748408
464884,23.425581736091406,78.26760498066702
464886,23.26800461875928,78.47138311291103
464986,23.11824996994522,77.96767947319478
464990,23.04072608136867,77.73183214749439
464993,22.988251453249568,77.59976013919871
465001,23.46011434036157,76.29838793472696
465106,23.26579757199414,76.19732601479777
465110,23.28746231876707,76.33677882777161
465113,23.25192306419992,76.48116583234072
465116,23.246983322663905,76.57419556069401
465118,23.19620276882452,76.6951765302836
465220,23.39469408130162,76.43483043645992
465223,23.37082649063544,76.59565693060267
465226,23.640073582538857,76.3487039675368
465227,23.494176221088637,76.54954201390525
465230,23.666033793521255,76.1962531742281
465333,23.417014765694223,76.69939525647959
465335,23.302664814050416,76.74304380167553
465337,23.322462009650387,76.87246450315604
465339,23.44721298601005,76.95622384362325
465441,23.718639997369273,75.99803152871773
465445,23.850949123751917,76.24604955506904
465447,23.969237632320485,76.0873090059415
465449,24.160915733771464,76.1736009877231
465550,23.796361206665807,75.80212243359892
465661,24.00587081125295,76.75744975599142
465667,23.561488482821947,76.99150662056178
465669,23.73425225881479,77.09560884910954
465674,23.90520240437531,76.94683317481491
465677,23.992511273662824,77.10161204533549
465679,24.075900564389627,76.56912937171217
465680,23.512821529809383,76.76795289929917
465683,23.74155267005,76.73140881653059
465685,23.66687347104502,76.8737396713154
465687,23.7950515936175,76.58743846430642
465689,23.87945137371729,76.45789225765145
465691,23.954646319265386,76.37251862059837
465693,24.158649031758856,76.34320746644194
465697,23.63101819436456,76.53877006716908
466001,23.218988053618332,77.0771500067148
466111,23.023482806079397,77.26107704910252
466113,23.156646368685234,76.91995072132579
466114,23.086448061401853,76.81571359076416
466115,22.98616242565512,77.05002816643581
466116,22.96430404277968,76.73448403417063
466118,22.946629973967944,76.51864986280185
466120,22.859431500983508,76.61900361693885
466125,23.131311092260713,76.66913635385154
466221,23.046580929235848,76.50016324176363
466331,22.727050376809878,77.19372290735491
466445,22.757132177085598,77.63865320460572
466446,22.82765713370686,77.50515752527707
466448,22.888233499617808,77.9713314993443
466554,22.90230595615412,77.84525519573796
466651,23.39711991777196,77.06493242800885
466661,23.411173869382452,77.17590004094943
466665,23.539457339422754,77.22057152633771
470001,23.827999239412183,78.73325893641048
470002,23.852123587837838,78.72308606295663
470003,23.826941477116787,78.77445608516375
470004,23.848768050033364,78.84753535736753
470021,23.861069229375023,78.9285478972446
470051,23.654365811692372,78.7448552977111
470113,24.26589189595067,78.22319948253379
470115,23.941498554590844,78.52542184899953
470117,24.034413225442837,78.36425363427455
470118,24.207744985566777,78.37059001030335
470119,23.78970643944053,78.36089126955629
470120,23.79761948288179,78.56210979142514
470124,24.22098565910035,78.1467767532807
470125,23.669831826990166,78.57199406435157
470221,23.587305744176504,78.83057221936406
470223,23.53400779350842,78.92230286075636
470226,23.371756396366802,79.0545502097605
470227,23.588745663561543,79.15466539465069
470228,23.733816481788438,78.92889871063915
470229,23.777494435939566,79.1563419819033
470232,23.767629668710544,79.13970586944096
470235,23.339542837838014,78.72904030037444
470335,24.048613303889734,78.96223461329348
470337,23.95554711419326,78.88347690952918
470339,24.284507607807583,79.12297317533385
470340,24.16663665023606,78.98141777118079
470441,24.245958377219136,78.57054714997308
470442,24.0702930342256,78.64432894964365
470661,23.819004983409155,79.44632747359279
470663,23.68020839486945,79.65067774142493
470664,23.82502101073285,79.70671381075128
470666,23.92308871390825,79.20152709406293
470669,23.906429261969066,79.05384054238108
470672,23.744436784104284,79.34632724355589
470673,24.088485739281317,79.33299936114453
470675,23.97939491045714,79.3760499132333
470771,23.865011606729702,79.5357109458706
470772,23.984449754898453,79.69305291282076
470775,24.236028578161402,79.6149342502011
470880,23.40933771434492,79.40674108565933
470881,23.579927275207297,79.77612785445805
471001,24.918427701380327,79.6238092856283
471101,24.725928432492164,79.92057732899546
471105,24.79645968960376,79.78308183731676
471111,25.23286530587868,79.35068053251915
471201,25.056578043791554,79.49637636900627
471301,24.773687624064696,79.4597773346193
471311,24.530330364229172,79.36591432474982
471313,24.52427096724569,79.13893825273807
471315,24.895696190791856,79.41738205688411
471318,24.28716024291807,79.31910496087717
471405,24.55443952339773,79.66460184625242
471408,24.737237286142374,79.62097089690522
471411,25.04129854175943,79.71281632936709
471501,25.031354435379225,79.84016753587267
471510,25.232324084406162,80.03112932537196
471515,25.085138095662817,80.00095411419187
471516,25.27932789817114,80.2114357286552
471525,25.109031500842168,80.24330792781166
471606,24.83585233450723,79.97536418032763
471625,24.93179515919739,79.90398249307192
472001,24.745363800558057,78.89693935583098
472005,24.65457564557593,78.8085228005604
472010,24.5617031107545,78.97066928433287
472101,24.980422406082997,78.7421676764026
472111,24.755673890776258,79.06856149124027
472115,24.79807552490474,79.17587185376081
472118,24.95907471503528,79.03350645972326
472221,24.97803136008242,79.23329916213036
472246,25.31088745261552,78.65453903359732
472331,25.101564067605462,78.9697570841574
472336,25.17274780317278,78.79919957002919
472337,25.157949472499787,78.6608810987543
472339,24.914575981293684,78.90178008020757
472442,25.37063126067981,78.81437663454125
472445,25.466950151427824,78.87069841913716
472447,25.286713350235395,78.94788870477046
473001,24.64004435711052,77.36119735533768
473101,24.38753544366684,77.47616230445193
473105,24.87624694427791,77.11161520226867
473110,24.54617309569907,77.18799956114029
473111,24.47876992584382,77.07826936817585
473112,24.45848787332216,77.1552224576499
473113,24.790565084989826,77.41259793204902
473115,24.159551508048697,77.0572085123634
473118,24.216895073013962,76.97794771211969
473222,24.372415456423237,76.97166373744848
473226,24.42286652298727,77.22782066621926
473249,24.551529197445873,77.37629515157705
473287,24.15346743135056,77.23279828522129
473330,24.618323191627525,77.57294039541786
473331,24.52637870482251,77.82982369894683
473332,24.809415216674168,77.61429388833328
473335,24.83902359395941,77.87199854961302
473440,24.47286686256377,77.94811283544014
473443,24.423413718076223,78.13000824420561
473444,24.523161634227737,78.13123128554469
473445,24.334457793758965,77.97700461385617
473446,24.72421640058567,78.11301105213872
473551,25.567846317359432,77.68508164457846
473585,24.965997606951642,78.20324110587273
473638,25.434571264154325,77.68716742667237
473660,25.45756420340946,78.162033010336
473662,25.442778673459337,78.020674485685
473665,25.479364378554678,78.28831151363937
473670,25.308125436035038,78.08083689540544
473770,25.059226532689326,77.66564983789144
473774,25.2478051329507,77.57273381447149
473775,25.496741539609005,77.31555470894564
473781,25.115580033964488,77.87461245821984
473793,25.675019597407264,77.45414880070096
473865,25.7008639656013,78.00413037142782
473880,25.617493814472,78.05531537803688
473885,25.120950632551462,77.46609771524025
473990,25.033498311650263,78.12573654007592
473995,25.191350245144466,78.2584183243972
474001,26.186516339999454,78.07104306235998
474002,26.210024891890892,78.18300728451429
474003,26.239038727798373,78.18217070516224
474004,26.233572338301148,78.18911104758236
474005,26.290309722986727,78.1712160817023
474006,26.222453322800998,78.35646355580565
474007,26.208196684142443,78.17223081422601
474008,26.22573999187203,78.16742526333582
474009,26.195916536679995,78.16454890910377
474010,26.27303665920129,78.08161802496589
474011,26.20790510463695,78.20623326048106
474012,26.235715994546638,78.15564509346163
474015,26.250240643149652,78.17523849161113
474020,26.294893663265714,78.22957915854958
475001,26.060751745289075,78.2627933326436
475002,26.108927365076998,78.53979392978228
475005,25.989983450974748,78.28592366093437
475110,25.92133137151543,78.22356604323899
475115,25.964492524248868,78.4300669870553
475220,25.823632515567635,78.08443991161896
475330,26.021961745670993,77.8850375837251
475335,25.788957481963806,78.80527089413434
475336,25.907507900171858,78.74473633666408
475661,25.71900360947838,78.51475272301984
475671,25.633800411359385,78.66255910087291
475673,26.04669686893606,78.7129913385943
475675,25.91545772053491,78.58750773486427
475682,26.176614701832733,78.75513199126166
475685,25.791974276411057,78.37905850563882
475686,25.51726412243738,78.3156335952563
476001,26.557015064380426,78.00433557669862
476111,26.73941441162021,78.2665432576024
476115,26.694939507312572,78.4174866755807
476134,26.640846286895048,78.13132204677956
476219,26.481609341387813,77.80168233349598
476221,26.34458372312293,77.88517214819387
476224,26.354109503742038,77.60388901162071
476228,26.135194479840894,77.65409931449103
476229,26.24227646233929,77.42863035155874
476332,25.946793695007734,77.36106736207549
476335,26.07417355653285,77.03091817004936
476337,25.70309793542794,76.77381685513875
476339,25.464399469959996,76.66947859835048
476355,25.669995168249336,77.07528002717297
476444,26.391914585336426,78.14607163632493
476554,26.519178674738463,78.23954789511195
477001,26.542356866265337,78.76640104409412
477105,26.607394933317902,78.80456739050994
477111,26.6924633468897,78.65463174748572
477116,26.40822073648575,78.45026650081232
477117,26.39232569063784,78.32675823871757
477222,26.291183140497328,78.64201731809827
477227,26.3647222097179,78.73668604262922
477331,26.50983848965099,78.9537194186419
477332,26.467603188792566,78.81765257204303
477333,26.40094218744428,79.04544262235547
477335,26.33877669636341,78.89827317330419
477441,26.283831600615933,78.99785550413837
477445,26.16854428147384,78.90233421208937
477446,26.13893053576759,78.8640973294218
477447,26.00405589628523,78.8979939788329
477449,26.027584663005346,78.81795747083132
477450,26.08703223092194,78.97888555460794
477555,26.677357963002954,78.82756330276473
477557,26.502217572407144,78.60885791217922
477566,26.63897775517754,78.95085880932582
477660,26.596760363660945,78.51727239733422
480001,22.032626868754818,78.99278315468065
480003,22.033540879672707,78.91988458770325
480105,21.688971473493087,78.70151409368822
480106,21.697396940930926,78.8646450069328
480107,21.86337876005107,78.92359525354422
480108,21.564042054112722,78.87706980257794
480109,21.57634886152414,78.72104120250812
480110,21.859309921331967,79.19615332003319
480111,21.743236943620452,79.11336911804399
480112,21.875758630268027,78.77346452894894
480115,22.06990535241565,79.27800835685164
480221,22.34922452694062,79.18680226602908
480223,22.17310558069828,79.05401410937367
480224,22.580874598454525,79.08037331717875
480331,21.96968567076842,78.68526488229061
480334,21.702450540970737,78.56740926504057
480337,21.52766285033782,78.64885961578808
480338,21.62115286269387,78.43895331914278
480441,22.190805945738646,78.82114302222104
480447,22.18716854028261,78.72321449298904
480449,22.217753936780912,78.67777314973986
480551,22.109254917053953,78.50653919604898
480555,22.230789270388954,78.41157917900824
480557,22.283373884319943,78.80208767427973
480559,22.437300102987653,78.49782008022893
480661,22.047394712841744,79.46389666715615
480667,22.030840629336435,79.8079256784345
480771,21.947734565907528,79.69013948444514
480880,21.819048746464546,79.59602233169694
480881,21.753185855012774,79.42860671471175
480882,22.290252435763907,79.50245345884959
480884,22.407645449193677,79.61696315543425
480886,22.556385187551967,79.62985470128224
480887,22.524103735980614,79.42314351831487
480888,22.785773386956343,79.71812959857844
480990,22.19967593936252,79.74809814460457
480991,22.340065636266484,79.83389085241593
480994,22.420731758860455,79.97046690292436
480996,22.178108362327702,79.99406631858388
480997,22.700507596281376,80.01326744372113
480999,22.586899054777934,79.8308239013251
481001,21.882135175594684,80.18340163099751
481051,21.8840056540775,80.76072036807575
481102,21.8566382296462,80.30978335761746
481105,21.833450815483236,80.50582947428997
481111,22.16790103882893,80.54294615239472
481115,21.620823424087146,80.39251351173404
481116,21.999440744925046,80.66732420075925
481117,22.208770082784138,80.84523673098246
481222,21.47550537968481,80.59851362913406
481224,21.433139604102273,80.45607668251475
481226,21.724712120094818,80.32084930462155
481331,21.752490104537564,80.08968261395098
481332,21.796783273459493,79.9362399892891
481335,21.659203609084116,79.99076517072673
481337,21.5832229263822,79.93038618440202
481441,21.947077082802227,79.99684510718946
481445,21.776514717673432,79.79839746462842
481449,21.637459101773924,79.67786327417153
481551,22.146692336746778,80.1624637891856
481556,22.149223602429384,80.34239674576631
481661,22.680513653899155,80.42667863761181
481662,22.85074263371474,80.24645055946887
481663,22.760776349424948,80.55517209882868
481664,22.667379506846554,80.70559179144166
481665,22.625067582254765,80.25795315654871
481666,22.912716678716034,80.11712196068869
481668,22.54230921621445,80.12537607602954
481672,22.88709775305566,80.69475334931995
481768,22.348032379994464,80.35527877771442
481771,22.472281696043282,80.37354031985716
481776,22.394350591120016,80.14555872984162
481778,22.672465780590453,81.10738305101867
481879,23.092600552304738,80.96359782025748
481880,22.92108475157154,81.05618709662238
481882,22.80618607847153,81.3168570983985
481883,22.60158488965574,81.36061391463105
481884,22.65492926774873,81.54102039915205
481885,23.015151912785264,80.4235314909183
481990,23.18158503187039,80.66412877679063
481995,22.495888468520892,80.74466442305233
481996,22.395970641418348,80.97752030480052
481998,22.475687207177888,80.52817030559035
482001,23.242884895794624,80.15161415704316
482002,23.232638060549434,79.8759427242277
482003,23.075247326499213,79.81087482269457
482004,23.219557590021445,79.95153566477552
482005,23.20594916462745,80.04784472455775
482008,23.121556730881093,79.91896834367911
482009,23.20403950113036,79.98227318743376
482010,23.23068469955098,79.97390188264262
482011,23.17964647063027,79.98275415465709
482020,23.12827604811225,79.96590921025273
482021,23.03912692076051,79.98533333864356
482051,22.96947810824973,79.85141950313768
482056,22.918526493182537,79.92119495578827
483001,23.115571721609605,80.13521125182818
483053,23.163911922484722,79.7928649954492
483105,23.395436934611574,79.82901549458961
483110,23.24095257977371,80.41443238295
483113,23.315738340774725,79.69967261186866
483119,23.17450793828577,79.56550050801705
483220,23.302119184354957,79.9793693329947
483222,23.38995624588994,80.05393855542356
483225,23.521084384955234,80.08406268557496
483330,23.66943976179194,80.05373139291817
483331,23.74902530776458,79.92752525582692
483332,23.505408999844544,80.35757714870753
483334,23.387418704195156,80.27853630563875
483336,23.46098723394098,79.90623838823187
483440,23.65561042481004,80.25051290451437
483442,23.678653230139698,80.39208907236352
483501,23.837984868289713,80.39464096299048
483504,23.80399501797385,80.39329532613147
483770,23.846011968557484,80.80002268229143
483773,23.676354537223357,80.59893783012855
483775,23.96055791548195,80.65069638709305
483880,24.034277768127637,80.62504219868073
483990,23.892932137292743,80.09921631864985
484001,23.310761448290876,81.3330680576488
484110,23.17945018922667,81.47622416525682
484113,22.952775330975815,81.86245485073509
484114,23.186185186806608,81.56786613941102
484116,23.163596814950445,81.60551230082643
484117,23.2109947817345,81.60031615082342
484120,23.147719494098528,81.62239188756011
484220,23.160060245336897,81.6570188426841
484224,23.244290609191665,81.72715991297265
484330,23.019522015033786,81.79237612840016
484334,23.330857140763083,81.94898043737936
484336,23.129919497914425,81.97140144582266
484440,23.320232012761323,82.11195471136953
484444,23.14144902636432,81.92298419316162
484446,23.185988024470756,82.11564681201213
484447,23.13714331635911,82.05338386225993
484551,23.38287605913442,81.11205864278882
484555,23.32094697030998,80.88524779876987
484660,23.520544598019956,80.66381964232221
484661,23.486948725783193,80.85657737915719
484664,23.876357799126826,80.98244450323911
484665,23.68530214534318,81.12563052396337
484669,23.452934862991025,81.64686114707654
484770,23.551099460942346,81.4146078735163
484771,23.761236177181164,81.4577808258871
484774,24.014971636504008,81.30194891285332
484776,24.17833889662793,81.35253758432204
484881,22.984992329843017,81.44694414777932
484886,22.760742993206012,81.65367880217227
484887,22.824175743926386,81.71877691057081
485001,24.513974961920674,80.82003299407812
485005,24.594745678753323,80.88631145453141
485111,24.584674864712472,81.04496382935896
485112,24.64764951307357,80.9871163989598
485113,24.559968281816403,80.92957580848659
485114,24.640392347355657,80.87539810140068
485115,24.500044357628795,81.10509813029286
485221,24.73639623150113,80.88066206506637
485226,24.865523024971775,81.00183680091497
485227,24.723150451342818,81.04371025454788
485331,24.94318336617973,80.71286747912411
485334,25.146897844653576,80.86670889001599
485441,24.624580892413995,80.72158843656341
485446,24.56314957776515,80.60843648132422
485447,24.794528834022046,80.53019880624383
485551,24.461885203565018,80.55614329398999
485661,24.40274350958687,80.73455375202701
485666,24.760085684928992,80.71612524883422
485771,24.26935660693448,80.7072336155884
485772,24.124029897381345,80.82006075850792
485773,24.09700121642616,80.56603621502357
485774,24.292988930341753,80.88899494814672
485775,24.363139624482045,81.00583642746665
485778,24.34760815331675,81.14242046094441
485881,24.20032533519764,81.12722092610191
486001,24.53559168715287,81.2871033762472
486002,24.56030115469887,81.31906004865117
486003,24.564325646642025,81.34028932745208
486005,24.49742405176588,81.34277265933552
486006,24.487216681033193,81.24565491593219
486111,24.680760497832523,81.55753166459927
486114,24.592878835221942,81.45891704086712
486115,24.778956716562856,81.64908395037156
486117,24.864950255956455,81.60982286151885
486123,24.555270887248355,81.63466490361661
486220,25.06090235235755,81.59445813731507
486223,24.979020252449807,81.49297342616379
486226,24.933825515263905,81.8199068142307
486331,24.70895693025148,81.91627989067567
486333,24.588411316032136,81.82939032299595
486335,24.69955658585134,82.11786561153667
486338,24.657275355035104,81.65515008433229
486340,24.821891461023768,81.77661501134797
486341,24.702678620291827,81.74232235638861
486440,24.648003463873074,81.34808342410214
486441,24.732015070072237,81.42862566615706
486445,24.81858298932627,81.1805626848822
486446,24.66740165320334,81.24384511275976
486447,24.928351976134742,81.37288078892783
486448,24.812573302183193,81.35738258442312
486450,24.5565548806589,81.2010913385533
486550,24.399928290742903,81.30342295143568
486553,24.47697866292465,81.47684920887238
486556,25.03248621134503,81.3026771781241
486661,24.34254585104365,81.86479619092479
486666,24.063004144052485,81.67557792304746
486669,24.040995247052635,81.98770600249028
486670,24.553593822908095,82.14425458524254
486675,24.42618423972694,82.11360660934278
486771,24.425606711228344,81.73940361156566
486775,24.330665427845073,81.522376011952
486776,24.32055703910647,81.39011921119453
486881,24.237551467403136,82.26521573465024
486882,24.51444302301335,82.5186089188288
486884,24.122621755150345,82.61829106801744
486885,24.09648411737674,82.66911093153296
486886,23.989745513636173,82.46671435989316
486887,24.1026266638913,82.58718220039545
486888,24.11032531946908,82.64876640795494
486889,24.212774425731624,82.69807013416178
486890,24.13926106339589,82.65151764713701
486892,24.280711440393734,82.60364899601237
487001,22.798087121090372,79.33820337046929
487110,22.873467474262554,79.19658978926975
487114,23.08872956748371,79.27457957317502
487118,22.986573920310512,79.54357434578814
487221,22.941171234973943,79.0677088337767
487225,22.831070542035373,79.07787182256533
487330,23.12690950665333,79.05002213914122
487334,23.096519660337933,78.92947973831195
487337,23.13541723009755,78.87720605694358
487441,22.913640753415546,78.93102660745319
487551,22.907322237609584,78.75870438787481
487555,23.009449367591145,78.80849620586261
487661,22.973850892631127,78.60913659767463
487770,22.758263960807973,78.89290840387157
487881,22.777288953333695,78.70074567032039
488001,24.69710803849763,80.17432297814344
488050,24.611098438765676,80.2889198544084
488059,24.443880003799244,80.25062984755631
488220,24.89956149494112,80.22164008463669
488222,25.007161917236154,80.40421213074752
488333,24.371436946689904,80.45735164692749
488441,24.40618172715524,79.98118017229274
488442,24.213310152808795,79.9467772753543
488443,24.007458561086896,79.97567949535976
488446,24.228899874601808,80.22145280760806
488448,24.053732669027543,80.29660879237376
490001,21.19152581052133,81.38025686254541
490006,21.169949300793622,81.35002550898945
490009,21.186736880119547,81.31564673434941
490011,21.21488763549664,81.39325492255341
490020,21.21868911819758,81.3160640759242
490021,21.193650967969464,81.45666507512666
490022,21.203079564692406,81.30842848718225
490023,21.219492420945365,81.34209559780432
490024,21.27215406957589,81.37853018689732
490025,21.235511163264537,81.46272828062676
490026,21.228224409932636,81.36526905887747
490036,21.388702048176388,81.49082602262162
490042,21.271221223534493,81.5083707977367
491001,21.251199751079394,81.25013569636319
491002,21.245359113774295,81.31618756628043
491107,21.098394981583887,81.39885669330009
491111,21.056613924714796,81.53292084571633
491221,21.04026332718314,81.31345866565611
491222,20.84481573562656,81.35271623512865
491223,20.939454359255105,81.3983983382599
491225,20.948869372929344,81.18792103675703
491226,20.67658155450808,81.24426763092748
491227,20.683434181393604,81.3935006668293
491228,20.611720046939876,81.10482657231547
491229,20.344189940384112,80.70819593767094
491230,20.491654004901157,81.1294324285053
491331,21.487021485816804,81.26713967191422
491332,21.52433088706108,81.49908200297371
491335,21.732985337240706,81.54629675065884
491336,21.91577153102245,81.34277587413604
491337,21.9082235786356,81.60347412344758
491338,21.79518426243889,81.35712981020944
491340,21.831684628481028,81.81131380302513
491441,21.109952106522986,80.99279699321704
491443,21.111207024838013,81.12990875324274
491444,21.328936320539817,81.0863889618744
491445,21.234665281612838,80.80204782092311
491557,21.105632095479606,80.62856772105988
491558,20.96148413038892,80.59582929235894
491559,22.28417814313474,81.40944150466345
491661,20.91182071316544,80.89364340959305
491665,20.689271601272655,80.70940227438898
491666,20.57615050730517,80.81204100396498
491668,20.82468631881858,80.68695961775977
491771,20.79214344520627,81.03751038175075
491881,21.40267704610148,80.88348708608727
491885,21.513848161612177,80.95187864759491
491888,21.685871234587765,80.94566213126319
491993,21.66579910644557,81.32472668650398
491995,22.13148053244352,81.14679043847873
491996,21.832339170779125,81.08602797631907
492001,21.231925528925274,81.65508515860775
492002,21.159938713329126,81.7977462630767
492003,21.327440836696923,81.60596454249567
492004,21.25413582476564,81.66333263290029
492005,21.288584836573243,81.72491403783285
492008,21.277621971974444,81.63811414760995
492009,21.26394667656075,81.62329549695122
492010,21.246578436129273,81.5977337775538
492012,21.233842899029906,81.70805725727992
492013,21.204493196391887,81.61817053541306
492014,21.278168973464243,81.69050064335707
492015,21.182535598311215,81.67819008966455
492016,21.165242805586413,81.72568825151615
492018,21.15349409542237,81.78671291607718
492099,21.281007046155743,81.5726376601229
492101,21.23799683039069,81.79792225674798
492109,20.78467052316265,81.99838442412215
492112,21.342729699284593,82.6739381388142
493101,21.681347954911473,81.76047148718133
493111,21.32505987073373,81.74192242508494
493113,21.625420124686702,81.87214133291239
493114,21.546937837585713,81.82629009818486
493116,21.478261130468784,81.76870142646128
493118,21.768153552589983,82.00349094064504
493195,21.5680642173899,81.99952579544802
493196,20.895666358411958,81.59988168235725
493221,21.430872237011098,81.66677112123963
493222,21.680546238816177,82.80463547668484
493225,21.391486536442503,81.95948000872956
493228,21.491710674791715,82.19164362213851
493229,21.252396666666662,81.62964400000001
493331,21.653018615335395,82.03405658939867
493332,21.681948442787238,82.18122306927233
493335,21.572842078204538,82.43519780745675
493338,21.588079673495788,82.72780911869428
493344,21.66569870467973,82.57226529836134
493441,21.217361735184234,81.9461683915396
493445,21.12901728074243,82.10791596789944
493448,20.96510365726859,82.49443102043801
493449,21.014465784057172,82.3553297671988
493526,21.643063468864568,82.34883342608894
493551,21.29591700631151,82.42325011893462
493554,21.304125648960053,82.82187919685332
493555,21.410583922556523,82.76109514624869
493558,21.322444836846127,83.02708440207027
493559,21.62431477624358,82.91227501566905
493661,21.074336050901138,81.76031508324886
493662,20.732578803316258,81.86671032284029
493663,20.86800619708669,81.71588161933114
493770,20.897775900551927,81.59437009710774
493773,20.596449419670016,81.72590461475481
493776,20.650492506345888,81.54289997051106
493778,20.342109542607865,81.91377536502496
493881,20.976014025699307,81.8592215694138
493885,20.957170283275133,81.8976270805654
493887,20.858337276804868,81.93844320001601
493888,20.161484548228334,82.19644334235187
493889,20.522532439621425,82.14757654423332
493890,19.906407389527097,82.62984593809401
493891,19.97699389982645,82.47208585631367
493992,20.920346842514324,82.05120228983816
493996,20.739780853657983,82.2301426561664
494001,18.970758885689783,82.07538456341192
494010,19.19136831544867,81.67207125900084
494111,18.476124387245473,81.67384604250915
494114,17.931140089865092,81.25527072328168
494115,18.75763916560559,81.79928600316249
494122,18.339786650499097,81.33779222563116
494220,19.38046412511143,81.51689517760596
494221,19.144713450813356,82.08883764907073
494222,19.312940376960864,82.0705026890406
494223,19.18560225481837,81.92959628158144
494224,19.37579495316236,81.88250731579373
494226,19.545525020899778,81.68761191831051
494228,19.867012887383712,81.61592167167169
494229,19.760670346064977,81.61609261407249
494230,20.010108166789458,81.46726014419458
494237,19.697181327515448,81.93384119859309
494331,20.078209055124475,81.57432277780083
494332,20.34004423791214,81.4783035873902
494333,20.453945827874385,81.60742968365592
494334,20.20980838621597,81.48960509234362
494335,20.257997831531203,81.72049969153575
494336,20.413428086732694,81.41673698841495
494337,20.478435196374015,81.3394835378934
494347,20.054876066948612,81.78580243177986
494441,19.05506458863373,81.36586320372284
494442,18.996418389046926,81.72141107108003
494444,18.795986931713983,80.81254699304581
494446,18.932862420325254,80.37076571534483
494447,18.38638247473823,80.94072120441614
494448,18.740521148740534,80.47660791891933
494449,18.888289481997166,81.38938638498428
494450,19.12263423345527,80.85315329477457
494552,18.694516991059817,81.48284718957558
494553,18.742622677339654,81.26404837582368
494556,18.61296803035011,81.23608464950082
494635,20.361627834428845,81.03258601643196
494661,19.732619061410904,81.0416794969687
494662,19.386436075641434,81.28352868559081
494665,20.080328772522776,81.13132987610706
494669,20.176736369132673,80.89899705409253
494670,20.313467070166965,81.25894395285447
494771,20.149309190064898,80.71711758807342
494776,20.029251160205195,80.6604764167924
494777,19.882512979420152,80.58656387377575
495001,22.08813552795766,82.13323013779763
495003,22.09658495985747,82.02502655174703
495004,22.028502082114017,82.1772767947355
495006,22.122813388063097,82.19520157752102
495009,22.18424909466549,82.13737142056901
495112,22.21854343048665,82.04556452215517
495113,22.40040513209228,81.83931277643906
495115,22.351512521318572,81.64015284174353
495116,22.484209440229574,82.02257751461943
495117,22.696905489030865,81.8706134066934
495118,22.984846330803645,82.07007165049775
495119,22.794499217855154,82.15336475298845
495220,22.003111274244375,82.11629533871663
495222,21.99910666867108,82.0605182933628
495224,21.921657839587642,82.05465131803668
495330,22.162162143427622,81.85848975485348
495334,22.07931236206919,81.64644730551454
495335,21.99997273219031,81.85742189387604
495442,22.273680397856385,82.22692514417675
495444,22.45104071406047,82.57807826300717
495445,22.59034755383649,82.46186874043597
495446,22.2615273983891,82.53217981043386
495447,22.40009376089653,82.59837248614268
495448,22.794653965600318,82.53639538467029
495449,22.454478140720845,82.31805238054672
495450,22.440161272977804,82.65905204923926
495452,22.355564041641074,82.5487523074871
495454,22.329802194226335,82.64706497661443
495455,22.390585123381857,82.64863400147105
495550,22.07413298718766,82.29069016508724
495551,21.85354420039323,82.28382561627475
495552,22.054811636776716,82.40869508394091
495553,21.942479411386476,82.42893949197224
495554,21.84333948668532,82.42522560525113
495555,22.133761726363712,82.27102658446076
495556,21.795344643306876,82.53724808993162
495557,21.77165032110021,82.66977907047944
495559,22.160494246677786,82.48026584615349
495660,21.914692650180566,82.7339147015942
495661,21.752762509966406,82.82862761644343
495663,21.92357294878117,82.34518486753981
495668,21.93172072816781,82.59049574398665
495669,22.08147811127244,82.57818664274932
495671,22.077445502686935,82.69892877176095
495674,22.33521162246816,82.92434587566125
495677,22.361493719651072,82.71809926236295
495682,22.321498683399053,82.7419635022633
495683,22.41245908722167,82.88131206036161
495684,22.59991998699853,82.7974767482526
495686,21.968586680995347,82.7711010734091
495687,22.051104451080498,82.80677997774208
495688,21.814689609582818,83.0774145007163
495689,22.03732234732558,82.93134190294597
495690,21.873903927945417,82.85535147612705
495691,21.822109493508204,82.97962646684351
495692,21.794598955182895,83.18689500884243
495695,21.939100210538022,83.05892225417549
496001,21.913330490785224,83.40793867929239
496005,21.937744895855662,83.3474892433158
496100,21.784722378361668,83.31396845932045
496107,22.109198230059828,83.49990345549578
496108,22.109667499496087,83.46480676165766
496109,22.057581562688245,83.35336738874821
496111,22.194645007990427,83.3317809900197
496113,22.314727112139277,83.58922282223597
496115,22.455830208191774,83.5093110184479
496116,22.526787368646193,83.18992877993443
496118,22.601493248262805,83.43027646959683
496220,22.50242371231694,83.68796496335479
496223,22.679036634529172,83.77305393135725
496224,22.90824328240708,83.70216874826318
496225,22.7663010563816,83.9125131369953
496227,22.524776131285968,83.95890056738048
496242,22.501855288951134,83.857937194624
496245,22.391087960072543,83.88179524884326
496330,23.048786840152736,83.99990385761792
496331,22.865768246626335,84.15035051723487
496334,22.74077103002407,84.08850729919685
496336,23.097976833618866,83.7650859944598
496338,22.925905737204346,84.2737571995214
496440,21.7451789376447,83.3985446552839
496445,21.526565220651097,83.08800301331362
496450,21.66836047435909,83.12003078889687
496551,21.47231325622502,83.27990040060483
496554,21.629021425017307,83.3370819704572
496661,21.98522401170514,83.1671178857768
496665,22.13287557765205,83.11463662710258
497001,23.148899841055343,83.20748986068234
497101,23.062058064703006,83.44795582840207
497111,22.841118750848125,83.4011207813388
497114,22.708899483427263,83.48164396130348
497116,22.945898136964622,83.07255487533607
497117,22.892230475013168,82.91522708349413
497118,23.39847891234722,83.61967451185706
497119,23.579159193517174,83.67016861954122
497220,23.847944302584935,83.49568129435859
497223,23.558544052155508,83.19551626833571
497224,23.307262938820877,83.90221078093043
497225,23.817698855652488,82.97638601388788
497226,23.184757668136285,82.9814309464483
497229,23.170252290384983,82.89118750301284
497231,23.50905555302056,82.77561978576522
497235,23.381902647412588,83.0158290073031
497331,23.27567103211275,82.69339256113982
497333,22.969366066238123,82.71145969698311
497335,23.23752635927039,82.49998294717338
497339,23.564508366268818,82.45252182906734
497442,23.394021608889794,82.18385737112052
497446,23.18813801350808,82.20657502441856
497447,23.187201633172037,82.16316174399186
497448,23.150191173460794,82.19395048626276
497449,23.061989892139106,82.34891923382533
497450,23.102068704790735,82.3853910813959
497451,23.17839988772592,82.35776950355607
497553,23.165777798429044,82.36919603236689
497555,23.16844135971405,82.3606632252679
497557,23.173244582692554,82.39306603923268
497559,23.213335843578314,82.3956139222784
497773,23.22592205617427,82.36058606012668
497778,23.692488742261723,81.96212997866309
500001,17.389132202465735,78.4731310081011
500002,17.361494860142624,78.4748140486668
500003,17.44032811330986,78.48890259666159
500004,17.414749026924984,78.46937081459994
500005,17.29224835060828,78.4758782849455
500006,17.382166264350804,78.44454709332244
500007,17.413514236423385,78.53348026067364
500008,17.38913451582507,78.41206076001457
500009,17.46673153621967,78.49146325961524
500010,17.51981457412336,78.51547150027379
500011,17.473143522758733,78.47334835282766
500012,17.376696415670303,78.4738869558047
500013,17.390324774035573,78.52746140887871
500014,17.55228041942627,78.52158473290208
500015,17.482207096614168,78.5041546036826
500016,17.439855292335995,78.45989475006888
500017,17.434883556666517,78.5305756053669
500018,17.46182650299581,78.4332017393452
500019,17.478282644083365,78.32114357581398
500020,17.412414862699922,78.50146862919961
500023,17.35768978461544,78.49082678819028
500024,17.371446308261003,78.49183346002194
500026,17.451019176888323,78.51295457897498
500027,17.389205817280324,78.49586047794412
500028,17.405952805468328,78.43681853065085
500029,17.402569087466443,78.4838440179255
500030,17.32105022489622,78.40027702965934
500031,17.37597401198514,78.3890050326656
500032,17.43018126283759,78.34863150852195
500033,17.433246545870706,78.40443453102276
500034,17.419901577532897,78.43302638958298
500035,17.354786768768225,78.5350740257408
500036,17.37472684115511,78.5096390317544
500037,17.485603596730837,78.4386329945082
500038,17.444279000937385,78.43766959697659
500039,17.40057772677905,78.56148118059183
500040,17.455442032937306,78.55705293762466
500041,17.419513152452716,78.46087884260768
500042,17.470676357354783,78.45506775988623
500043,17.603404100392023,78.41070477720739
500044,17.40074435341405,78.50749017746978
500045,17.43969752976181,78.42185654670126
500046,17.45062191830808,78.31996275976424
500047,17.452835842853805,78.53565151538065
500048,17.35964224698183,78.41967169924524
500049,17.498234110445903,78.35740140221792
500050,17.498673503545326,78.33072976014121
500051,17.463472401373892,78.59771302431152
500052,17.30712969961611,78.42774925670608
500053,17.338401031070262,78.47072300785409
500054,17.500148194586338,78.44753788499862
500055,17.526919535427123,78.44078001306741
500056,17.472543612779393,78.53929701116792
500057,17.395418352186148,78.45343834248874
500058,17.328834147748925,78.50426788689222
500059,17.352849450362072,78.508000695609
500060,17.368592575289153,78.53023414199794
500061,17.4242199708167,78.51389277245619
500062,17.472019402660507,78.57273659325934
500064,17.354964644413066,78.44826986777214
500065,17.349083376760806,78.46927050746235
500066,17.369373053296826,78.4732047998608
500067,17.513492287169115,78.47859424393731
500068,17.368846875566305,78.59042971821434
500069,17.255745672410477,78.49706329915594
500070,17.327009745174458,78.57722843048997
500072,17.49672068441012,78.4107970821499
500073,17.431959377423205,78.43892737028128
500074,17.346618656170936,78.55267807585237
500075,17.36724705809916,78.31335334421185
500076,17.435741576900526,78.56538049796373
500077,17.3088279550706,78.43773962315542
500078,17.579476192805974,78.5952293910275
500079,17.333200736601942,78.54108004830194
500080,17.41851923338353,78.49007504183274
500081,17.44891635414254,78.38633451586557
500082,17.42241053349219,78.45550243648955
500083,17.49507827131372,78.60477774397954
500084,17.466984316839934,78.35747852689157
500085,17.486275735221252,78.38875191716687
500086,17.34612773139445,78.3887760413887
500087,17.51410035427748,78.5603790453019
500088,17.416110617154597,78.64916188148531
500089,17.389848715513118,78.36584018502766
500090,17.521316601222445,78.38952639295755
500091,17.362649650988274,78.377452302088
500092,17.42699199345711,78.5939136329983
500094,17.48847038753788,78.54182676299334
500096,17.414228127027993,78.40953399459528
500097,17.3245627498676,78.53048591362096
500098,17.399241273519536,78.60248823781622
500100,17.556531980676667,78.47220346564788
500101,17.635213216667495,78.60599712310355
500102,17.37083691381562,78.5494494429763
500103,17.49531093571173,78.57107380252039
500104,17.412077478289422,78.38131086193661
500108,17.24087243890046,78.42900535636716
500110,17.421187796882577,78.3978887736793
500111,17.4350246015096,78.3401620063269
500112,17.297531089117943,78.54460651001257
500113,17.066411967073304,78.45870324055517
500114,17.45505372716431,78.4139637675722
500117,17.52934620551115,78.4127768967643
500118,17.54042315257695,78.36318935249241
501101,17.332937265277963,77.9063567132945
501102,17.34800955966959,77.91116778198871
501106,17.43640372646372,77.75081026263283
501111,17.43747275947151,77.97658407540577
501121,17.289306647269537,77.7813009206531
501141,17.29037704237707,77.57607306946811
501142,17.37850504870865,77.63425934323385
501143,17.192692771013633,77.45038718491406
501144,17.207708587783337,77.6485592213258
501158,17.3142480756124,77.49218607239102
501202,17.53315634678434,77.8605956444514
501203,17.43278113972056,78.13259356690783
501218,17.231184990213674,78.36403162989492
501301,17.44790555704525,78.71131317872396
501302,17.474091309003942,78.64282281409086
501303,17.535440579527624,78.65640862248924
501359,17.155223716928816,78.47551644678107
501401,17.642807190235914,78.48842949905499
501501,17.194792157385198,77.92997776919267
501502,17.083044352529214,77.84731099581157
501503,17.31310636742326,78.1122612273695
501504,17.313670732688486,78.2501242625496
501505,17.351227895732922,78.65175068443251
501506,17.146715947302784,78.61917700480768
501508,17.145265444345412,78.74258904762591
501509,17.030010097721707,78.65840899241718
501510,17.23170732650128,78.56092644396615
501512,17.27293271107829,78.69896122785961
501513,17.311922468940026,78.66138460094076
502001,17.611317406007238,78.08356669635711
502032,17.50600432604445,78.30151251013105
502033,17.52256507338517,78.33131730894718
502034,17.458978684228715,78.2831302865457
502101,18.11367026439804,78.43359593569754
502102,18.10541042413838,78.54284695411948
502103,18.09932024128821,78.84622862406472
502107,18.177330879857397,78.7816495977052
502108,18.16322664878828,78.65658073356563
502109,17.989676045928956,78.23338512934068
502110,18.04479598430076,78.26538612750906
502113,18.119315306636505,78.2669501610216
502114,18.093534175882315,78.7501162328543
502115,18.13119851927498,78.35110109633062
502117,18.01925716367126,78.33048376962182
502125,18.04225689492688,78.18710740272796
502130,18.074382027057375,78.21627274578884
502205,17.505245215326667,78.13995956451389
502210,17.569311716589098,77.69523257618005
502220,17.68002813065456,77.60133768225836
502221,17.636860474908207,77.51367433566915
502228,17.721175077801625,77.57837948877065
502246,17.754232069614233,77.72206684018363
502247,17.99270366419458,78.58284148067489
502248,18.0347110437776,78.43014791041531
502249,17.782834613220032,77.59546586852709
502251,17.844971204799954,77.62932312377964
502255,17.921414913028453,78.35897401223507
502256,17.89576888364291,77.68744898506814
502257,17.84015801866728,77.79040143433042
502267,18.15384686587141,78.95160120353584
502269,17.92616350008489,77.91421072142289
502270,17.852808941132015,77.99446761394434
502271,18.04227998043507,77.92319286902996
502273,17.739812356314232,78.08092828126141
502276,18.19114430637068,78.8448930120496
502277,18.027425782491303,78.89360550195774
502278,17.882922729115627,78.65365771865423
502279,17.733648349057848,78.65647603186069
502280,18.051719088369126,79.04900989719978
502281,17.749951227094105,78.78454051526221
502284,17.597074141740467,78.12070198053767
502285,17.544583460020572,78.10888560016035
502286,18.075403298588824,77.68986575759838
502287,18.15139304210498,77.7410962639676
502290,17.959496725573057,77.84990877624766
502291,17.655411348988867,77.94480487003399
502293,17.742189265810058,77.97716792604088
502294,17.639553500821776,78.08164581083909
502295,17.54053692730161,78.05143251096744
502296,17.680178728737577,78.19637320701223
502300,17.490680939399315,78.22776809379985
502301,17.901179492784745,78.78984671995954
502302,17.96742689201484,78.0226154170584
502303,18.039071876178845,78.04882451875801
502305,17.479528822395828,78.16951018929346
502306,17.572348359190187,78.00111477805304
502307,17.55116432802164,78.19352976799654
502310,18.21892003370116,78.90289204241402
502311,17.895928042907173,78.75738967313868
502312,17.84280668566173,78.79772551180723
502313,17.740174085688285,78.3241210884432
502314,17.82642806540488,78.13856972285618
502316,17.86600825717558,78.23211313382872
502318,17.646110111656068,77.6303649437224
502319,17.591424724422247,78.29593112385936
502321,17.673045733533378,77.73656248906171
502324,17.493965387471412,78.2677583678967
502325,17.552779615402244,78.34926377627929
502329,17.56912270569005,78.15278873654749
502331,18.030301486577486,78.1437181597449
502334,17.815369398094262,78.49077193976706
502335,17.884466061761348,78.48647315084624
502336,17.72579957268418,78.50964983728663
502345,17.704246198409834,77.83634866279385
502371,18.137107193678904,77.86116457461573
502372,18.010962934684564,78.79635971089591
502375,18.083737879917706,78.96418090844891
502381,17.94466996442209,78.12981316219455
503001,18.667810248878386,78.07985578859272
503002,18.696730902418253,78.11363476552985
503003,18.704631403201272,78.14834841771454
503101,18.17680236375186,78.42089855179053
503102,18.24381294702323,78.37798812128041
503108,18.126063135814615,78.12632412466758
503110,18.222169467154608,78.26795741286948
503111,18.32083541976911,78.33525328929689
503112,18.325666523472357,78.39433811955834
503114,18.421364345825513,78.10098621451547
503120,18.3273860346266,78.20860833520068
503122,18.210103310318132,78.02089647304305
503123,18.263132625245404,78.45470450461337
503124,18.252996196551784,78.14348698148923
503125,18.212747530668725,78.52551999106417
503144,18.411237622051367,78.44103437845827
503145,18.422366588591768,78.2415902016527
503164,18.536194139474496,78.27104037101243
503165,18.56128973871848,78.48046053926747
503174,18.59736175572591,78.21118580474041
503175,18.674684811071227,78.27586794256156
503180,18.66042929662261,77.92193494774243
503185,18.674976119551932,77.84108763880526
503186,18.714303040092666,78.03642634036603
503187,18.369272674955724,77.9301592743294
503188,18.572014786132765,77.87356198172259
503201,18.507595543616777,77.94749801401557
503202,18.655204210736198,77.99688928318216
503206,18.585356905171846,77.97084411631639
503207,18.572972324754957,77.79676464109608
503212,18.931975114712284,78.21612584324363
503213,18.7973648814894,78.1567003630758
503217,18.866766593283607,78.33298506469713
503218,18.90587028840585,78.39102433167419
503219,18.96298069748309,78.4016104913873
503223,18.806594940928843,78.27222022519318
503224,18.791441841361465,78.2896507102139
503225,18.8107983205386,78.46815162471601
503230,18.57970766477281,78.11418397557114
503235,18.755412279706015,77.91134255944266
503245,18.803224788324037,77.99807093851778
503246,18.86032738457769,78.08200658611935
503301,18.452944800862166,77.8874306530643
503302,18.21771730088108,77.92809199641053
503305,18.328644910522407,77.62966562589475
503306,18.380062561062775,77.74161740554231
503307,18.691778706267776,78.47506657437665
503308,18.884327974132486,78.50084331495296
503309,18.477141058790174,77.66883903698859
503310,18.263484791741497,77.79514652633999
503311,18.794315071728793,78.39231788681941
503321,18.460436350409058,77.82453244112075
503322,18.61691155215585,78.21468230895336
504001,19.667448030262715,78.53064357641956
504002,19.64001434258062,78.60272165399935
504101,18.928889911074155,77.95935152013443
504102,19.026463271526058,77.90765158365342
504103,19.193887241989785,77.93562185269944
504104,19.0454055570083,78.1142364707805
504105,19.00879454447763,78.35898490654667
504106,19.060842478535864,78.40286469648504
504107,18.882398679127128,77.92371877405311
504109,19.167803191337875,78.09229670464953
504110,19.2193167278312,78.27788464362294
504201,18.84071136934369,79.8309407936155
504202,19.106560876258495,78.80256552219552
504203,19.154228337909576,78.64912602476116
504204,18.885693677376008,79.66906852413855
504205,19.19030507676184,78.90719161856171
504206,19.020658224698554,79.18627046207654
504207,18.881156439177516,79.30076780105718
504208,18.88417991633928,79.45602144491622
504209,18.928521435830582,79.3855622559808
504214,19.025641537541233,79.8071127561433
504215,18.933875043525813,79.2079653240921
504216,18.822846700313786,79.58787578761967
504218,19.06053585821428,79.35212549330308
504219,19.116054626542024,79.71998069939318
504220,19.17970789303857,79.37013043141978
504231,19.020956450312042,79.4406900046236
504251,19.071242591141193,79.54801025621914
504272,19.14048902311359,79.46220980332801
504273,19.23335002312409,79.61716325432064
504292,19.25113922941531,79.42021891209231
504293,19.393281059668496,79.16854573494406
504294,19.273796092621012,79.24815822192042
504295,19.492549556317464,79.34081712165883
504296,19.325586595856176,79.64562792827736
504297,19.159123098074442,79.18973923646155
504299,19.45534733896189,79.74501314932797
504300,19.34946040813966,79.86190049827336
504301,18.932066563953583,79.47008521709957
504302,18.85586032070888,79.47999728719286
504303,18.847400537240343,79.50388396331473
504304,19.41137781007655,78.30391835365947
504306,19.080486561865868,78.23299443127436
504307,19.393687331308925,78.53405781142837
504308,19.557743345577606,78.46178859314753
504309,19.742762200717397,78.6633886564516
504310,19.118644964764087,78.51244506862813
504311,19.496577351345227,78.86341686525137
504312,19.73429053885081,78.3785899960537
504313,19.344972307669963,78.96102042998255
504314,19.614860276343947,78.90575064563832
504323,19.27239757260103,78.4231643642415
504346,19.496919199636356,78.68013876809157
505001,18.432706650725937,79.12421020360482
505002,18.454647887625,79.12254171824074
505101,18.178856605818538,79.47894892005064
505102,18.183376333402528,79.5588960140417
505122,18.265497356450574,79.49906505412211
505129,18.32217834972527,79.44177298143757
505152,18.436372092306197,79.4595924386687
505153,18.498459676159055,79.56448295380204
505162,18.51237645017362,79.43055735767797
505172,18.613619942483073,79.38236951247379
505174,18.600154154166813,79.42250873875928
505184,18.58074647478665,79.73306507632863
505185,18.518514814361694,79.33473605763557
505186,18.49444223342001,79.22418010599944
505187,18.712899256696332,79.35886068474431
505188,18.659862998650766,79.48095253387051
505208,18.77479623544437,79.43010237119864
505209,18.762886253712857,79.52409176354861
505210,18.724226535351594,79.50100058609463
505211,18.682608833192532,79.53929758597391
505212,18.61126012779927,79.56215953766443
505214,18.699888165300315,79.5938251562791
505215,18.76102850156246,79.47520689916375
505301,18.439122020968767,78.7351769200962
505302,18.4705266437046,78.86108514743215
505303,18.368739785611943,78.67353587677451
505304,18.294520898472687,78.58346496338763
505305,18.431976627144174,78.60770737544323
505306,18.663886935691497,78.74713513464292
505307,18.596873288087696,78.7086302837581
505325,18.80147846647859,78.60958761936628
505326,18.821865286487967,78.71332978494551
505327,18.792280105033115,78.9126798553731
505330,18.857746576658915,78.70915086690063
505331,18.948557639877013,78.70475925799465
505401,18.411516982782082,78.99177599316607
505402,18.33061009159067,78.92266787930524
505403,18.530187377452762,78.77378159396012
505404,18.2847358624499,78.70756263306916
505405,18.32184626755682,78.8370777120191
505415,18.609985740542534,79.15536675862427
505416,18.744525936411588,79.22891304367411
505425,18.93489946482712,79.09385268826651
505445,18.55504895753569,79.00037954043025
505450,18.925103438094542,78.57361782098624
505451,18.503672710417852,79.07634019448888
505452,18.70547527634188,78.93821535689295
505453,18.779781346316028,78.80058566817118
505454,18.95433771098679,78.99989207699466
505455,18.778812145199858,78.91684420347498
505460,18.950505873062898,78.83481578426735
505462,18.736150719403486,78.68622026265122
505466,18.053178075800723,79.21059585753189
505467,18.146951264247406,79.1729718272547
505468,18.20443711980131,79.39875003146028
505469,18.371531235792204,79.22293381331693
505470,18.313087545137336,79.35016392094892
505471,18.045083135757483,79.32161134574699
505472,18.192540956315618,79.26712130099627
505473,18.158917698139852,79.05973848288122
505474,18.313608027743456,79.27175019210165
505475,18.357967335227755,79.53443967029811
505476,18.11843299797163,79.46643144013349
505480,18.162544783760172,79.33318500695066
505481,18.271905412290405,79.16261038732522
505490,18.252028589345773,79.31739970957393
505497,18.10700399139612,79.35581139122999
505498,18.207115728610887,79.41078497335755
505501,18.62697744116067,78.9068314248682
505502,18.377662941547694,79.39447899099038
505503,18.581695391483983,80.00178046193268
505504,18.689437101789412,80.0963898202769
505505,18.42572736368671,79.30853152908817
505514,18.808405889835164,79.37498206227176
505524,18.506525451243117,78.91790527950911
505525,18.594671891043298,79.25458384436932
505526,18.80897949151089,79.18870701963391
505527,18.378463753298576,79.15954694324186
505528,18.240493628182346,79.02672095983229
505529,18.869872258473936,78.94058569679682
505530,18.337315465294655,79.06718390231113
505531,18.614178645832087,79.07351580779674
505532,18.77338915110011,79.07828186514112
506001,17.99271647941301,79.56369137279708
506002,17.97299924036139,79.60162241810117
506003,17.928192770102513,79.51162731969544
506004,17.98505984424178,79.53105289687609
506005,17.908388777868097,79.60864745506643
506006,18.04889557419513,79.62859704685006
506007,18.00292505835764,79.58987059530163
506008,17.95668493930061,79.6233932498183
506009,18.02786109442824,79.55474719679611
506011,18.003163824739595,79.57307377696655
506013,17.972609822519306,79.63329444911798
506015,18.046823736163983,79.55726653889974
506101,17.56257312632123,80.04332684847616
506102,17.635010203410562,79.93304526405306
506103,17.701779337397326,80.02958614481719
506104,17.546558367716937,79.903542485377
506105,17.47681114493438,79.99557668723897
506112,17.696888377513652,79.8663335024818
506122,17.822671494163284,79.81937384084732
506132,17.988345647656466,79.93748565611156
506134,17.818610031015233,79.96408387970175
506135,17.902180362420964,80.11918900557804
506142,17.97975787014379,79.39752135979224
506143,17.822031985655876,79.42834390866759
506144,17.880623346371408,79.39880507591039
506145,17.94122581354163,79.25951532493949
506146,17.66312758553591,79.42480431446728
506151,17.9375753833838,79.37708397193227
506163,17.587522064139122,79.67233153762642
506164,18.185469026030066,79.69909800354829
506165,18.40805563412438,80.32639292736783
506166,17.914311122557333,79.59247158028558
506167,17.71767844795234,79.15803520401286
506168,18.40102755641315,79.84935754964738
506169,18.449855418644646,79.97954005803608
506170,18.36768489712847,79.77548982686825
506172,18.19112931357459,80.52650197165013
506175,17.792313470360195,79.159957033889
506201,17.66687093491245,79.16263038598261
506221,17.799027428545564,79.03912453226653
506222,17.582287196591103,79.45248363483121
506223,17.906463844239898,78.95347185196277
506224,17.88987613415611,79.07639186009784
506244,17.772152171339748,79.26880372030236
506252,17.734393725846537,79.39265657834727
506301,17.841976066505318,79.3033842105814
506302,17.582055705784764,79.37335779002294
506303,17.63721661258761,79.28149101719741
506310,17.837735641221478,79.62379374308081
506313,17.78614276903434,79.5778727325858
506314,17.68411832511079,79.5858577801194
506315,17.402977266834363,79.87900295435176
506316,17.740861501716893,79.47867398138386
506317,17.59974568576924,79.55931601513362
506318,17.534481485202203,79.58457036292299
506319,18.149601618969452,79.73483611966614
506324,17.490720571536947,79.72952901618774
506325,17.472887608585832,79.8230719731152
506329,17.89592449963451,79.70446218036814
506330,17.960829768186624,79.71061892700604
506331,17.94267926303911,79.79761036664166
506332,17.84758914072715,79.8739658124471
506333,17.994787513294348,79.82866524385173
506342,18.052579988982124,79.71744932474436
506343,18.19340593363953,79.90424745624644
506344,18.17704647243981,80.193597285753
506345,18.294983122449608,79.89088340954966
506347,18.206430185257055,80.21502313998253
506348,18.231588619389406,79.78134384123491
506349,18.110518982775147,79.86683081310353
506350,18.05517541811929,79.856149970294
506352,18.17000944430786,80.00174672768651
506355,17.943056149808083,78.90673140644178
506356,18.392474489285657,79.6575198145541
506365,17.74201139020703,79.72889720584428
506366,18.296855225914612,79.62852551398026
506367,17.96707702558408,79.09699360674443
506368,17.60442554972277,79.77271678204573
506369,17.763186160122043,79.7354635656262
506370,18.018148421769585,79.49412483657356
506371,18.068036944186456,79.48793709744876
506381,17.413144656472735,80.09764179815673
506391,18.195227173013492,79.6471986273524
507001,17.246751867303537,80.14607460215404
507002,17.28425136898611,80.19117626084349
507003,17.298625623510343,80.14139109925239
507101,17.552167775685813,80.62252908381967
507111,17.666114434022013,80.89198664348021
507112,17.504288076427702,80.82929312124568
507114,17.643534585529192,80.83788718087852
507115,17.68154497351084,80.70960550538031
507116,17.803798683129095,80.80745335863843
507117,17.986369147032104,80.66702394399545
507118,17.657779336130645,80.61387609833075
507119,17.485777578816624,80.65717616192265
507120,17.47044299912604,80.55899542315228
507122,17.497303264415052,80.32735591991003
507123,17.57303142792162,80.35784960584307
507124,17.76497834545052,80.3059872546901
507125,17.914803106578322,80.80632623449476
507126,17.881693989230115,80.45234722366372
507127,17.636933001695148,80.502169038535
507128,17.724480584885658,80.86690321785461
507133,18.15324608089048,80.77329893275224
507136,18.422497426952642,80.56323486265359
507137,17.84053959330567,80.95476556908446
507140,18.045316509704257,80.91272516240201
507154,17.58261215174147,80.66406301649813
507157,17.193907944959317,79.91363783438413
507158,17.150016627128597,80.11565471462578
507159,17.201888921588285,79.9540370105171
507160,17.1089197835813,80.03814906185974
507161,17.32039304184576,79.88462065408471
507163,17.293944686740886,80.0317948207895
507164,17.104183498493764,80.76369484875926
507165,17.188356842794676,80.3566909653075
507166,17.37583351707146,80.53498366017021
507167,17.202709674673567,80.44610839918506
507168,17.349853435911847,80.42908146993092
507169,17.027745277976127,80.10833088856566
507170,17.221428447370872,80.02818738652255
507171,17.377280881098056,80.64902942712389
507182,17.392158346853016,80.26746870035501
507183,17.35264787879601,79.97715998444784
507201,16.83662519372814,80.50359150859882
507202,16.895932135304548,80.5298187970893
507203,16.91213245575847,80.38282905759642
507204,17.03165758366978,80.27551259060495
507208,17.128213768694884,80.21831174346678
507209,17.180115935178485,80.53758354644731
507210,17.493095121345092,80.16004561848541
507211,17.658117405574952,80.14610789539893
507301,17.362759640226194,81.16521152656921
507302,17.207936508186076,80.69381322862645
507303,17.215153228105038,80.84003911984543
507304,17.047418232647523,80.35019105916038
507305,17.231792103354014,80.27273158880973
507306,17.301761943732846,80.98909438980186
507315,17.383558113553494,80.80568923220032
507316,17.323486502341737,80.71461850215614
507318,17.28230132155011,80.25839490834674
508001,17.052202361517182,79.25368624312625
508002,17.093128429362913,79.25136213702206
508004,16.997840899470308,79.22030375888058
508101,17.638639519493417,79.10295126598287
508105,17.733736212123492,78.93145015291061
508111,17.48131873171997,79.1396818650092
508112,17.383158589157937,79.0760604852158
508113,17.314115688092787,79.13458356487017
508114,17.217309875678968,79.08447143888242
508115,17.645836404226976,78.87801002925211
508116,17.50959544167176,78.8978939704014
508117,17.587474220733235,78.80613490762681
508126,17.495276527423652,78.77161733505908
508201,16.944366136127233,79.73389344103339
508202,16.6352538478465,79.33821396599002
508204,16.826921951148783,79.83178658534592
508205,17.191836510602005,79.31865962797617
508206,17.02834513247601,79.98315420385615
508207,16.870054882898902,79.56349930491112
508208,16.79502835281969,79.53122235324156
508210,17.291495615152204,79.39384566027806
508211,17.16727435880829,79.45506412615774
508212,17.228118769139584,79.79063844197081
508213,17.146780088784144,79.62229858053624
508214,17.106046471905664,79.68602473529131
508217,16.956170450530003,79.53482791492657
508218,16.822353323653605,79.69976252127931
508221,17.34032284398478,79.7270162219873
508223,17.48205971398201,79.42875388526777
508224,17.29757749568209,79.57667496811895
508233,17.039982447725425,79.8355151610852
508234,17.124226332099028,79.88225935535037
508238,16.9297519157575,79.94859560757044
508243,16.675291000037276,79.04831094050832
508244,17.088215570530366,79.08520219116396
508245,16.986269562919535,78.86968048316744
508246,16.766455064054863,79.96403200095948
508247,17.011565369308332,79.36876580458448
508248,16.5816958219244,79.00506624302194
508250,16.85872172079095,78.81152661313901
508252,17.273542591460714,78.8889597974955
508253,17.132003121548287,78.89904191612446
508254,17.22705645114566,79.22569084068166
508255,16.969603522644523,79.07817888309748
508256,16.84436870415669,79.09863605381253
508257,16.764505521220993,79.11070037159472
508258,16.60216049430299,78.77379840588468
508266,16.666445883075564,79.2160527252635
508277,17.447883917716666,79.29707182792642
508278,16.835511450416583,79.37327117007673
508279,17.408083827113906,79.49163948062142
508280,17.422328723459458,79.62965488409804
508284,17.353934159406077,78.81280312657077
508285,17.435055057544172,78.92992856782428
508286,17.550728561011603,79.01481205809844
508355,16.745910922405745,79.61190724262481
508373,16.85911484869654,78.93870497508715
508374,17.021394170538535,79.50092993573088
508376,17.188527292952784,79.56046210251897
508377,16.75449765013776,79.322569576216
509001,16.745718825968897,77.99937867723533
509002,16.743202750737552,77.99347643207321
509102,16.159298748552885,78.33187689263711
509103,16.38158680634292,78.01589624489628
509104,16.1222351490947,78.04515442568562
509105,16.060921820378304,78.22518357289061
509106,16.35334141924049,78.03371274462268
509110,16.395145584356232,77.85872307070753
509120,16.22440030846428,78.10472193578279
509125,16.244944877820554,77.79482861707717
509126,15.957582499234364,77.81800408641735
509127,16.018732930590165,77.63134965815154
509128,16.030466207375607,77.89593232690173
509129,16.116155979867333,77.54475472819144
509130,16.425921223714564,77.71793354451717
509131,16.308808862261397,77.82130034587703
509132,16.141250206613684,77.69261103968623
509133,16.23995321567737,77.7387949481825
509135,15.950854376106372,77.69744653074534
509152,15.898238289762805,78.11807558050899
509153,15.971491598406226,78.03521932383198
509201,16.377206374507455,78.97384737923406
509202,16.942839783129045,78.15425585657574
509203,16.53655137655908,78.16343654463365
509204,16.667804094055487,77.82969843056338
509205,16.653850796130865,77.62573980252398
509206,16.35823370854451,78.15987629041935
509207,17.086606391424613,78.01847800438253
509208,16.452144710574863,77.5200127896049
509209,16.540639119369292,78.33666452315457
509210,16.73484698226656,77.5525946039784
509215,16.545528078429047,78.25100487488828
509216,17.042540684713856,78.2456325496121
509217,17.18551214543587,78.15676888971468
509219,16.517633615529896,77.86063460173563
509228,17.095778002104836,78.30067771070547
509235,16.398995152228224,78.26291692638486
509301,16.7474195802455,78.13570070487494
509302,16.765661761755652,78.16477379520693
509311,16.602774111469664,77.52354280786238
509320,16.716345275051083,78.42021093309793
509321,16.848529851968248,78.59584723509185
509324,16.653031833428475,78.57559655651586
509325,17.158170405070337,78.32046790459712
509326,16.2139095909447,78.86310714026855
509327,16.88492781941742,78.695892418384
509328,17.1773059269346,78.21648136144874
509334,16.82958714576371,77.8953935251751
509335,16.97307158668627,77.8738370266359
509336,17.024722897465832,77.53274084773975
509337,16.900135337070864,77.84019269230373
509338,17.13427310070737,77.6732789726088
509339,16.949874416788926,77.71059932286109
509340,16.89692676164497,78.02121513337289
509349,16.56767152605531,78.59271553670598
509350,17.048705955493233,77.66911951441197
509351,16.586884800753968,77.708334682014
509352,16.432338264315767,77.37225476662846
509353,16.513083476652856,77.61106805706224
509357,16.7768837811552,78.3311973469051
509358,16.962482957000546,78.53435969007172
509360,16.76040017400889,78.57580612454677
509371,16.78864591921607,77.78465153334486
509375,16.457319333618834,78.77862154714109
509376,16.482181099623503,78.65076765739238
509380,16.56502032739065,78.02292195919507
509381,16.360291427657664,77.9583013616024
509382,16.582091203174503,77.98327318782133
509385,16.443117665808536,78.44642081880536
509401,16.222516254934924,78.5596603984318
509406,16.654781149687683,78.18583991403456
509407,16.83481233761017,77.52467008064725
509408,16.93065445187779,78.34593786881409
509409,16.55146705254797,77.7746639067843
509410,17.066492157644618,78.11723986702523
509411,16.853379296336797,77.62881223604053
509412,16.31029192916239,78.3668539490471
515001,14.67448200141483,77.6022404390355
515002,14.629838833420369,77.55885788946377
515003,14.621163197575811,77.63746007867542
515004,14.706642481450073,77.57689965973859
515005,14.681052002736479,77.62499420176474
515006,14.70016863726641,77.53634924634382
515101,14.28792579265448,77.59811579200604
515110,14.081810288667016,77.65499560124066
515122,13.981318010631751,77.58370982244678
515123,14.106458280050308,77.45622071685797
515124,14.011285813171407,77.46856131881327
515133,14.181568971819862,77.72669287649424
515134,14.14247130766428,77.80308539678407
515144,14.189382468765741,77.85320624799961
515154,14.266365488134358,77.95176858110892
515159,14.340463387886562,77.89212706992974
515164,14.180558209380148,77.61492445744476
515201,13.828020022800597,77.4984347606774
515202,13.821883140736977,77.53576348407186
515211,13.750463619032988,77.49516271679437
515212,13.863945257472885,77.49307826630371
515231,14.012987314813682,77.81433745821461
515241,13.95048234851555,77.68864935263801
515261,13.917807881557597,77.4691403291344
515271,13.920815614813643,77.08535875981174
515281,14.12700716365166,76.97738008024484
515286,14.011412726555436,77.00414803253277
515291,13.89857891850159,77.17791433157483
515301,13.947257478054825,77.28072317794324
515303,13.894830963625857,77.35375817089806
515305,13.999584622242201,77.14831523269764
515311,13.802385378004539,77.03370972711676
515321,13.808159729609082,77.1113637682899
515331,13.822733244528399,77.60836631026979
515341,13.835154268472154,77.69276335234628
515401,15.127320383453515,77.58828167901488
515402,15.173625179877751,77.6414106958582
515405,15.031461981377559,77.64113218460992
515408,15.045470322404725,77.912087116988
515411,14.887999545079465,77.99926103611229
515413,15.018267987697879,78.01997682353198
515414,14.781259704108924,77.9822325997829
515415,14.959756385781263,78.02364401773255
515425,14.719270128196538,77.83233251809189
515435,14.833202666185905,77.71256506710992
515445,14.874330300295098,77.88146856650307
515455,15.0252464797695,77.787350878711
515465,14.656235017109104,78.03754775231019
515501,14.181972068950854,78.03005742649506
515511,14.421080469607313,77.99128873857225
515521,14.081756282834553,78.31754252361142
515531,14.076364113460212,77.95407156171962
515541,14.265184244824596,78.13984990453095
515551,13.996896361258857,78.17809678370153
515556,13.903442183110787,78.04108333694886
515561,13.98853958236706,77.99715233876694
515571,13.922747754679326,78.2336580257309
515581,14.244904773931683,78.32693008870783
515591,14.081216228348069,78.11264018886962
515601,13.875145972414536,77.76974848620358
515611,14.91079028547777,77.68890209179068
515621,14.367204834780303,77.3519139064788
515631,14.57296821408185,77.88896264837024
515641,14.461444946233575,77.52999137966967
515651,14.321693105907954,77.73655602409656
515661,14.527250111043688,77.7709118015665
515671,14.408207735139081,77.72040283062196
515672,14.407538537321374,77.68949951609895
515701,14.722282622326645,77.70381546166091
515711,14.770280593022683,77.37485790297437
515721,14.589803130006821,77.69048120415916
515722,14.568766720118187,77.5674743587888
515731,14.81747116131254,77.52687175181482
515741,14.71531737295486,77.17501188494009
515751,14.629306921280836,77.39584876880434
515761,14.556671598750484,77.1377704284203
515763,14.605651603568566,77.04208109401245
515765,14.397403208011909,77.17342984801462
515766,14.310990899973541,77.03656480316836
515767,14.449533093437365,76.96072241936689
515774,14.895231440004775,77.53835631528408
515775,14.963543223189665,77.51651146522222
515787,14.514049365557613,77.26813140096795
515801,15.177519734387586,77.36381047499246
515803,15.166342568950464,77.42307727344983
515812,14.944512374776211,77.22487697970215
515822,14.839824783750585,77.22106526273174
515832,15.010198651148302,77.36876349498891
515842,15.10753661022873,77.32302726131601
515863,14.546618593869551,76.86784067758042
515865,14.753645180336932,76.86673440394532
515867,14.676671201847277,76.96419092365694
515870,15.040800363083864,77.15921829078755
515871,14.880069372021161,77.009090984028
515872,15.020407011733454,76.82841103528006
516001,14.471429301298517,78.82506344818808
516002,14.466062448480638,78.86706498541109
516003,14.413733085787038,78.80515313700187
516004,14.403737867269554,78.84998632630905
516005,14.48112178331878,78.74825827709059
516101,13.854692776558535,79.28204358536752
516104,14.16162944663256,79.34839170952247
516105,13.97076126753247,79.2539659691592
516107,14.083467771031811,79.15020285487432
516108,14.03977601181848,79.22963306936506
516110,14.072962371888865,79.35455345036765
516115,14.198594510653043,79.21459106818038
516126,14.167676330177292,79.089632259917
516127,14.322797442257572,79.31738936819049
516128,14.238514866130581,79.2908757306672
516129,13.933623596204793,79.05289976771287
516130,14.019289564911215,78.9498696423407
516150,14.24844284910914,79.06000934808449
516151,14.356279006819719,79.22742257372083
516152,14.317593942853291,79.0327337785465
516162,14.579412014741354,78.81560772365914
516163,14.610798161119893,78.78533248149336
516172,14.720244670343838,78.74167455411366
516173,14.810228334526878,78.81379368333141
516175,14.848465467706697,78.69060657416561
516193,15.002024964101368,78.83129721980642
516203,14.655723059005082,78.74835439348111
516213,14.376143612191223,78.98739376994133
516214,13.933693166485691,78.66148018152376
516215,13.93940496015531,78.7983846651584
516216,14.466179201727023,78.6701129881277
516217,15.143557355394282,78.89062548319136
516218,14.360410011499045,78.63602172589684
516227,14.711346886319582,79.09361756163331
516228,14.845375755014024,79.0757496170408
516233,14.555566812448085,79.182003540823
516237,14.524247943014801,78.91255601795544
516247,14.411629652901594,78.9513640355881
516257,14.180141476536825,78.6654363521936
516259,14.231498179049705,78.50476549937535
516267,14.057349372602328,78.53104737054893
516268,14.155632011309446,78.8749607879534
516269,14.044878738957506,78.75321163330698
516270,14.093755967020083,78.74928429964837
516289,14.592272869707845,78.61716129575615
516293,14.570779567527856,78.72056868593482
516309,14.621868485072207,78.53764351594712
516310,14.656203257998028,78.47960732103208
516311,14.598946010904353,78.51500355619764
516312,14.727551771557035,78.47038245754386
516321,14.479533699038162,78.4885341930211
516329,14.363694080878552,78.46381613547597
516330,14.336939000228886,78.52477518055366
516339,14.559334110145242,78.48527149452835
516349,14.36120269067969,78.30485246840428
516350,14.400904004098633,78.40896053710338
516355,14.673711164093135,78.63263328685393
516356,14.729439955122949,78.66363426768717
516359,14.8850030419755,78.56672279938617
516360,14.749742672092097,78.55367858585306
516361,14.754510180421898,78.52730452387907
516362,14.739752818970517,78.60419201606175
516380,14.648688572780094,78.38001582301754
516390,14.41554535350805,78.21765969969594
516391,14.412034966042013,78.23454349536865
516396,14.500993699474671,78.07809396852686
516401,14.598973117770463,78.27451370541255
516411,14.918623374257214,78.45687253337394
516421,14.506943963178266,78.33244412978372
516431,14.90891388394972,78.38326929836349
516432,14.965790093244522,78.25532905754635
516433,14.902964043808428,78.30949088262498
516434,14.84607383217471,78.38183721534898
516439,14.85686808958451,78.33020334004723
516444,14.781354754577329,78.22744894532758
516454,14.601333090146781,78.13359260111619
516464,14.705775558065763,78.17992810857544
516474,14.851864526069676,78.14959633583213
516484,14.540700862868823,78.18903407402135
516501,14.552352612257518,79.02565976902069
516502,14.717194235327106,78.91851854999499
516503,14.849413021721734,78.91402320434817
516504,14.236806111416566,78.7937805049138
516505,14.998114675519856,79.06881024629196
517001,13.219078821491456,79.1109816774397
517002,13.180015246040416,79.11006700483782
517004,13.231629837180439,79.0672872734528
517101,13.591996911125563,79.3082190700078
517102,13.600057652781672,79.25346428662445
517112,13.461579704336058,79.15283112123237
517113,13.567632095781468,79.0062861241135
517123,13.512540463510433,78.93011448009412
517124,13.36780611393582,79.0775113112948
517125,13.231941731828428,79.20828316301625
517126,13.397968868514626,79.21111638388258
517127,13.274737639098511,79.12949072673037
517128,13.17836421653501,79.05006381756407
517129,13.314034746036219,78.95125879254712
517130,13.398124238420738,78.9600046866579
517131,13.268650275509438,79.02913131387342
517132,13.081313155262691,79.10861658839643
517152,13.480930361278489,79.05897141404756
517167,13.302799531071694,79.29933781146298
517172,13.55149500021838,79.11273155020378
517192,13.665598690752196,79.04518260662782
517193,13.634732131929988,79.09691667583185
517194,13.716678126922357,79.13453883977583
517213,13.785497740723832,78.89274400918013
517214,13.74529442721228,78.99861827793629
517234,13.633799411304095,78.82650562781691
517235,13.772397193802622,78.76420357760091
517236,13.832009699884727,78.7833498387779
517237,13.705757405887956,78.79385472152424
517247,13.365717747292843,78.57346081768982
517257,13.429383656258313,78.77791521504075
517277,13.656647883288066,78.71197152382129
517280,13.559815095112159,78.7172356108727
517291,13.730690389213573,78.626887213984
517297,13.811155300053297,78.57951854976788
517299,13.662441251906044,78.65843315791578
517305,13.848507915457526,78.62480050789702
517319,13.634956991073164,78.55768596593478
517325,13.566753966501338,78.50244529957389
517326,13.562547628504422,78.47540134407564
517350,13.710770387230967,78.49711982752628
517351,13.744373289531305,78.36409095562674
517352,13.647510007736443,78.45040915571848
517370,13.656534769876343,78.25708434616956
517390,13.866456444032531,78.33102223791944
517391,13.747960997112417,78.1655475535564
517401,12.889305382659652,78.55018017230441
517403,13.11329855478332,79.19706827833701
517408,13.198060761606646,78.75468820476479
517414,13.329633610041105,78.72269875568516
517415,13.095178676613594,78.58228160097568
517416,13.234085566702333,78.91603856774229
517417,13.406288510849427,78.4282263902882
517418,13.862172609335664,78.46275817149322
517419,13.172839864869331,79.17680661757255
517421,13.194496279361738,79.29890296032568
517422,13.128645134917463,78.99225425710877
517423,12.86609898281664,78.36422793525361
517424,12.99322544025362,78.525192934567
517425,12.739828756522916,78.4159804654899
517426,12.798165529741077,78.28752679085476
517429,13.154164729078875,78.87362017166998
517432,13.166692285776227,78.65037924983321
517501,13.63321302774161,79.4366372284185
517502,13.620885187560411,79.39449515391082
517503,13.597728088250152,79.45575860900964
517504,13.724256617280455,79.36446493355069
517505,13.61612399893215,79.35615705979343
517506,13.638379109246443,79.47830576524086
517507,13.670041739414003,79.43268071175235
517508,13.58971292610747,79.39908146920295
517509,13.656439403836897,79.4724925090172
517520,13.690101116055198,79.51426319645958
517526,13.604971566913745,79.61033132554756
517536,13.820868378532872,79.66714390066599
517541,13.584064902579387,79.89546843718524
517551,13.545663866477991,79.5244335551768
517561,13.53237735994546,79.39105616840556
517569,13.430439371481626,79.34094545748268
517571,13.488006483346307,79.49243643744042
517581,13.41673690618585,79.62860809405981
517582,13.38064927533911,79.40418597007444
517583,13.419970044256566,79.53212315549102
517584,13.355476685630018,79.52294751633708
517586,13.271271221382895,79.72973875558714
517587,13.40708336547119,79.72798915606737
517588,13.441456156993551,79.91098182365505
517589,13.420752540895828,79.80676633675454
517590,13.308773361167455,79.59385927269103
517591,13.339571707458044,79.66878585837527
517592,13.32032124282164,79.55532938550071
517599,13.233700091192908,79.39454510684492
517619,13.713450730356675,79.58485405080681
517620,13.84531401622628,79.5091480268435
517640,13.732261637529653,79.68525022699792
517641,13.685430160581708,79.6641810594626
517642,13.77441289763862,79.76039896946534
517643,13.586084192640882,79.71697790462152
517644,13.753374898392021,79.70573446704493
517645,13.683404993138875,79.85909942969039
517646,13.508921259688071,79.99592013022759
518001,15.828256350409907,78.05014107235044
518002,15.684252258695457,78.08279196665943
518003,15.809800910709816,77.99455675750198
518004,15.855098272441948,78.00732971676392
518005,15.836922800033497,78.03016165336314
518006,15.84207594559756,78.01752094155226
518007,15.761497360371488,78.05524847150734
518008,15.759852036521005,78.03456377946739
518010,15.64162645847945,78.20915089006257
518101,15.99769828069422,78.8118710313772
518102,16.07401029965847,78.91573328489638
518112,15.538190478829671,78.2935900074686
518122,15.210304437406592,78.10251308454582
518123,15.059570548213264,78.08474504652177
518124,15.314731443733095,78.22478978821937
518134,15.227429959477675,78.35113148389426
518135,15.219332149525833,78.42951130635716
518145,15.017784615675458,78.39097224384048
518155,15.084521670665518,78.38222015476777
518165,15.142170695422104,78.27279540147795
518166,15.023896467146393,78.19080289814836
518176,15.41937841453992,78.2764361771375
518186,15.271950175375988,78.25996313985672
518196,15.165099356233691,78.17993923533419
518206,15.473358311854161,78.19860130245719
518216,15.529968630836093,77.93774335489603
518217,15.569111936370897,78.03598951794146
518218,15.682906599288213,77.98678680071147
518220,15.239703981698652,77.95157528383677
518221,15.246237022574348,77.75654461667963
518222,15.396400923522771,77.87471450966447
518225,15.544709850717275,77.7444091185338
518301,15.61403896147995,77.27378882897237
518302,15.62182005644317,77.25823613047449
518308,15.580597186914435,77.1220517224063
518313,15.858989681948618,77.25610452028397
518323,15.724794253743875,77.34084372509135
518333,15.870653722351559,77.10505314849468
518343,15.87921738716001,77.52980704644033
518344,15.757510856181455,77.1448152126901
518345,15.914393431839407,77.4334977173857
518346,15.469543703964321,77.06350689882893
518347,15.511195162536048,77.39346473379891
518348,15.30566573267274,77.14996134270272
518349,15.907201677880336,77.32933209835637
518350,15.635406490817623,77.46408040131533
518360,15.773813344311115,77.48475023878353
518380,15.420274546350345,77.511714524883
518385,15.276166880029288,77.4013624232202
518390,15.27641928589435,77.56932881636803
518395,15.415118922023746,77.26496981217238
518396,15.225722828011454,77.27700187020976
518401,15.852672720913144,78.34991083550449
518405,15.752958731605574,78.3027063713698
518411,15.959588249905863,78.2816713690992
518412,15.933618452525206,78.36173152711967
518422,15.904686285648673,78.5994604328038
518432,15.8318360412586,78.20112789742645
518442,15.826836484782362,78.49292196856624
518452,15.763015325572082,78.14734012902089
518462,15.817245125936735,77.70364121725375
518463,15.702666217167188,77.61131661188716
518464,15.693983376584956,77.76274462798106
518465,15.56410994962139,77.55793781239716
518466,15.818212165279707,77.83747279681357
518467,15.718367926702365,77.89253064990804
518468,15.403279513631285,77.65663323114603
518501,15.498130164095489,78.49152673118623
518502,15.453335352509185,78.49979314062452
518508,15.711569553145154,78.43016927730596
518510,15.25968350976772,78.5166295500528
518511,15.587764820867719,78.41065548136943
518512,15.535209012136612,78.65015450326018
518513,15.604206472804703,78.61598555410647
518523,15.576185357161004,78.50549926392503
518533,15.692222176647725,78.61491636682572
518543,15.115038501371826,78.5598920045099
518553,14.986025540135666,78.58328042425781
518563,15.353128220803278,78.49641412029273
518573,15.287270759738261,78.45833811558299
518583,15.41508802650251,78.6669380330504
518593,15.405312676980508,78.42919965848978
518594,15.248854192041165,78.66565710069938
518598,15.415660554621425,78.08044960740227
518599,15.505967388184414,78.12585297671095
518674,15.363859539144139,78.41839598089463
520001,16.520708832706912,80.61211913023278
520002,16.51251794827952,80.63165387935052
520003,16.527738517214498,80.63235255177875
520004,16.526868609922598,80.6633669673014
520007,16.493847563805858,80.68127515579648
520008,16.509998051534545,80.66493182113307
520010,16.500352403416237,80.64995932540812
520011,16.52570887556028,80.64278112676725
520012,16.566283954082003,80.61049519373444
520013,16.492967959738486,80.63638600655251
520015,16.549059362556136,80.64000541149441
521001,16.182157878611708,81.12734251097737
521002,16.236385696383795,81.20245170777225
521003,16.098281704161998,81.10800306294851
521004,16.108578900566535,81.13030077314755
521101,16.575353120689925,80.78283528155318
521102,16.52127189560153,80.78104044093843
521104,16.50616925015755,80.74133577191037
521105,16.68092003140661,80.98269258037413
521106,16.564488739776696,80.96214542128742
521107,16.54556853576174,80.71911642030888
521108,16.524337473356002,80.69263458672336
521109,16.58723065294177,80.88567726681929
521110,16.632990928198573,80.91226382763394
521111,16.727904445525883,80.92339513397306
521120,15.832179035051105,80.94253198653321
521121,16.022007577173877,80.90959054256057
521122,16.019372045825136,80.95201256819237
521125,16.06916378630452,80.91808415245917
521126,16.124050808360703,80.91013512851133
521130,16.076032571986545,80.96908264364004
521131,16.129370111965155,80.99621552698146
521132,16.18064291807127,80.8798736275179
521133,16.173252041793727,80.94381389106442
521134,16.464877124706977,80.6858696568085
521135,16.223486728584813,80.9211569867268
521136,16.248628218184663,80.94877329970039
521137,16.48430467901243,80.71669623627534
521138,16.281083732606564,80.92282640960866
521139,16.446877570706963,80.70878733364222
521148,16.38087657079346,80.93291348494228
521149,16.23170947240538,81.0787647745331
521150,16.199972120633895,81.00024351946018
521151,16.434304247558508,80.75511330167457
521153,16.4376965889991,80.8120397813236
521156,16.24794763340324,81.0454302912672
521157,16.31928722604835,80.96181373693891
521158,16.26707096642424,81.00364999711738
521162,16.179682954898038,81.05221223955051
521163,16.3481278719148,80.78351263687875
521164,16.423793036761026,80.86953411114386
521165,16.35671588365168,80.83968657897948
521170,16.818180184549192,80.41926347972871
521175,16.904879475013555,80.07135528275978
521178,16.90501680604746,80.16514665035966
521180,16.658696826739515,80.3875179489202
521181,16.7410475051532,80.45238837094195
521182,16.68732075263339,80.20486950199381
521183,16.69396711365237,80.26248971729879
521184,16.81022762364871,80.33699485709654
521185,16.75111058634309,80.27944679745809
521190,16.89654708022469,80.24271117399465
521201,16.78865970415003,80.84967348630767
521202,16.800240666444605,80.81436398705823
521207,16.811768695895477,80.94387316125555
521211,16.689535706843618,80.81614081249312
521212,16.608430498658844,80.70737950542244
521213,16.89915208083183,80.89553314142137
521214,17.015177477765285,80.85462862976313
521215,16.910347491205517,80.75300399676559
521225,16.546533488782675,80.57417865130603
521226,16.919138242230524,80.65623986752234
521227,17.02207977634915,80.67911633212711
521228,16.637742503756115,80.55866871767235
521229,16.687798243030755,80.602271815579
521230,16.779200917576116,80.67296020340378
521231,16.558337518711678,80.61130140191095
521235,17.079428503860065,80.57898562026094
521241,16.585443412954437,80.57088413528633
521245,16.397552395156925,80.81807295479967
521246,16.31998793404289,80.87356504960609
521247,16.254027060739435,80.84128119817768
521250,16.271390828900167,80.87104541072047
521256,16.363985158007353,80.88637239913953
521260,16.489480936915427,80.82924806186975
521261,16.410863512259223,80.90428619775045
521263,16.445505946190117,80.93205371132512
521286,16.58606516369177,80.83388730867436
521301,16.4324569731697,80.99065520643568
521311,16.47365728925419,80.88316009161976
521312,16.52141517142925,80.88729287000261
521320,16.386046879320627,81.3965230353105
521321,16.51309346267318,80.99644939923556
521322,16.389959462775533,80.9723574032004
521323,16.452129300795978,81.05117595868296
521324,16.36147583107608,81.29321896259913
521325,16.42513407237935,81.11179888904525
521326,16.546827161137266,81.10685710739304
521327,16.499194009823217,81.0406929814067
521328,15.985004678189778,81.04376117884996
521329,16.406946114083482,81.18693589988287
521330,16.382603116604585,81.0390093855969
521331,16.319817734442704,81.09639423386274
521332,16.299154299822522,81.05345377079236
521333,16.56400312402617,81.22620017350994
521340,16.597524628905056,81.28459484838204
521343,16.479664795901485,81.2242494558881
521344,16.47235550976253,81.31998106372167
521345,16.5154422050955,81.15543176013
521356,16.345756151786347,81.05007524095242
521366,16.29587980557819,81.1404869593405
521369,16.311197914081568,81.20528973331203
521390,16.347847976171565,80.96435344172644
521401,17.001017446958404,80.44109817329874
521402,16.97412173962258,80.24153298391084
521403,16.975939557583555,80.56437686951845
521456,16.629926488090945,80.49135439645804
521457,16.841783454921693,80.13034948787885
522001,16.301728861578,80.46938967314988
522002,16.3100646112632,80.44130235330209
522003,16.27854500058313,80.45233856009656
522004,16.290080329260768,80.42248694455992
522005,16.287245106927255,80.36604108573488
522006,16.32673453727334,80.40588412141136
522007,16.31759841955348,80.42985161258157
522009,16.332076177346735,80.36704500084004
522015,16.124054822683682,80.33537245971475
522016,16.48186731785906,80.38352289722359
522017,16.23167656168856,80.43540444149126
522018,16.408652932159995,80.36775843121059
522019,16.202607036575763,80.33111315570686
522020,16.569462886480846,80.3644511468809
522034,16.367236768766116,80.44305340277792
522101,15.919917833370883,80.47371099180711
522102,15.879396483230519,80.48191829979166
522111,15.913260108550144,80.56709120054649
522112,16.050743665675412,80.43512157701072
522113,15.964960876444154,80.43154473091646
522124,16.078302074513267,80.5116285425156
522201,16.23479085095679,80.67179183911874
522202,16.246801436111618,80.64764846633729
522211,16.218693721992214,80.59835671054657
522212,16.172134387305704,80.49713685398969
522213,16.25317894448917,80.56723589929977
522233,16.161744891946636,80.2392585296995
522234,16.20407775813074,80.18831014155099
522235,16.070981406987016,80.32821526261382
522236,16.458710650478896,80.44856106466746
522237,16.54350199546356,80.47147489763701
522238,16.513299921534383,80.51611474446638
522239,16.520185286391918,80.48323845769846
522240,16.457131639598064,80.51595395931662
522241,16.515487901986045,80.5180936445628
522256,16.100619013487012,80.77063903020722
522257,16.105907098761456,80.83780239566681
522258,16.035864948463097,80.77526487640404
522259,16.064667107848923,80.73653399336936
522261,16.17317401346325,80.72289750909775
522262,15.924515695946868,80.77081393215923
522264,15.862187537385429,80.84978457918263
522265,16.021499306707433,80.84547491835022
522268,16.006475624626106,80.72837636191454
522301,16.23937498877104,80.76171858474858
522302,16.41418399366915,80.60456357556407
522303,16.43431451714471,80.65214188568497
522304,16.293192919507195,80.74112352792821
522305,16.38869709061073,80.6744386802384
522306,16.29841348094293,80.6678487500415
522307,16.297050705637872,80.6063942592129
522308,16.34923501405236,80.69339350393254
522309,16.030664988239895,80.66672606593868
522310,15.981897645177648,80.50754237142262
522311,16.022365978487628,80.60607607998035
522312,16.126334825660386,80.62569106525702
522313,16.178998829701573,80.65465588830627
522314,15.927963827162737,80.66445810001873
522315,16.019997610625534,80.52556377816433
522316,16.1069651141608,80.53269370667338
522317,15.892858801466948,80.41183287218368
522318,16.155321651168563,80.5898067345362
522324,16.171965274003632,80.8042608916273
522325,16.102235203401694,80.6830187597295
522329,15.974898003026324,80.63696147625117
522330,16.35234166177064,80.61676209847727
522341,16.078234095152162,80.61404425377646
522401,16.406504457111055,80.30029162697068
522402,16.479257619927537,80.22498540616049
522403,16.39523874482308,80.15429881836542
522408,16.334852531386858,80.10352303552138
522409,16.699788493068542,80.10936037924341
522410,16.543799847983685,80.12600673146885
522411,16.594446197958085,79.99888681176313
522412,16.43266315782641,80.06470126889175
522413,16.482502144623425,79.88277283078004
522414,16.63764873101957,79.74247438178291
522415,16.57082542970434,79.62103887019036
522421,16.56655491364529,79.51519980614471
522426,16.505419295942975,79.37838136918174
522435,16.619184134742465,79.84396728147517
522436,16.523820350704785,80.29542362336844
522437,16.523322864342873,79.7914680211008
522438,16.350747747874944,80.26761697835785
522439,16.54169895310045,79.28464412000056
522501,16.483719429053558,80.60162786590014
522502,16.46825054787976,80.5644664421901
522503,16.42474383959356,80.56856171462861
522508,16.381267843594582,80.52679422036438
522509,16.319752343092404,80.52458414729487
522510,16.379954858829905,80.52549701881188
522529,16.290389176397337,80.23702713906516
522549,16.2277363361936,80.1134564924215
522601,16.237728640977785,80.04430137783191
522603,16.242392299461095,80.00951546789554
522611,16.146144378622274,80.1086526906173
522612,16.408280561835063,79.5405716619807
522613,16.356804721819287,79.31063675566247
522614,16.401896881393075,79.71246216215525
522615,16.337626755890206,79.91905050185342
522616,16.083718752075765,80.17132797967153
522617,16.191144978834508,79.90692012895306
522619,16.111752763469095,80.20819006799798
522626,16.060945091367376,80.12235002015586
522646,16.10819601234417,79.84328181866451
522647,16.06793728663301,79.69750953713657
522649,16.023758328713676,79.83051061454914
522657,16.139193931375175,79.62290497676024
522658,16.2395211606098,79.7887432446685
522659,15.968751569076536,79.6347168380873
522660,15.938951571518947,79.77324921001309
522661,16.253028536973755,79.8490736583706
522663,16.251627934171818,79.64280484471891
523001,15.501267842331107,80.05436219790502
523002,15.498493378708673,80.00583987572163
523101,15.269407536100678,79.98740755346665
523104,15.220867780425637,80.05087962123989
523105,15.188226795115146,79.93654619286127
523108,15.154141090283282,79.37927396670621
523109,15.24690216786492,79.74618033917196
523110,15.085133404778482,79.51099027600931
523111,15.340132738434297,79.65291770334619
523112,15.169581116278367,79.18783276812562
523113,15.14541741568359,79.83303157944181
523114,15.081026553738477,79.6856024912484
523115,15.011003623962383,79.84429706217172
523116,15.135416604277,79.65604384142154
523117,15.23528101403537,79.54214658381149
523135,15.687263840108418,80.24904419189434
523155,15.813779446285647,80.30795831809414
523157,15.834387369352209,80.3697699469553
523165,15.805477752223467,80.33683931049421
523166,15.83662169992563,80.42845608151902
523167,15.818992148910011,80.17673821025353
523168,15.906929041446654,80.35159506609672
523169,15.965271572350101,80.29152557604279
523170,15.873473369834809,80.27404309501925
523171,16.019352437099016,80.24320705653116
523180,15.595779443121423,80.16498347314821
523181,15.734825398945642,80.22971901658234
523182,15.543859865329972,80.13783972402064
523183,15.661861617393177,80.09693715738511
523184,15.749866817857846,80.26904035088486
523185,15.828661232242595,80.23409736317679
523186,15.673811818409161,80.19294657307485
523187,15.763184887810022,80.32387500196185
523190,15.895110627799644,80.17925467816113
523201,15.854925239527866,79.94563442364314
523211,15.613118906463692,80.01867278475801
523212,15.7402300566887,80.02377772890382
523213,15.734545175626014,80.11681615193686
523214,15.800048561430062,80.1173890398073
523223,15.33282085072026,79.37808562811625
523224,15.341532862627984,79.278244354109
523225,15.525903892906463,79.94087690377921
523226,15.568058934979428,79.85553766117621
523227,15.464661143087055,79.40066632370316
523228,15.467881799293933,79.34763768435538
523230,15.317769182807758,79.46508535069607
523240,15.620169954825826,79.5978241051531
523241,15.672466812204823,79.45645077797165
523245,15.506757588775747,79.50942622216745
523246,15.567736168723929,79.37734421167907
523247,15.75508607430176,79.66704161203883
523252,15.746224558608118,79.77416739777037
523253,15.556595209172634,79.7193633369882
523254,15.388762398518349,79.56605643406313
523260,15.914710888560014,80.03127661954332
523261,15.84568822332806,80.06436446723886
523262,15.559957207258769,80.05344845014126
523263,15.670822140235167,79.95077969332668
523264,15.722912854318317,79.84055264543548
523265,15.840962761750292,79.8143971208956
523270,15.436867541585675,79.81165971996961
523271,15.34619322732516,79.81351554925942
523272,15.424876360327994,80.00798380389314
523273,15.423277349701776,79.91348228073213
523274,15.334124813263047,80.02818020761698
523279,15.3678827984395,79.94248926961757
523280,15.382894766414717,80.09919636595289
523281,15.063546756301786,79.91912688495536
523286,15.469127651556127,80.13574625445267
523291,15.043413955600794,80.02854958575708
523292,15.13524804540277,80.01434117726696
523301,16.0008747294164,80.09690491609565
523302,16.104253293851606,79.96390375971906
523303,16.012536849093713,79.94644079004185
523304,15.867045246985114,79.57927906723165
523305,15.827218620125828,79.45514554643154
523315,15.764331148180661,79.34944516411375
523316,15.7345174189992,79.27307675104201
523320,15.8544757633093,79.25466710585145
523326,16.02610358354576,79.48075873074286
523327,16.10773535073166,79.17273084191942
523328,16.206380256627828,79.45837495000104
523329,15.766432818757746,79.1844720774192
523330,15.933637485443219,79.34271762491561
523331,15.93276194927484,79.01979715041792
523332,15.651452715526625,79.21502771912684
523333,15.749512308413857,79.00661561786833
523334,15.497778843461603,79.07331529233295
523335,15.675475977091143,78.8857859268957
523336,15.609788532340112,78.93119514767196
523346,15.443514617840385,79.2028166234366
523356,15.385897072384003,79.01915038011074
523357,15.379265051631807,78.8604851658013
523367,15.299286322731518,78.8525152171988
523368,15.462670229685873,78.90616736176499
523369,15.317653633083713,78.98114666321125
523370,15.568609945167315,79.17536913880691
523371,15.637182200874635,79.29623159642779
523372,15.54006845123795,78.88480758667545
523373,15.263630908388105,79.04730444098486
524001,14.459845031260016,79.9752104162772
524002,14.44208357704687,80.08914816536874
524003,14.410324226030543,79.99170022706204
524004,14.442002747189608,79.90208069982376
524005,14.480311730323248,79.99414787155493
524101,14.143775039385453,79.8398646003923
524121,13.694206785471389,80.00615741142776
524123,13.788460192934473,79.98456759321147
524124,13.68872729838071,80.18392685303299
524126,13.911451007875325,79.91548796532382
524127,13.922288520158485,80.02492561081809
524129,13.822051434345775,79.82084603445206
524131,14.049335331203043,79.76694071883155
524132,13.968198315337284,79.56769175455577
524134,14.110560950086992,79.49300556502224
524137,14.521256778074893,80.01830516843528
524142,14.797743916835291,79.97222447944854
524152,14.732359667499042,80.00282487672604
524201,14.89471689657666,79.98528423437999
524203,14.933352212868021,80.03404346307855
524221,14.981949059136042,79.54303820571116
524222,14.869284897344855,79.41689823577335
524223,14.89440213925213,79.89725463182256
524224,14.863428290491004,79.69742423308406
524225,14.819200733469343,79.79026908507738
524226,14.917737641534494,79.24360736305402
524227,15.009774489112015,79.42544429091748
524228,14.824431834705146,79.54981360786412
524230,14.783716960970454,79.28085267052862
524234,14.756722509209208,79.71681971557257
524236,15.020234650492466,79.32198709128649
524239,14.972904744646893,79.72722559196708
524240,14.692564764899046,79.87653763964093
524300,14.528300276247267,79.32128523135721
524302,14.607203546417711,79.3497462181423
524303,14.587197462846582,79.49708745569272
524304,14.710916840326306,79.65650939357973
524305,14.5364561151037,79.8815989808796
524306,14.581346646811536,79.82282847852984
524307,14.68428568972222,79.50027507409145
524308,14.638376266280577,79.74039225761825
524309,14.521638548464614,79.7300772279751
524310,15.01686719256073,79.15100743390512
524311,14.392463002765115,80.09851448826545
524312,14.70632996184708,79.33336585983884
524313,14.521211368365584,80.1483317201155
524314,14.495802294700693,80.07705361377309
524315,14.686232881249214,80.05968681824585
524316,14.58081661147029,80.02277392101202
524317,14.58867660129201,79.92727842308797
524318,14.608279096016862,80.11967280592698
524319,14.606113385527383,79.97140915743309
524320,14.330790510920348,79.87882696690701
524321,14.278691012756594,79.97296750740034
524322,14.623368586433772,79.60198621078693
524323,14.26996907230022,80.04654931402713
524324,14.371489210164329,79.93260896287322
524341,14.49889062148912,79.59111461616344
524342,14.43116769310966,79.59638993373503
524343,14.45505602425239,79.44008111355733
524344,14.299930560387441,80.0948843599601
524345,14.399696522066813,79.69237913290455
524346,14.351307513281283,80.05584983252979
524347,14.33156215034088,80.13834542068872
524366,14.545905296625753,79.96724010175993
524401,13.556507511904702,80.13198171042988
524402,13.999457703364891,79.87106987787564
524403,13.866188533055135,80.1399856589468
524404,14.070734453217863,79.64885050929273
524405,14.239555837080502,79.86179249044079
524406,14.156850829632782,79.78922285908227
524407,14.189576830972603,79.69641640069526
524408,14.2450481993776,79.58275244098348
524409,14.287866972297206,79.73403715175637
524410,14.065283861398115,79.91785161470077
524411,14.077297701987447,80.09001691364844
524412,14.155714829774169,80.01360325624735
524413,14.035607769814757,80.01560665811346
524414,14.281785495419419,79.45475354228174
524415,14.008053491855744,80.08606259753576
524421,13.915170381770395,79.76520163989464
530001,17.702604650420906,83.28845043040766
530002,17.71157000707195,83.30843051055463
530003,17.723465139423546,83.32100427769542
530004,17.72300635750786,83.28649190956055
530005,17.670360862420818,83.26865547442097
530007,17.74689193714183,83.26308215109708
530008,17.73114582420349,83.27138456831108
530009,17.72674760702664,83.23549472878136
530011,17.688298174583586,83.24040210237678
530012,17.71269790029481,83.194985050623
530013,17.740005298912983,83.31297838399038
530014,17.704282923056816,83.26210724560585
530016,17.732186880344102,83.30071347022418
530017,17.733783545734372,83.33600578234868
530018,17.74512389369249,83.25009744113794
530020,17.717197808590036,83.30236383366409
530022,17.745225630448267,83.3233003051768
530024,17.741758181161615,83.29122309895833
530026,17.68286408146586,83.21168951384674
530027,17.748489826990838,83.20019623197136
530028,17.776612128105313,83.24995450924085
530029,17.759119935699573,83.2094174571683
530031,17.609261083617945,83.17250134715388
530032,17.6540135537429,83.14330330929988
530040,17.7645987375791,83.30788542321837
530041,17.80275624263435,83.3566439088737
530043,17.751644189713854,83.34228450423163
530044,17.65091490373212,83.21728021877081
530045,17.78778814583636,83.36755095512392
530046,17.689814703317406,83.16445670849687
530047,17.777437574916167,83.19962021306958
530048,17.827551895840962,83.3329593821746
530049,17.713036748170726,83.15627692362115
530051,17.797986645632896,83.21472241677434
530052,17.9047228447991,83.3540353903354
530053,17.69503825546618,83.12642022288706
530057,17.767513547185,83.31230906751378
530059,17.875907682090602,83.27967993805643
531001,17.68991970174368,82.99542274242671
531002,17.697631298948103,83.03657887943325
531011,17.529621696301348,82.99464902385384
531019,17.6889425548429,83.08841736002387
531020,17.569910500178292,83.09356881820608
531021,17.621646319695905,83.08589155032172
531022,17.931607770260133,83.04524097629991
531023,17.79145374430216,82.97456697606366
531024,18.00773883936374,82.72663591214413
531025,17.798713294129293,82.69207343715148
531026,17.794492066711527,82.85621226733828
531027,17.8736444299704,82.77286686274576
531028,17.9458008879309,82.85742283904244
531029,18.035411986946063,82.51223319100191
531030,18.032163532999757,82.92897246664099
531031,17.648079247133687,82.90734140215781
531032,17.735101358972045,82.97893868276249
531033,17.60482023430192,83.00100959120465
531034,17.85619812399706,83.03143279555707
531035,17.78127639795566,83.10399315794106
531036,17.79172471842792,82.91480791588508
531040,18.30030453533836,82.48218698557272
531055,17.543374534006457,82.82677503892155
531060,17.44864817379256,82.82192639712297
531061,17.489563786147233,82.89919939820382
531075,17.890446119132843,82.96859888090009
531077,18.13710545768704,82.7193296689262
531081,17.379998434022752,82.68765635951775
531082,17.48206667996134,82.74166061910708
531083,17.4293240419297,82.78838073265968
531084,17.699224787803985,82.36554902808278
531085,17.515096704529533,82.67581490135741
531087,17.680550890777884,82.15627885451444
531105,18.00588123551905,82.05313791923935
531111,17.910847100629468,82.34810327385401
531113,17.634731187655774,82.72565300390694
531114,17.739223711194484,82.71405974571059
531115,17.545616067346344,82.44452168582814
531116,17.668798184753822,82.61619771659352
531117,17.56999961985392,82.57324270583736
531118,17.75221024898821,82.55140545034621
531126,17.407413394187646,82.61053511150403
531127,17.307871087661507,82.57878900883895
531133,17.871711782344708,82.16357147017216
531149,18.297133494622475,82.94090703424628
531151,18.283081431855155,82.78410502969837
531162,17.956000414719956,83.42838389713586
531163,17.870022233925052,83.40069647657924
531173,17.828180044612168,83.22868665622137
531219,17.977044959499803,83.3225768790523
532001,18.30298226747015,83.89810181189554
532005,18.25946628577349,83.8617368793596
532122,18.559000903417825,83.63659907225214
532123,18.483700994164057,83.74285540133631
532127,18.457331333641356,83.6243028737859
532148,18.369808600657027,83.66609369077449
532167,18.40787781682316,83.79684114410463
532168,18.34459837164726,83.74720870159446
532184,18.409181867789865,83.89996244300146
532185,18.4225827488702,83.89497022966651
532186,18.43623536492185,83.8861890180781
532187,18.375239521959823,83.94249703592602
532190,18.480382718159785,83.91495394027666
532195,18.522557088134125,84.15671024344286
532201,18.604637463018914,84.23524025538939
532203,18.622247468367995,84.18142351371056
532204,18.675927434633728,84.28769351720098
532211,18.54517551606451,84.29645414485486
532212,18.586374274918594,84.27576722208147
532213,18.715520536357335,84.09820135109267
532214,18.694464389976915,84.03651156766976
532215,18.727709258097594,84.1701222982684
532216,18.75652115876725,84.22596083917468
532218,18.65954799991934,84.37689891842308
532219,18.76219697381054,84.4953693629836
532220,18.734747133945596,84.34664556053858
532221,18.799641902131544,84.3749964985329
532222,18.731541783130393,84.44241836501537
532242,18.867586205559036,84.44567308711854
532243,18.81856681273233,84.51290129789695
532263,18.876140848907188,84.57919777727547
532264,18.936525812391842,84.49332125347631
532284,18.95525190618701,84.54954534304342
532290,18.996934785773824,84.60721122288446
532291,19.02497293948131,84.54828552639806
532292,18.955541462179372,84.64017217951152
532312,19.090914169813765,84.68442663395895
532322,19.016580206418915,84.67222775358003
532401,18.273108009833393,83.9374247333021
532402,18.323741705346382,83.82656513936001
532403,18.22519116621015,83.77984199296766
532404,18.282536055409253,83.99542470255689
532405,18.321070351395846,84.02817850317699
532406,18.32133162755749,84.10105329527565
532407,18.192535006473946,83.70335698950527
532408,18.222232604458164,83.8855289584089
532409,18.14733122114937,83.65072900723568
532410,18.28975394350567,83.84482053442191
532421,18.40120066275642,84.04754002328586
532425,18.439943704160555,83.97835311182043
532426,18.583503935143828,84.06538954065353
532427,18.543383229850907,84.00488875312054
532428,18.60369125376073,83.99602890608911
532429,18.367131822586376,84.10019508086846
532430,18.43908157607882,84.16144532234136
532432,18.49819426553574,84.03826846463532
532440,18.60355196945518,83.74452897949516
532443,18.64995779448604,83.81104321532362
532445,18.51420924097765,83.8256076567432
532455,18.78144776785015,83.84160027380706
532456,18.936422231650305,83.80093815796825
532457,18.78882772030048,83.97390447874189
532458,18.574847845765362,83.91779843429576
532459,18.69071580129969,83.92854480949532
532460,18.71823981146505,83.6659013869291
532461,18.646294348740437,83.59031836970925
532462,18.63281485173192,83.67906090464345
532474,18.468439752146747,84.0780520007034
532484,18.368805283654645,83.86904701589731
533001,16.952541163461696,82.2390723887401
533002,16.934719894182674,82.2401295511154
533003,16.977148480226216,82.25238793782528
533004,16.971393353560966,82.22524041789738
533005,17.024790207363356,82.2508776516209
533006,16.963843839719296,82.20056938672275
533007,16.948796713479922,82.25944131650961
533016,16.9186049982505,82.20203383263099
533101,16.984239881540248,81.77363156706116
533102,17.085278451482885,81.8292220488679
533103,17.00952162512307,81.79588885967198
533104,17.01353334541463,81.76332405395043
533105,17.046046052919262,81.76582503621167
533106,17.024405919347522,81.82036233735694
533107,16.98016523822246,81.84172055704663
533124,16.947360714534835,81.82361239520958
533125,16.943677139983638,81.78088082313893
533126,16.888369620353163,81.82124565286605
533201,16.575961718783258,82.0069734318782
533210,16.440450673732784,81.99196980847798
533211,16.668987686067165,82.02793377657828
533212,16.5788631954544,82.21467902546003
533213,16.525870487197036,82.06061074625191
533214,16.594396435732612,81.92318524982485
533215,16.530701348356214,81.9771017752708
533216,16.64317153903658,82.12029806368882
533217,16.496470772290653,82.01586367580818
533218,16.547216988053474,81.96668241113024
533220,16.64940015373891,82.20834370610076
533221,16.58518506062039,81.96652549169082
533222,16.557706088941462,82.10000631345402
533223,16.72266174096133,81.90466417589897
533228,16.68376991302181,81.96747596952731
533229,16.667959719433423,81.9061604570519
533232,16.809135274482244,81.89414776377824
533233,16.79619644149986,81.85975569884901
533234,16.85411369910934,81.86819203545366
533235,16.86844481484516,81.76793644123394
533236,16.7739299063045,81.7899824213909
533237,16.797420647495667,81.81829366027591
533238,16.741108228137684,81.8427514757611
533239,16.630205709534977,81.94587252196946
533240,16.575648279069675,81.88862207617726
533241,16.638759729696787,81.97367161085006
533242,16.475378829824773,81.84543563794304
533244,16.453523744947866,81.82961353733057
533247,16.508975940046074,81.93394820377475
533248,16.444959834578345,81.91875209906088
533249,16.514571175035243,81.8745384011633
533250,16.390752069664074,81.85958585575727
533251,16.397230079080853,81.73298763322026
533252,16.36523411939186,81.7724139907729
533253,16.42545141964621,81.79501678923252
533254,16.420440971176074,81.86513222185167
533255,16.836040787809033,82.03631443255627
533256,16.837639569108344,82.0357361565036
533260,16.866966884256446,82.10530872305368
533261,16.836745613948683,81.98394691031201
533262,16.7895942864088,82.08670317550873
533263,16.736147213806785,82.10603613247042
533264,16.88049777995321,81.96914072089645
533274,16.670763095448724,81.84603083266339
533284,17.377594652599505,81.9422593591934
533285,17.300312104060946,81.93900749691507
533286,17.24448666217864,81.85559521130926
533287,17.19363120843648,81.69726622055573
533288,17.437829939814026,81.73822753164754
533289,17.171596876855013,81.83991157559902
533290,17.207701599508663,81.76544707894348
533291,17.064785897125937,81.99245340487428
533292,17.12757452888513,81.8288231391572
533293,17.102970905039648,81.75077886379363
533294,17.058679369740524,81.92986713638717
533295,17.64968527952258,81.73944743051283
533296,17.02163001475772,81.91248054030697
533297,17.14202062768657,81.93255250146986
533305,16.744373524245198,81.9937975788207
533306,16.70782464316624,82.04180009807375
533307,16.781358444710897,81.94283423700266
533308,16.8460747067652,81.93087661212618
533309,16.741373217334708,81.94095093995908
533340,16.896762080477338,81.91854096682104
533341,16.947812680053506,81.90263116980306
533342,16.939105132175488,81.9695311840217
533343,16.970226781667236,82.03160684338913
533344,16.923792169023734,82.08488335646503
533345,16.91169894876989,82.02426131452857
533346,16.896377078713233,82.00344994551652
533347,17.70681363965236,81.45767391081911
533348,17.892308551832475,81.77394765741106
533349,17.532428878160896,81.40299334421239
533350,17.61805577546895,81.2386056433398
533351,17.616001474689437,81.13685080728149
533352,17.719916976830884,81.08440159708877
533353,17.042195540704355,81.85533610156715
533354,17.305163022926447,81.69813566530465
533355,16.74458796027298,82.04275268685376
533401,17.340912402892332,82.51411118338996
533406,17.339401473635327,82.42256197256873
533407,17.425275238709123,82.39244768478116
533408,17.231852586282013,82.45340378241815
533428,17.476479852555997,82.00306099932206
533429,17.32384636123416,82.13475623227606
533430,17.297226763807622,82.21955147809166
533431,17.186290712755852,82.17117970977391
533432,17.248732461734225,82.16999448528004
533433,17.11322189122718,82.17906502545823
533434,16.999332687785074,82.13424489557798
533435,17.191281540254618,82.02582526032727
533436,17.520012683579278,82.23786426236612
533437,17.08065712278732,82.0737097618856
533440,17.04915143105769,82.16614242103323
533444,17.242333509624938,82.32812705628449
533445,17.1668374037431,82.2544870052609
533446,17.308305002371636,82.33984633251322
533447,17.11105117688039,82.31674937427935
533448,17.10264544272267,82.34709459243507
533449,17.18170313863521,82.36452762700615
533450,17.09805850960289,82.24722046124761
533451,17.213757982959034,82.27171919786369
533460,16.957424383171745,82.13927474362106
533461,16.841447393805712,82.27889929372787
533462,16.90176136981246,82.15376618637497
533463,16.76262936921248,82.27829300123052
533464,16.70685632485541,82.22142310807
533468,16.83790907915451,82.16823885217019
533483,17.75053054991013,81.9674466811817
533577,16.621180563204277,82.02652489285398
534001,16.696395224810207,81.09600254765849
534002,16.709322791038847,81.0948787084572
534003,16.741552911453454,81.04820863164365
534004,16.664134650709595,81.18490241288758
534005,16.728987441705012,81.11176075232379
534006,16.711596770742705,81.09172966326783
534007,16.69955217204225,81.02689810982736
534101,16.824371119804603,81.52597538585766
534102,16.872207326701318,81.50774948074982
534111,16.94822649974824,81.45840440113847
534112,16.915084079513996,81.38710416409585
534122,16.620022201754292,81.74252021159533
534123,16.602805091334584,81.80011969919556
534124,16.651706309602726,81.65313090015046
534126,16.62839696519231,81.6961861749267
534134,16.693326127571638,81.58766615746367
534145,16.879000354545575,81.5745620649202
534146,16.82651247815598,81.60324610778171
534156,16.778509927386654,81.61521158299506
534165,16.750656682039974,81.4747754795246
534166,16.77370966320763,81.52832664807337
534176,17.00479070150603,81.39342070586662
534186,16.647395485446328,81.53430172768769
534195,16.728254793908146,81.41237518517661
534196,16.74391111796579,81.53775797420703
534197,16.705347257803954,81.52620388001411
534198,16.68646823748733,81.41565606113454
534199,16.605303918968357,81.46352431399075
534201,16.54031257457073,81.5409344206816
534202,16.548453110268646,81.5273928335334
534204,16.545555983121325,81.4908923133397
534206,16.524275821246935,81.46437745207295
534207,16.47089733752034,81.5831353551738
534208,16.505784160651448,81.5041972775372
534209,16.60249324891854,81.57456788284777
534210,16.579580282015538,81.57083002495344
534211,16.757993366799415,81.69560536332119
534215,16.737324223348917,81.67302952235002
534216,16.793824390907353,81.6886939886917
534217,16.691602730474663,81.69893141265398
534218,16.76485711758489,81.65436706897636
534222,16.72052723082661,81.68181903382343
534225,16.706780330268554,81.6369607766054
534227,16.80511551708197,81.71312852364453
534230,16.634453326910574,81.5981752914502
534235,16.622858665133286,81.37515873678157
534236,16.484609401590156,81.39675789564514
534237,16.53562532198755,81.41225381852614
534238,16.616288863632963,81.63315745226113
534239,16.436982588533247,81.4883069200189
534240,16.600020701889495,81.6652681939994
534243,16.534341334015107,81.59658351581548
534244,16.552486974991698,81.5688934421355
534245,16.535367116863853,81.63044003750935
534247,16.57442174945551,81.64101870039126
534250,16.52313949647284,81.67771533412791
534260,16.512759705229566,81.72769988797059
534265,16.55810722053518,81.72277052116851
534266,16.52190781693937,81.83377083826272
534267,16.54879105104652,81.77782239257702
534268,16.491827573811758,81.77631156061508
534269,16.59305061347574,81.83963743118503
534275,16.440906605198567,81.68528196620954
534280,16.35676586238062,81.6755559053681
534281,16.389971446193407,81.57730450018293
534301,16.903989100947577,81.65658934383674
534302,16.922493073393618,81.71838707696752
534305,16.947839068427516,81.56709940489851
534311,17.255467460838922,81.447288175535
534312,17.09536518326876,81.41519795109846
534313,17.015240959972846,81.55202087201558
534315,17.342122403320058,81.5589477421717
534316,17.09590144983242,81.54244210105101
534318,17.214469298216596,81.5502221952406
534320,16.660641770505233,81.74246298759792
534324,16.66831164820859,81.78226490382688
534326,16.657349970004823,81.81897335662916
534327,16.584598421260136,81.76468255442235
534328,16.725808546697923,81.73896597702722
534329,16.83815787780632,81.71184299786769
534330,16.72723471841067,81.77683787429665
534331,16.775344341188795,81.74630777434915
534338,16.587011160419262,81.71149304976035
534340,17.076781654376298,81.68302515748232
534341,17.14626106437592,81.62881049511566
534342,16.99447891443414,81.6673444270496
534350,17.012090897171877,81.72954265168696
534401,16.80517418040959,81.31217512425387
534406,16.78657699602531,81.39085868986119
534411,16.830245943723344,81.45214264008546
534416,16.80646816591642,81.3556547572347
534425,16.847048379043883,81.27674819460388
534426,16.93398242992567,81.26075527044816
534427,16.72734193456681,81.27341535159653
534432,16.79101987647927,81.19014348145008
534435,16.8417522434213,81.11788531169829
534437,16.61987383830566,81.05816461423503
534442,16.735171632708347,81.20537228912474
534444,17.488359140015582,81.1623248893878
534447,17.121947239488414,81.312802939144
534448,17.257661396201456,81.33888438725386
534449,16.994842530555157,81.17870481483364
534450,16.784116459303224,81.14553224699007
534451,17.028170068793177,81.28047811874201
534452,16.904262700331667,81.15409154358792
534455,17.13538377026105,81.2639891264675
534456,17.20565966502975,81.16329245398491
534460,17.118605864163364,80.96217284869118
534461,17.00902144951029,81.02463276382379
534462,16.927377296077474,81.03574071891167
534467,17.07862014469306,81.1101151691585
534475,16.82920400056745,81.05465922451403
535001,18.123952105491828,83.40314433960393
535002,18.117784560552984,83.43469015179953
535003,18.159997859110806,83.38258421176846
535004,18.083433192069325,83.35932465181433
535005,18.038544773556715,83.40937896122578
535006,18.09079307729158,83.45901184103558
535101,18.283122424838982,83.52293073631655
535102,18.395494029200528,83.44659924119384
535124,18.48606586350065,83.47127261924966
535125,18.286636895332645,83.63637177750067
535126,18.493520363282162,83.53187256505427
535128,18.34882159310498,83.56066370859631
535145,18.16515723309216,83.04421886103052
535148,18.116763144604256,83.19997813295069
535160,18.148500377786497,83.22228313992734
535161,18.008090769431757,83.15311721937337
535183,17.909042841050198,83.15787230694882
535204,18.105994530565034,83.5767388391461
535213,18.054864471976607,83.5439106822681
535214,18.050133117555156,83.32139092546757
535215,18.13463038161746,83.30107977145376
535216,18.00438332528431,83.50171676914346
535217,18.202042181214264,83.47790406385334
535218,18.173374368275528,83.53226572699819
535220,18.250755928117368,83.44869856398371
535221,18.193477043883476,83.23588430800129
535240,17.98892309646175,83.2257057877574
535250,18.047619169609337,83.25082973912585
535260,18.238647577416298,83.2930180642683
535270,18.29237782411461,83.35866421485551
535273,18.319185194078937,83.1738481623588
535280,18.21681029475051,83.41224744400121
535281,18.002441575969094,83.06134558650379
535463,18.70967841778215,83.49147171006496
535501,18.775349161948157,83.426300641797
535502,18.803337011179185,83.44188671656799
535521,18.946860023434287,83.44913419636372
535522,18.773720488885953,83.36641340025167
535523,18.999243990197552,83.63993759127347
535524,18.93304074313,83.56485619832556
535525,18.759840563581434,83.53446433126197
535526,18.819685978475622,83.55363119618823
535527,18.73866179467901,83.30517354619776
535534,18.87473009008196,83.73027201881025
535546,18.668469507792363,83.39104828995853
535547,18.69344497174089,83.21208565447533
535557,18.59195365871881,83.53532449947438
535558,18.56901578800743,83.34618235581455
535559,18.578977664599066,83.35591534209698
535568,18.555476694163957,83.4442215616372
535569,18.61926633619479,83.46764238062092
535573,18.585128795582836,83.34975634685405
535578,18.483810142947775,83.37398130857142
535579,18.463732733951314,83.27841104943957
535580,18.368580026414673,83.3167444993565
535581,18.36531411572545,83.25640803126181
535582,18.366517693795615,83.37974721547063
535591,18.48453499847931,83.18274831114223
535592,18.476766644421165,83.10050460282636
535593,18.62655286347864,83.1126827141864
535594,18.80446717832062,83.62665415451123
560001,12.98140122663714,77.59439500486135
560002,12.963229023663997,77.57942404074662
560003,13.00043226696617,77.57296397464313
560004,12.945887837020894,77.57342277194087
560005,12.999222997830916,77.6178900887471
560006,13.006889115049333,77.59591297963122
560007,12.94655650670889,77.6367587222597
560008,12.970584696671178,77.63533526540107
560009,12.977762226075765,77.57704970928943
560010,12.991368680589037,77.55237323455445
560011,12.936261062822423,77.58789190711707
560012,13.019182673547586,77.56655958494403
560013,13.055543269193464,77.5466006116105
560015,13.057670738399837,77.52591892975525
560016,13.011023886765543,77.67607657306746
560017,12.958399485045298,77.66423430147776
560018,12.959199972384226,77.56258397934938
560020,12.991354006617486,77.5773794723428
560021,12.992771452507482,77.56287037321877
560022,13.027671741709963,77.54423682024158
560023,12.973694519727205,77.5593721841822
560024,13.045947889960114,77.59803971250459
560025,12.965456002423432,77.60681552659334
560026,12.948637854513839,77.53426629008607
560027,12.957100829331772,77.59275782454465
560029,12.92837411207075,77.60474716175273
560030,12.945890335423652,77.60730773765441
560032,13.025319939072476,77.59952280509852
560033,13.003154611531656,77.64071270833401
560034,12.92607584391168,77.62926895223956
560035,12.90219669910083,77.70006808055648
560036,13.022924985522591,77.6997823373206
560037,12.95493485616251,77.68907728532734
560038,12.988824720321496,77.64502132340401
560040,12.967705199240358,77.53469789189116
560041,12.920818157305181,77.59050398887219
560042,12.98405686527187,77.61826834475325
560043,13.023005741916505,77.64253536118514
560045,13.03559126121655,77.61630402756916
560047,12.950557431535621,77.62133537697763
560048,12.98948681522407,77.70808344188629
560049,13.059797516578385,77.72876055608342
560050,12.941591798103845,77.55546235876893
560051,12.98845506437547,77.60239509058485
560053,12.969601664687435,77.57336927063336
560054,13.035192910304922,77.55737923548136
560055,13.010532974796838,77.56080113428409
560056,12.948564201269907,77.4993455382517
560057,13.05246574130891,77.51289386072303
560058,13.019477712385672,77.51015265170777
560059,12.920187725157772,77.49934106405212
560060,12.920300518841158,77.46833865549014
560061,12.90216466756759,77.54160717626308
560062,12.882541828394675,77.5625629866916
560063,13.132029965731832,77.6138290180418
560064,13.101340894256012,77.60537873016675
560065,13.083474654935333,77.57689520282048
560066,12.970771240572018,77.7426562250153
560067,13.001957471688952,77.78106562581196
560068,12.897582166193871,77.63908091104041
560070,12.922652284284398,77.56700429489062
560071,12.957668762285664,77.63953480851369
560072,12.966884817757165,77.51541514129349
560073,13.047149229519205,77.49167862267971
560074,12.878087163493655,77.44290225074319
560075,12.97360227104299,77.66201861402104
560076,12.88715687632686,77.6010038752143
560077,13.074033542716524,77.66182691727983
560078,12.900384460383151,77.58374332170771
560079,12.987760934076471,77.53281900264558
560080,13.011569753918511,77.57959699605475
560081,12.797919731872211,77.70506183013978
560082,12.826281536025421,77.5119395629249
560083,12.77937000297852,77.57929400321638
560084,13.0130137688305,77.6274512164695
560085,12.93066209010938,77.54389602769238
560086,13.0043922120352,77.54124432988063
560087,12.932353621089387,77.75924436753509
560088,13.153031921145905,77.47214910049141
560089,13.147514373592081,77.507449918343
560090,13.092614866148287,77.50406434873784
560091,12.989989938461145,77.48670462057743
560092,13.059914495799784,77.59007267482299
560093,12.98446409572646,77.66772940818082
560094,13.03876048599387,77.57420642151189
560095,12.93793756074497,77.61938271471638
560096,13.014381832826814,77.53452017332991
560097,13.08454998241804,77.54938250582495
560098,12.915003570191399,77.51915430799255
560099,12.841627173807533,77.70600873955533
560100,12.851009256100756,77.66490185259507
560102,12.911422812420051,77.65407795047324
560103,12.929985425023522,77.687244527617
560104,12.96247874225009,77.53826440005378
560105,12.790380302388733,77.64697699703711
560107,13.086973622361418,77.48306983129886
560108,12.852986058149439,77.55975605432869
560109,12.864644470621208,77.52615011860775
560110,12.95039075784706,77.4785434406811
560111,12.901550787033523,77.56307291221302
560112,12.973730501817945,77.45692511037755
560113,13.037232603660552,77.66237344510142
560114,12.873597826918564,77.62681341106858
560115,13.025305475705267,77.76427132643626
560116,12.782356935334914,77.50426008264157
560117,12.957822682316316,77.82866427101997
560119,13.154346080124476,77.55882468245815
560300,13.198625500437949,77.70712473362026
561101,13.136011456326981,77.16825351444928
561201,12.883816619532759,77.2647286498352
561202,14.11272938769533,77.24800117165684
561203,13.330796880604321,77.48039724496964
561204,13.33780173213155,77.39355684815646
561205,13.374889423887959,77.59830710660026
561206,13.615934715853324,77.61000906025828
561207,13.802124910343064,77.85491918614993
561208,13.651029675388294,77.51947514275523
561209,13.69211401976889,77.70873532445648
561210,13.591030840877456,77.429218041535
561211,13.488407795552343,77.601181989437
561212,13.75395609031661,77.97286717313014
561213,13.5052674096342,77.49433777284088
561228,13.712431186237222,77.62015725540493
562101,13.482470665430625,77.73453141283512
562102,13.314779267917405,77.86584165835032
562103,13.383648679874607,77.71854383483522
562104,13.602962617984286,77.80733155277227
562105,13.470236174228496,77.89335433393062
562106,12.710176623675752,77.6825465307422
562107,12.782034089160884,77.76155293276747
562108,12.717374626028224,77.1411607377958
562109,12.785475798673714,77.41070320458843
562110,13.24113104457803,77.65754248261197
562111,13.224889132566993,77.25322548955849
562112,12.681455190684725,77.48981906732769
562114,13.068924618368785,77.84598496068938
562117,12.47063752075653,77.40368151096833
562119,12.393125306699403,77.53215306192195
562120,12.941746540950435,77.2176554882851
562121,12.574819469042426,77.53544480964499
562122,13.180316682749504,77.9010019983935
562123,13.115830585353793,77.36634144542843
562125,12.87226785623771,77.77680297218518
562126,12.427390311334364,77.31133946843825
562127,13.063338018099186,77.25256850918748
562128,12.81550198911783,77.32286238400435
562129,13.200485978656488,77.81223451907103
562130,12.96367031503297,77.38813390270538
562131,13.065133912420025,77.11737155141627
562132,13.230450759080325,77.32390523045225
562135,13.293222314741541,77.78323803854109
562138,12.54537534639087,77.2131415916867
562149,13.146767081068138,77.68020577520106
562157,13.169556390039112,77.61713180437734
562159,12.714086699042438,77.26861845420619
562160,12.632597950160346,77.17601279120122
562161,12.687050910979082,77.22750076438467
562162,13.069536349812985,77.44513528720266
562163,13.247865407340766,77.54912807156005
562164,13.310004437914232,77.69174687026494
562165,13.143629926605913,77.75519430933034
562166,12.76547828648229,77.71221068677573
563101,13.158741229361098,78.10230954419266
563103,13.128087751246133,78.21453072793838
563113,12.903473456710675,78.3024256325187
563114,13.016240077073025,78.14307224672186
563115,12.986598563753459,78.23952444207401
563116,13.01990521689184,78.35197446174647
563117,12.939621372868206,78.26069277511618
563118,12.972868979653514,78.25737328062847
563119,12.920815260136884,78.26342362552545
563120,12.952104782899083,78.23626469614068
563121,12.958291729977375,78.35894025185566
563122,12.953327405524407,78.29897590366065
563123,13.584007370599279,78.13931462889414
563124,13.781724467746155,78.06132607037496
563125,13.463654574348801,78.04686904619383
563126,13.257086699966814,78.17471653991547
563127,13.150347395627934,78.30869423998007
563128,13.325380510562892,77.98372991553869
563129,12.839580827335476,78.19961838947182
563130,13.016616652897474,77.96905439989571
563131,13.202294138303566,78.38745237674269
563132,13.226968698463214,78.49929204756208
563133,13.13723967138578,78.00504904928341
563134,13.536162964808474,78.33240079237487
563135,13.399280756396285,78.24598856520319
563136,13.066087253799497,78.45172679072266
563137,12.957733823491193,78.06896373011946
563138,13.318598629553385,78.30403532829641
563139,12.86908909112481,77.99552849200934
563146,13.45668474374512,78.137204881629
563147,12.893405536456868,78.14182433931222
563157,13.223260225550337,78.02140125686155
563159,13.59269384191618,77.98292254291596
563161,13.52059663392741,78.23503764065948
563162,13.020264975714968,78.22261126877467
563163,12.904087346739605,77.88377359624708
570001,12.316961983430748,76.65202168501621
570002,12.329429901837376,76.62866478647126
570003,12.371088261191202,76.65087690757368
570004,12.296363000597172,76.6494932404564
570005,12.30456989289936,76.63989068416726
570006,12.312279060003894,76.62018149934508
570007,12.334997226913442,76.66388517220076
570008,12.195373689908898,76.56405235488427
570009,12.301569553087313,76.62234214359144
570010,12.25986281350813,76.76987481852392
570011,12.306380280963001,76.681002903026
570012,12.320643068145937,76.62573378372728
570014,12.29182025793151,76.63723220960145
570015,12.337950308735799,76.65187737092951
570016,12.354666462555468,76.6236217717498
570017,12.334985057796462,76.611853823021
570018,12.346064762851098,76.57418484868798
570019,12.338595969991044,76.69742500960625
570020,12.327738891179413,76.63768271795695
570022,12.288470500553789,76.61347257655805
570023,12.288551366173643,76.62663265370962
570025,12.262992435885057,76.66259775309099
570026,12.252531362961605,76.50777847344723
570027,12.362585499054791,76.59822523365187
570028,12.329615204253908,76.74538656459636
570029,12.318782484603904,76.701233133414
570030,12.321263694274903,76.60397387336877
570031,12.250167443024125,76.64391763774704
570032,12.32113075470178,76.58173857379404
570033,12.275251793058745,76.60586729544188
570034,12.271250313083641,76.62438284716276
571101,12.34728049313339,76.86577672394608
571102,12.46816274144076,76.0835603159136
571103,12.33507193068239,76.44509527469332
571104,12.42340004506942,75.97566198782509
571105,12.292766310038202,76.26655397963596
571106,12.20008517900113,76.16715639239519
571107,12.323145132052797,76.04597930310791
571108,12.411711076509295,76.18301333046698
571109,11.933768341969797,76.66718366058544
571110,12.263485265367963,76.85534982736822
571111,11.773579245143026,76.59413959434788
571114,12.03613693241045,76.25120030281234
571115,12.013326529433677,76.9584611745759
571116,11.897383356609705,76.27230828818732
571117,11.959149552212185,77.06008453060595
571118,12.041188512146208,76.65924764330677
571119,12.088528867762035,76.81749253314136
571120,12.276857234668753,76.93556347913689
571121,11.89345272957879,76.40370501402694
571122,12.203999532888151,77.04359781299449
571123,11.793028220434213,76.79980409827176
571124,12.16225423691109,76.91859568601188
571125,12.130947119775348,76.44043259046413
571126,11.66988593931816,76.67016948927586
571127,11.80660881752598,76.98294484861846
571128,11.93272482901646,76.80781897966537
571129,12.168159712731402,76.77943279889809
571130,12.387998113450355,76.53865202138788
571134,12.371622449018243,76.26762728461544
571187,12.528179956610352,76.03277375051661
571189,12.216286541791577,76.36007194987123
571190,12.379592180732658,75.94924495241068
571201,12.416314939240545,75.68183258426329
571202,12.493664442871097,75.68437210133982
571211,12.242039152204699,75.8512188209872
571212,12.200828319161946,75.64682522581737
571213,12.174162865769048,75.97897642661903
571214,12.30739330244531,75.64048437655362
571215,12.243357091133094,75.93859879586532
571216,12.11378028999101,75.97197913970251
571217,11.990978564516595,75.97187754921431
571218,12.168865528902238,75.78869079271075
571219,12.13257613630652,76.07710098503233
571231,12.794510476273532,75.91123468598596
571232,12.537507986158213,75.95247561295555
571234,12.4363088702182,75.90040704426826
571235,12.708050407494275,75.91156440336682
571236,12.627226985904224,75.8063912812943
571237,12.444710264264971,75.84036235390538
571247,12.3664068166642,75.49454771441307
571248,12.38203180816014,75.81289678689213
571249,12.038031489328855,75.89634031557989
571250,12.028028276916164,76.11307735874176
571251,12.555982730359707,75.76309609830929
571252,12.321708881170554,75.76690572567698
571253,12.303997261407815,75.88711353458525
571254,12.218814662067556,76.00269548814357
571301,12.117255173117488,76.67871100956042
571302,12.153409212256822,76.67699639136605
571311,12.20726407287089,76.66686084358452
571312,12.037024574664335,76.76444109483647
571313,11.892958539756982,76.98403370995665
571314,12.080509184765184,76.51253525433415
571315,11.989812535646374,76.54224410737196
571316,12.054823180800291,76.90692827029918
571320,12.086785160054635,77.5343315923351
571342,11.89602770029448,77.05947880190938
571401,12.519066945178965,76.88685416805774
571402,12.559103697878372,76.85395809276854
571403,12.506876594355324,76.90775824628155
571404,12.549349185217693,76.95751685938602
571405,12.579149974101572,76.78594953412254
571415,12.4237264607132,76.82108091983491
571416,12.681410024171027,76.81976793578352
571417,12.262242316784775,77.10438057952578
571418,12.95841933045029,76.78528745593896
571419,12.662309157968709,76.99143058033656
571421,12.388548628076425,77.22803209126732
571422,12.508062154146748,77.06274327603987
571423,12.760998201323334,76.40938283883925
571424,12.368844902107409,76.95424609968599
571425,12.747659027590919,76.94585299212866
571426,12.649551351168105,76.50612651620295
571427,12.44486183434058,76.64564767082317
571428,12.572199672629411,77.02146702833709
571429,12.618437570688522,77.04858985419554
571430,12.37207450376916,77.08085206768135
571431,12.67051713570436,76.66650099824274
571432,12.793627178402048,76.72941778670788
571433,12.6328304723153,77.08876762481027
571434,12.542355790497687,76.67938491338194
571435,12.47169316925198,76.68876391828618
571436,12.778860256316715,76.56071910563986
571438,12.41994861152337,76.68374517943928
571439,12.14178617891453,77.35753149434461
571440,12.136859145533032,77.21779849908263
571441,12.01656332828284,77.0933253355741
571442,12.123779776666145,77.05025482876877
571443,12.121594324383175,77.227138222002
571444,11.88772629964074,77.39011330277246
571445,12.825299271848282,76.8526404719825
571446,12.657658634580159,76.91448995011775
571448,12.924153091566273,76.71281431750083
571450,12.607307377380582,76.94662440635533
571455,12.539589234955214,76.58227800721792
571457,11.87613736458834,77.2655113476872
571463,12.280502946781162,77.00648733202883
571475,12.419208241568873,77.13451257804189
571476,12.716541300602213,77.0379820994679
571477,12.393513193342917,76.7118991641555
571478,12.46118317712852,76.89336408541203
571490,12.040150087211728,77.65820279564163
571601,12.573152403491619,76.36787999496867
571602,12.451216889085334,76.38361751653501
571603,12.534730741588243,76.33537080709759
571604,12.57847871901982,76.25228535856527
571605,12.591548621077003,76.41373206983228
571606,12.397783620952818,76.62100066783754
571607,12.412521858511584,76.57005929240108
571610,12.391782746605427,76.34543869319695
571617,12.497653539278595,76.23479963433329
571802,12.895757427034432,76.6387380572783
571807,12.451652036357093,76.74537219623969
571811,13.020410239425471,76.74342136272736
571812,12.500168486542162,76.50724944830137
572101,13.340897269299324,77.09492152124884
572102,13.32358686269873,77.11325412207313
572103,13.333239918509332,77.12534192971958
572104,13.330484604774757,77.15644273138008
572105,13.32637598602604,77.07642274035695
572106,13.415106106923243,77.13686657339453
572107,13.38003933825043,77.01204703204203
572111,12.8776458832682,76.9381737917152
572112,13.680146025635088,77.07556873911632
572113,13.9633579240836,76.96344221227972
572114,13.309621886256817,76.63794197267242
572115,13.684527326344293,76.73777876868391
572116,14.087814466745632,77.12432298557611
572117,13.470940824785604,76.89017723133446
572118,13.26816351541852,77.06572602917072
572119,13.504639202888962,76.45596504058692
572120,13.135138231399075,77.04181748275988
572121,13.54491733541167,77.33369717208343
572122,13.218901743783233,77.13077328713298
572123,12.824123988246125,77.0698315823956
572124,13.78988814279,77.29852682549378
572125,13.619582234113208,76.90036085679854
572126,12.95254005339852,77.10971177689453
572127,13.741676199379299,77.39545419321173
572128,13.485599771093838,77.01089810213853
572129,13.49147451370526,77.2504649350988
572130,12.972106347300356,77.0069030735356
572132,13.683087298625649,77.2091158930326
572133,13.838439135649443,77.21129935599613
572134,13.038648810074756,76.9313057600564
572135,13.936344204004147,76.88169541998582
572136,14.217652310256598,77.3894939223781
572137,13.75505386636994,76.93101952978476
572138,13.553120131692294,77.0930779464432
572139,13.832147290546429,76.81405936701947
572140,13.35585770934975,77.24984674727071
572141,14.268748971829941,77.19245740496692
572142,12.996918904716424,76.86709010495409
572168,13.277967144718838,77.19763207072492
572175,13.682703938861987,77.30842556582878
572201,13.274287814326964,76.46311500760874
572211,13.303098476817079,76.74687848434162
572212,13.22483592759043,76.61091679871275
572213,13.124172185636366,76.92008432230368
572214,13.41165302519377,76.66439623821992
572215,13.215885963101272,76.71970357031223
572216,13.282887286196589,76.95134190734075
572217,13.358019757761172,76.40896551285215
572218,13.61807408629174,76.57730122093125
572219,13.233914617747493,76.8766113051058
572220,13.182878715572752,76.82553650460893
572221,13.078966706032046,76.75504194278086
572222,13.474520792292617,76.78526195689753
572223,13.354078027164867,76.80941797788464
572224,13.110534709010079,76.5684633032477
572225,13.264730220025527,76.78835342253586
572226,13.396629834035545,76.5537545565042
572227,13.144943697541615,76.66962105961206
572228,13.528356284045508,76.61986649173781
573101,13.059979485908077,75.78615645426343
573102,12.749096624013692,76.06584863538433
573103,13.32051886366549,76.27430923689755
573111,13.054114733507236,76.366792728902
573112,13.402976417681904,76.16861369721875
573113,12.629405733344804,76.14381806086902
573115,13.177785937181378,75.82285178602099
573116,12.918808924200794,76.40495128411068
573117,13.493766475065888,76.36915036380792
573118,13.07316722977538,76.21564745424001
573119,13.186092995479816,76.33400711003246
573120,12.831167283387565,76.09443630637577
573121,13.21164484577912,76.00635451114444
573122,13.260028484878037,76.19081603948523
573123,12.770314580250714,75.71547093547012
573124,12.95589557532159,76.56986952306686
573125,13.305855855455988,76.08862410785628
573126,13.39514653289906,76.34374879281245
573127,12.987768816599504,75.79294024229864
573128,12.883651683452205,76.04296371524102
573129,12.852928462171992,75.90353423720039
573130,12.62659916961865,76.00669304401085
573131,13.049050182630817,76.46742925687018
573133,12.598280794662383,76.09305959788294
573134,12.89562378253112,75.71187672224796
573135,12.851634994480538,76.48479027663247
573136,12.58664009566806,76.1585046447435
573137,12.742783302338434,75.83233399232871
573141,13.042906171140093,76.55908577842557
573142,12.68286662789436,76.07152647013457
573144,13.467300351768056,76.2908174663298
573162,13.170695101075626,76.21471718883029
573164,13.124780509401367,76.31779533918126
573165,12.98534872874219,75.68124051778861
573201,12.995720968021532,76.11131531143526
573202,13.026750994143153,76.10502761363158
573210,12.666539851714681,76.26230686598231
573211,12.785317870495625,76.25778103753933
573212,12.91566328626445,76.16307341776789
573213,12.997641368520359,75.97276225345158
573214,12.94368502975785,75.87261373862067
573215,13.070775171302925,75.87841868428036
573216,13.130008983326556,75.9788943339712
573217,13.019250035516277,76.03495267502093
573218,12.928547828739413,75.96460734848078
573219,13.119227528486867,76.10676926492306
573220,12.935772076725627,76.23293790767377
573225,12.979433280865107,76.29642248588145
573226,13.005834008961648,76.18563486505339
574101,13.307878948661351,75.0388551308206
574102,13.285036627263333,74.91991854736047
574103,13.108272372422794,74.78560091058814
574104,13.213494456682675,75.0003445562292
574105,13.279412850783435,74.75247276714371
574106,13.224464253108465,74.76848229663959
574107,13.176913884433597,75.11467557528216
574108,13.365677843591437,75.00164817146285
574109,13.122430482205935,75.18039950431609
574110,13.186234878900422,74.92878495679108
574111,13.142387698697616,74.78649961512855
574112,13.151169846655275,74.83269985694719
574113,13.178636998808722,74.82159656893613
574114,13.162913824683663,75.0167422758904
574115,13.252629957071335,74.78334679538426
574116,13.224883505996985,74.83226952779214
574117,13.1967436451206,74.76527378977158
574118,13.3067021775769,74.75335096202231
574119,13.170529429323098,74.77600031098805
574122,13.232181395315633,75.10204725897697
574129,13.142477505935775,74.9546373817947
574141,13.082448859053358,74.86790176821266
574142,12.971754483234038,74.88475210643777
574143,12.879861576886732,74.96615327092363
574144,12.995538451201558,74.95694878984415
574145,12.926351491134232,74.93529768757156
574146,13.043749926232893,74.80757879087224
574148,13.046875364555921,74.87145514775072
574150,13.065413231381163,74.84489172170488
574151,12.964147348694498,74.93206583492393
574153,12.811573212082925,74.96351102990279
574154,13.095899567828521,74.81339275485243
574197,13.0450492796217,75.05941680053789
574198,12.890984566974657,75.46309026584673
574199,12.834359503160794,74.92980752596145
574201,12.762778821649835,75.20208429528276
574202,12.747138070261876,75.2834127226226
574203,12.772852337417572,75.2038772234521
574210,12.704619101436094,75.26344480103359
574211,12.914170284821179,75.06496447705096
574212,12.653328241822656,75.37835793006852
574213,13.116010089925004,75.01025700286249
574214,13.071405565045227,75.31559763719123
574216,12.953377106529421,75.44561241387177
574217,13.016230512757806,75.23118402618064
574218,12.589658742023486,75.58353098255677
574219,12.912601358389791,74.99367658366654
574220,12.789922792765928,75.16196969446611
574221,12.76412766650075,75.46102318624125
574222,12.829331452571994,75.06563228486016
574223,12.64417311542127,75.28434044640146
574224,12.945228533475582,75.21536082869414
574225,13.035156077043037,74.9658332019526
574226,13.104972742129677,74.93570498365177
574227,13.0518613883498,74.9832731014607
574228,13.043253715418423,75.42832293567528
574229,12.8310949765878,75.47620356794214
574230,12.76434832053391,75.54984019621001
574231,12.866294590089248,75.04120069605374
574232,12.669816604842683,75.48670882662876
574233,12.933332698668048,75.1698468038733
574234,12.496749155587448,75.53358740361301
574235,12.73370285058301,75.08882739373684
574236,13.094123700251698,75.09075704360542
574237,13.001444862234049,75.06071979217762
574238,12.69332677074921,75.6044629653885
574239,12.553805045955515,75.3556661609994
574240,12.954717204568913,75.33262973475765
574241,12.822547655231144,75.28785118377998
574242,13.02510050689863,75.15192550806636
574243,12.737337440361987,75.119436892042
574244,13.2449614913576,74.88149398803048
574248,12.58320821079775,75.47632810990106
574253,12.83390260106501,75.12558411537458
574259,12.661774134097053,75.18878136929655
574260,12.702652388126197,75.09632453810659
574265,12.91387782988333,75.12820060946943
574267,13.009865282093275,74.96969205953745
574274,13.06973363403294,74.90916019139668
574279,12.73842798579641,75.03140064562861
574285,12.76770130954947,75.3700470459154
574313,12.60857707354359,75.23623192541811
574314,12.508164509264157,75.44402452016024
574323,12.795486544771752,75.02620814416912
574324,12.961751600146194,75.08985877330124
574325,12.821581498255846,75.20849826429013
574326,12.879908878056204,75.2381032104217
574327,12.550622891183014,75.38136652852941
574328,12.721042781237621,75.40030687365918
574509,13.012274669971161,74.87150088330819
575001,12.858294362530165,74.84262696828274
575002,12.865146193750062,74.8615146288461
575003,12.879574280313014,74.8373067494646
575004,12.891273321531619,74.84874339695364
575005,12.88404789717787,74.87695347407784
575006,12.902010087743,74.83365346352872
575007,12.869066082811115,74.90653811604837
575008,12.913803271082875,74.86940242821885
575009,12.852355419913115,74.8795609525172
575010,12.926839708256699,74.81673413064848
575011,12.95839268902148,74.82968090740486
575013,12.894727467118292,74.82978477014217
575014,12.9930508525235,74.80841836008729
575015,12.930079101639604,74.85443792964135
575016,12.89889130553084,74.87653076508188
575017,12.83215433095147,74.8792837703351
575018,12.795895315390394,74.90793240346277
575019,12.9708899084419,74.8086670703942
575020,12.824650587143562,74.84574895204717
575022,12.795372245376829,74.86785571459404
575023,12.773728088373698,74.88427373205207
575025,13.012808681240054,74.80115480856685
575028,12.921204114341005,74.89762844515828
575029,12.896973338173911,74.92528592757515
575030,13.00407300570523,74.83788707671759
576101,13.330430847516794,74.75160976105275
576102,13.355416979049895,74.76853056987693
576103,13.339980778472045,74.72857953899361
576104,13.339510597498501,74.7914016913577
576105,13.389443106457492,74.75639182930887
576106,13.362358427051312,74.71976552592555
576107,13.340661523547956,74.8187832209572
576108,13.354777851267489,74.7034667008937
576111,13.175738352521476,74.87575547283565
576112,13.445935894832864,75.04185257292986
576113,13.329315509652506,74.86881996694498
576114,13.401470849014066,74.72706181504587
576115,13.39755875885953,74.70760302461291
576117,13.248837006659315,74.9846638191316
576120,13.284624601262639,74.81700692216057
576121,13.129662047813003,74.87214229730093
576122,13.25087232665119,74.76071823760317
576124,13.380773426398097,74.89808046188845
576201,13.626336357682423,74.695283974057
576210,13.506987672512135,74.77532583251966
576211,13.636210264607849,74.78688141237127
576212,13.551550364140311,74.9651455908727
576213,13.436837937481222,74.75720965014742
576214,13.868148026205402,74.69931117679849
576215,13.427658503466374,74.85885507100441
576216,13.649925041269661,74.66943906239652
576217,13.612752758767346,74.70991131401098
576218,13.445814056887043,74.70515326214941
576219,13.798827551288634,74.68001296986004
576220,13.869268337009439,74.7984795514488
576221,13.528995532857364,74.71679670301485
576222,13.584875712581187,74.78732765048835
576223,13.511816874752851,74.83435782932757
576224,13.765059293191987,74.68912429365312
576225,13.510392998602107,74.73353842029958
576226,13.477018972842547,74.70846172954447
576227,13.618996764254874,74.93157073275081
576228,13.92486192925821,74.62604429651411
576229,13.705462766622631,74.9034858927815
576230,13.687932565951135,74.69776328122495
576231,13.559410988457623,74.73682221149382
576232,13.831842315358315,74.64231689318773
576233,13.766110817229746,74.8129546860838
576234,13.47282510635153,74.8749178006571
576235,13.70606586784792,74.68553282339843
576247,13.68045714382676,74.66536366382662
576257,13.569352300697453,74.7055639969724
576282,13.690570322427087,74.9640562293089
576283,13.67798522872764,74.80820428069939
577001,14.480537896039309,75.93019187674545
577002,14.38843195876027,75.91693878809168
577003,14.445213616559073,75.9529564793019
577004,14.4387169997803,75.89691520479138
577005,14.426420282539498,75.92648857958099
577006,14.481871641691802,75.89629499572399
577007,14.404567699933713,75.9602007010444
577008,14.443123455165574,75.93402377929448
577101,13.308914385499119,75.75292377414124
577102,13.334792404776712,75.80643699330393
577111,13.251023763891203,75.62673847287967
577112,13.392124207297282,75.45326823719535
577113,13.127138395647323,75.54290011646859
577114,13.319192085449961,75.34682500399381
577115,13.7620785019006,75.58925779450196
577116,13.616847958482108,75.97417667150849
577117,13.385145630891538,75.42215135234586
577120,13.513855665819412,75.25151764996292
577121,13.175132688844576,75.42874741549691
577122,13.17117639471717,75.49051458275969
577123,13.40677485703568,75.36885095811483
577124,13.212575579753997,75.28364411643965
577125,13.576487407406905,75.21304902266675
577126,13.525039566772058,75.3416740830571
577127,13.59518631954872,75.42807695489272
577128,13.668221557609261,75.6379122343188
577129,13.564184998962874,75.75774252700096
577130,13.404952371332131,75.6455252578391
577131,13.439730007518701,75.74430612545214
577132,13.092225679748493,75.62659272701968
577133,13.254836331185322,75.73774913166393
577134,13.61874738269498,75.52232842482562
577135,13.437709869411078,75.94127739031258
577136,13.418437858507009,75.55348907608341
577137,13.506931257542023,75.79473863342649
577138,13.525997743569192,76.1872670226873
577139,13.37342761641802,75.21474062161855
577140,13.624271905402399,76.13882011333448
577144,13.65602882339463,75.70344810453494
577145,13.801436862381532,75.97003469315867
577146,13.312190629165494,75.97766264402381
577160,13.258601315625045,75.49372069015863
577168,13.381395990912852,75.89780806410313
577175,13.429372125832208,76.08154852300603
577179,13.267067629846053,75.42195609580989
577180,13.673362534445948,76.1889691995586
577181,13.277380301534523,75.30801745443162
577182,13.574536068021459,76.2786837008329
577201,13.939156119763824,75.57700130246901
577202,13.868213870403105,75.50418727278084
577203,13.866979722499137,75.56650411174685
577204,14.002744624986741,75.55608594865201
577205,13.928649263716965,75.5049877942218
577211,13.958013096330443,75.42351769453981
577213,13.963699324903242,75.93305883998755
577214,14.165527167373709,75.34583146659358
577215,14.027047822843793,76.02350321841291
577216,14.019118316928946,75.65283989859088
577217,14.266210095516483,75.64929591846503
577218,14.154154725341574,75.90143231055353
577219,14.283200317420757,75.79530818812688
577220,13.781580120291276,75.44938538387481
577221,14.078351647593294,75.8646341358007
577222,13.877197668046936,75.62377080233911
577223,14.165612363784538,75.56805339251653
577224,14.15410447230371,75.7474060050442
577225,14.103826523714053,75.54034971319453
577226,13.788127559179339,75.38336087827834
577227,13.974272775774724,75.72198261378863
577228,13.710841668536206,75.83934954541249
577229,13.876173705478228,75.68645731866857
577230,14.140785857443355,75.6712989651361
577231,14.213011256820815,75.848729274533
577232,13.739153831958737,75.3093009097239
577233,13.937494087335525,75.7804469721
577243,14.052885900786212,75.7496171292828
577245,13.812238841472638,75.76019459178556
577301,13.849415373007627,75.81239229249243
577302,13.78257912980223,75.68893246554026
577401,14.188681716002023,74.9948938052772
577411,13.537005985790318,75.11380016948878
577412,14.065404807736327,75.1665653325501
577413,14.56265548596357,75.1893069599667
577414,13.767625687920109,75.1758404962794
577415,13.644244832466695,75.3404030344384
577416,14.046423232629133,75.47720363093688
577417,14.093530303339254,75.07024791105059
577418,13.914536283755162,75.12025642369544
577419,14.561168507780536,75.07327065390916
577421,14.128738163372756,74.75522285467922
577422,13.830151501521671,75.28432867385767
577423,14.068383479655827,75.34836146901819
577424,13.607774818786659,75.13336969534136
577425,13.797221514114993,75.00934847428853
577426,13.974690119050585,75.30659034334418
577427,14.274757536018484,75.41622837961471
577428,14.382835054546414,75.27768281935589
577429,14.414459028913807,75.02968037175815
577430,14.226157907960664,74.9271520496194
577431,14.213200193528213,75.16971890847516
577432,13.650430269075198,75.1635856390937
577433,14.462117739932898,75.19508015045417
577434,14.279639474113837,75.10690728486067
577435,14.211595819113569,74.78787287744709
577436,13.891081176251163,75.24217116209371
577451,13.729093830383945,75.633066550767
577452,13.930498715863399,74.93181359144342
577453,14.015906179182677,74.86109273727719
577501,14.198604126784641,76.3983081834898
577502,14.326989439696337,76.34425961032169
577511,13.88646538203949,76.71525308174503
577512,14.470255617707728,76.06811274212251
577513,14.617039812834904,76.17525596370447
577514,14.321480129672214,75.9843933980916
577515,13.76942851617907,76.19327599441614
577516,14.43855306996847,75.7189170581498
577517,14.354079521706353,76.44982142068125
577518,14.202061941343898,76.12578276732201
577519,14.394676681908885,76.20437828599043
577520,14.21398303883045,76.28526159288198
577521,14.444795058101047,76.32014992683331
577522,14.267429732466516,76.69638499686769
577523,14.13621816981903,76.1223124658798
577524,14.19968569068641,76.46866340977954
577525,14.339255079606792,75.88247103326158
577526,14.018955642860117,76.19733947100842
577527,13.877195832845238,76.31017297656973
577528,14.564318738642797,76.36457288743934
577529,14.581999737499263,76.70855635041443
577530,14.363215745472246,75.73556552843561
577531,14.044303037494393,76.08720710775698
577532,14.160163501132937,76.55369446887006
577533,13.750450560523838,76.46186249176326
577534,14.291855301677755,76.06900301150353
577535,14.733636124818391,76.71710896060075
577536,14.47092771808708,76.5618652594109
577537,14.42265345987119,76.81466347634425
577538,14.235159385884428,76.85362391778536
577539,13.93974127412338,76.11822408085322
577540,14.92183663551591,76.7653632920827
577541,14.288142226228723,76.21363380867244
577542,13.640133173998322,76.40091874833415
577543,14.451637914272691,76.70510158139298
577544,14.230121716104689,75.89560380010963
577545,14.070340393054991,76.65874267283444
577546,14.031020764770288,76.76701271900976
577547,13.73423354349277,76.01590248757358
577548,13.509891752967114,76.0136246525722
577549,13.841632879665475,76.05081894509684
577550,13.70633183636579,76.0667607418404
577551,14.198894309386054,75.7977679703055
577552,14.184635736960047,75.99190642209592
577553,14.492102477109913,76.220307054264
577554,13.860410964611518,76.15644536038549
577555,14.135899266099157,76.3419521887233
577556,14.387845028914851,76.07556847395082
577557,14.029371053121137,76.35939851629308
577558,14.059578638262341,76.53215590100889
577566,14.476404291091894,75.85165892366012
577589,14.543907652249617,75.89143349652097
577596,14.09617404279147,76.869468075308
577597,13.666161815520482,76.30665301936183
577598,13.835521577646002,76.62048990367013
577599,13.949107525392648,76.52324775735248
577601,14.503689229427403,75.80416206031984
580001,15.45828966093515,75.01755877415978
580002,15.426136389246615,75.00707907122322
580003,15.433773281973396,74.97925159905492
580004,15.435912959091981,75.02168649848933
580005,15.51419160385642,74.97959745036316
580006,15.51979735142506,75.0710014087888
580007,15.440615487714949,74.89199987501786
580008,15.47283903255747,74.995666044289
580009,15.409367992151632,75.04432019798232
580011,15.524541140963311,74.88954862168656
580020,15.348094445118075,75.15805277698028
580021,15.358038759626135,75.12419606301881
580023,15.385588203315427,75.24248194530966
580024,15.288620009259013,75.09962651000409
580025,15.385412109067133,75.07556389515963
580026,15.352637167204767,75.03881107782826
580027,15.352891580078444,75.07925712593868
580028,15.22052501819495,75.18566222902706
580029,15.353174654754644,75.13583280811076
580030,15.362948445424253,75.09769117901948
580031,15.373022717426394,75.11316142472126
580032,15.401943124032176,75.1385804807838
580112,15.520493146207095,75.16374330642498
580114,15.321032740659575,75.00418197535613
580118,15.353903108308012,74.91823892438987
581101,14.789119492503552,75.2361124646658
581102,14.704310111305993,75.17732455122601
581103,15.425186924579464,74.7793599729847
581104,14.724329771736084,75.09812210521926
581105,15.5883980132368,74.91489963741607
581106,14.64102643168524,75.45554192527105
581107,15.113572701287211,75.39022666565394
581108,14.868755625105964,75.64111587191485
581109,14.557362262918861,75.38742943976033
581110,14.768671457694834,75.40393623950283
581111,14.448439508515667,75.40408472695896
581112,14.871685521688729,75.4385309107096
581113,15.229437140376518,75.26163485528886
581115,14.661725304325996,75.64464556124088
581116,14.4207206552852,75.51756017062552
581117,15.198569573131394,75.35913018048642
581118,14.96694181225017,75.37606766638292
581119,14.41903253402087,75.61463332933785
581120,14.629011192005182,75.26504643557396
581121,15.3094711938238,74.3454916368644
581123,14.531100147228997,75.73909540238782
581126,15.071887469249537,75.31339013715714
581128,14.827125635351926,75.51323988978429
581129,15.361331974776327,74.48555170329232
581145,14.567219501126523,75.73451097234421
581148,14.75637869269013,75.28750135860804
581186,15.185470648097755,74.4647153453281
581187,15.056790201757066,74.40378934006945
581193,15.017938303705403,75.12872332724292
581195,15.312486622060847,75.39687416685818
581196,15.217697220483275,75.05704512390355
581198,14.740509227995593,75.52672765281052
581199,14.83800906672888,75.1843666259334
581201,15.591217046022384,75.10676004180907
581202,14.89838678010913,75.27229131679915
581203,14.895911804121354,75.13622875275139
581204,15.160904660090523,74.96290975556958
581205,15.047980910466205,75.21642705664053
581206,15.594323206597329,75.01038203970111
581207,15.201725752469105,75.15536057378146
581208,14.534747168567351,75.56802832193151
581209,15.442969087865603,75.3206058293826
581210,14.334813357214934,75.50902789169324
581211,14.679979219173685,75.74516213536413
581212,15.12006030856501,75.1186254329807
581213,14.915719432031324,75.57153928916696
581237,14.985895499263036,75.49159220623747
581301,14.81291546657863,74.13159659374983
581302,14.798238735128963,74.11169426562
581303,14.83599712451989,74.13292344698195
581304,14.832649848336061,74.15273605012167
581306,14.811661599885738,74.17159651157407
581307,14.788485220617419,74.13793032165763
581308,14.774240015137451,74.16326661248408
581314,14.709406092455511,74.41784615872137
581315,14.533305820204687,74.65802973415697
581316,14.771054432476802,74.33654613060791
581317,14.941109687342475,74.25584276749697
581318,14.563455501792134,74.97316216179175
581319,14.586802060770964,74.32444053311535
581320,14.010245220119256,74.61422016866136
581321,14.703190952483583,74.27470318497649
581322,14.342058023352307,74.74732315833555
581323,14.416093906138212,74.58210220245533
581324,14.781930542836218,74.22106224562346
581325,15.2048426375372,74.59572605702864
581326,14.538445944279983,74.33826585887626
581327,14.353300429714063,74.42453392099327
581328,14.877665321782036,74.2092791562751
581329,15.269567280216314,74.79431848187379
581330,14.475870926984891,74.40789095699873
581331,14.448861916975085,74.70866046100521
581332,14.410183904669802,74.4432585519265
581333,14.559170456441297,74.43913799058346
581334,14.293709137054073,74.53757149301595
581335,14.267813215504882,74.47965240348306
581336,14.734857485483234,74.71926988768207
581337,14.821823465887785,74.57288270367897
581338,14.37331287903464,74.49028652620966
581339,14.853067185560578,74.20943203339552
581340,14.50452487471236,74.84758514983422
581341,14.31530151118068,74.44343531581514
581342,14.24770902419,74.4494199382938
581343,14.423285408107956,74.4135695162932
581344,14.6244550394755,74.4816101437672
581345,14.889318534065312,74.10809611628962
581346,14.797406596402183,75.00356245648088
581347,14.84996347913293,74.82942909859187
581348,14.17866783412208,74.51716776973578
581349,14.952058329823045,74.98564773949371
581350,14.129604810003684,74.50314951021569
581351,14.478828786020088,74.38180377495627
581352,14.858619574142324,74.13662140331444
581353,14.629430197656088,74.31374269001526
581354,14.048033372189233,74.55471947758679
581355,14.327343833236842,74.86375729851538
581356,15.375129132164242,74.72656862265849
581357,14.630526838557316,74.37397546032373
581358,14.682544609832968,74.94898380239762
581359,14.984137418629192,74.71443448012188
581360,14.900141222669918,74.1358711744644
581361,14.316604517287484,74.58613460008034
581362,14.498330041462662,74.52431670432853
581363,15.149477586972482,74.68711336878883
581365,15.281038831940096,74.51429387474188
581384,14.236692412790209,74.68098831016607
581396,14.913202419191643,74.43406006486961
581400,14.850782465967585,74.34609251575515
581401,14.611088242537893,74.84507330667557
581402,14.707168475605258,74.83479822383465
581403,14.609139107247715,74.68801453459727
581411,15.02947543877251,74.98179166136528
581412,15.061209178404667,74.86055427571948
581421,14.099779948875856,74.5613754180329
581423,14.200483036647105,74.56048065257677
581440,14.495884688476417,74.45620743527391
581450,14.521328838868808,74.77015403396514
581453,15.459961814749455,74.33805397255301
582101,15.438727605228529,75.63878963428623
582102,15.524052537896468,75.66438060624645
582103,15.354097791384746,75.66089704031994
582111,15.564364684886732,75.76210618713398
582112,15.051904521474794,75.67858771315133
582113,15.29342547085772,75.82443016503908
582114,15.728450175374192,75.9582565664594
582115,15.41663105430007,75.78528471087593
582116,15.152874857137832,75.49465918115861
582117,15.279188892460102,75.51111696979757
582118,15.11790908231385,75.82401765064073
582119,15.584229988355633,75.83701844431256
582120,15.21085878111705,75.64716141971009
582201,15.44612868681521,75.4401737246689
582202,15.683388431031636,75.55811051775284
582203,15.78440851902175,75.62954340339249
582204,15.543243564714105,75.54944651145415
582205,15.40734942240177,75.52331205792561
582206,15.847573722727663,75.4772333435064
582207,15.751682835020468,75.42593941010534
582208,15.586756019475088,75.37818916213065
582209,15.71325862656084,75.72101322002945
582210,15.04435398032382,75.53402219391008
582211,15.781248050709758,75.85387631253677
583101,15.134684237166383,76.94613280517329
583102,15.07494737153522,76.96389260944747
583103,15.246864917578261,76.97182807307527
583104,15.155730239199098,76.83577859321949
583105,15.152772730134899,76.87636035521142
583111,15.141914083665256,77.09327651753406
583112,14.989946794928255,76.60322096319199
583113,15.392438802559772,76.72319483335775
583114,15.725547534097238,77.02865210319924
583115,15.235123215288189,76.78642156655745
583116,15.343517418286353,76.83710689854473
583117,15.265477005198433,77.05809844030753
583118,15.048554502827553,76.61288276412988
583119,15.110589509491064,76.52775642378002
583120,15.431533257327212,76.8307819146084
583121,15.617757194863133,76.94762641077644
583122,15.524428762071615,76.874948232674
583123,15.17936791014607,76.6095084327035
583124,14.997167372468457,76.44516977773687
583125,14.61103462098187,76.03841186286459
583126,14.721879309319318,76.49501097935558
583127,14.78343892541545,76.10648205273137
583128,14.93359581815001,76.55310368323451
583129,15.305091524312438,76.6716199827874
583130,14.82748973811037,76.61646806527787
583131,14.828621289589623,75.95998702904764
583132,15.387354219841667,76.59633659430051
583134,14.842390501364008,76.23676401763151
583135,14.869603400655432,76.39469142871499
583136,14.714085404014794,76.3019762172844
583137,14.673893125548474,75.90628589402912
583152,15.09141134867879,76.72089749482609
583153,15.196504711568828,76.660274971136
583154,15.43087723011212,76.9573145703168
583155,15.284430938571436,76.9156728542781
583201,15.275838618857733,76.39346041559907
583203,15.235357979164887,76.39683462962135
583211,15.305873409773698,76.38081750455837
583212,15.062490092740529,76.24559866794488
583213,14.751372572683039,75.83792788387557
583214,15.09646739755865,76.01812633105439
583215,15.30533995914637,76.54322530529346
583216,14.93040388043819,75.81032343089113
583217,14.813128850574284,75.74470174990643
583218,14.626874858900138,76.49168401151046
583219,14.987726744662101,75.95802780735369
583220,14.948897789022759,76.10994109801709
583221,15.321779352522817,76.4923970557574
583222,15.143615225171983,76.35339113605936
583223,15.23593903298737,76.52876035349702
583224,15.149421911905957,76.14701347016225
583225,15.261622529218407,76.35457345092556
583226,15.231645436086266,75.96490641512337
583227,15.424699325756764,76.52258147190659
583228,15.365460443980583,76.28853017786949
583229,15.62541214001875,76.59203190077106
583230,15.466805043662221,76.12970611651073
583231,15.342352252866718,76.18052142541565
583232,15.473934074040185,75.95901398972252
583233,15.286629679285909,76.32672325988044
583234,15.345881280974588,76.38050231481705
583235,15.446181100928472,76.42442491740337
583236,15.590262511317452,76.02746809841824
583237,15.602194274385834,76.1994920159243
583238,15.345031685417444,76.07470645951804
583239,15.304963963560905,76.43975391771099
583268,15.487081848771286,76.56299757375615
583275,15.175826384568339,76.65803896083152
583276,15.288082607606805,76.5004785913099
583277,15.722179093264677,76.21974281616112
583278,15.859570259791768,76.2611869045745
583279,15.777671611689334,76.39728006175208
583280,15.851134470900766,75.90742374967661
583281,15.89416045916007,76.02175263424162
583282,15.474671404809849,76.62332870415929
583283,15.573157980434821,76.40630672141995
583284,15.655660599849544,75.93382716055241
583285,15.266529594497065,76.07162437698103
583286,15.520425332671456,76.67969922370015
583287,15.466330335733161,76.23492434710971
583288,15.772784733769857,76.08844701820105
584101,16.186675211502394,77.3424257608207
584102,16.251214514067744,77.46782341048723
584103,16.163361731554826,77.39830929932141
584104,16.150690620444625,77.28767099586229
584111,16.418222181044126,76.95726413698986
584113,16.33682046108943,77.15082257542932
584115,16.205027470475255,76.66702664646205
584116,16.335884993211195,76.80860008412259
584118,16.10896249161224,77.15275112216355
584120,16.0802996064307,76.7720673592892
584122,16.103568679980487,76.5257956739305
584123,15.983420906188634,77.00243016395326
584124,15.927207434619229,76.60202827202515
584125,15.985755205300158,76.42457546288293
584126,16.372462841696763,77.05278518650145
584127,16.187530821543,76.39052496436575
584128,15.74898909773033,76.74277085853346
584129,16.169929895446412,76.96147911252994
584132,15.770151671958756,76.54691412491141
584133,16.092348178471905,77.4236443533887
584134,16.292073638884883,77.28816244053095
584135,16.316731018592563,77.45339510681083
584136,16.209590159402882,77.14324179233294
584138,15.936906122629201,76.76579833052995
584139,16.293909556623863,76.64576720428101
584140,15.995548526344402,77.41238258146926
584143,15.87079999163959,76.8771601983109
584167,15.666056653526399,76.83643662231586
584170,16.36637742459301,77.35231814648927
584202,16.00603835777936,77.28705727810187
584203,16.032856688626264,77.19896262826934
585101,17.358282551555632,76.8176369691058
585102,17.344243446820972,76.87463386443521
585103,17.322304347892096,76.77552838867956
585104,17.464575218254048,76.79781827665713
585105,17.306863431167585,76.85977093172886
585106,17.31020609320297,76.89221651585622
585107,17.313054231347806,76.80081820911066
585201,16.766759992182774,77.13578707578395
585202,16.77555524007031,77.116231813199
585210,17.189130177202742,77.35474204711285
585211,17.08459796792473,77.10164391799552
585212,17.15485607602426,76.50153241016035
585213,17.34411575408483,76.59091743554679
585214,16.88471949804785,77.3638900854293
585215,16.43765613487643,76.5266517699872
585216,16.625336407183504,76.54989160888299
585217,17.292562265028053,76.18167997718629
585218,16.90170839519214,77.010944770574
585219,16.247973787439836,76.37532577506191
585220,16.56960295551194,76.75253491054208
585221,16.562502432005818,77.28030557920918
585222,17.079158173292207,77.27133961298948
585223,16.700841810041872,76.91376410233723
585224,16.533618542889247,76.64124266077175
585225,17.020245133971468,77.00709979366808
585226,17.824312087706144,77.42104819711932
585227,17.65607855031771,77.3692977674169
585228,17.175353535018406,76.91909406000246
585236,17.43491446563856,76.43911164341047
585237,16.339418034893356,76.37602712168763
585265,17.189995574912274,76.61760441568407
585287,16.758254944653647,76.81118211143986
585290,16.43747236021227,76.68384654419128
585291,16.356949680789246,76.49390552903698
585292,17.140415223783524,77.16610619233414
585301,17.238506525856305,76.37867228508375
585302,17.563063167245467,76.51814367027967
585303,16.923729380804286,76.84676186539815
585304,16.51756654912217,76.84002147804122
585305,17.45085669423542,77.52154324207882
585306,17.537019829192065,77.28790026368443
585307,17.49912191302888,77.44391259411884
585308,17.16909338546838,76.77331755108091
585309,16.734421760327958,76.69191802941675
585310,16.98256316360113,76.67774673611578
585311,17.462991002872354,76.66570891284236
585312,17.333347137928754,77.14199660535934
585313,17.589221870409478,77.05383393150841
585314,17.678889548029034,76.59547784465269
585315,16.65518607791123,77.38300215582973
585316,17.557556114675997,76.84957455479716
585317,17.22613710964093,77.12133250700754
585318,17.011708128671508,77.38041892738595
585319,16.704394347335093,77.00733300049563
585320,17.28376975089139,77.35565375609191
585321,16.755602618322296,77.28514474930451
585322,17.461453362637293,77.0757440845442
585323,16.641806158472043,76.81183378191689
585324,17.40472550464461,77.27722659097508
585325,16.840022893364665,76.52910266357888
585326,18.250749049613187,77.44634810096656
585327,17.888631591244874,76.95002935531127
585328,18.09863311267345,77.24475676350579
585329,17.775847542406247,77.24811856912429
585330,17.736657183193497,77.10105811031109
585331,17.784779414573563,77.02277102882212
585353,17.825481759358016,77.11745687468392
585355,16.53048794659027,77.13062849878456
585367,17.433432483941896,76.67035599782437
585401,17.91845455648493,77.5105642668162
585402,18.005103003634616,77.48720106908992
585403,17.914578579341516,77.57132833459973
585404,17.92376771515601,77.4179258674927
585411,18.095714761900055,77.12349702249765
585412,17.69480561724491,77.22443770418528
585413,17.981294081275568,77.29739689602934
585414,17.86254432857727,77.28554665585304
585416,18.05573113844578,76.99687544766442
585417,18.22863232187928,77.206264307232
585418,17.88481027504614,77.13853431117143
585419,17.7992206921528,76.81630063080615
585421,18.118913078419975,77.49780497999264
585436,18.163133889236548,77.34454065357154
585437,17.70896857901008,76.92812666486454
585443,18.259835846612177,77.28616901308487
585444,18.062389902411013,77.35046370675906
585445,17.695640812408172,76.78138100295911
585446,17.963112103632106,77.16893331586633
585447,17.75338159891172,77.48352373543679
585448,18.38134795365529,77.31600107357336
586101,16.831717261729427,75.71179329204509
586103,16.873011384433074,75.70834834432061
586104,16.88236251939961,75.70603746014484
586108,16.763505270301778,75.75367477230694
586109,16.795080055337827,75.71616027174261
586111,17.267677273159393,76.05723966635502
586112,16.943145498387462,75.864572960538
586113,16.61209590868981,75.50094796519822
586114,16.92582137301255,75.45477088374359
586115,16.843063304883483,76.10571216875334
586116,16.441843571214953,76.10946965736866
586117,17.127065571062893,75.76424259893032
586118,16.65741913107694,76.33229838394
586119,17.0002193534443,75.71400941439884
586120,16.742651383439487,76.20108038043395
586121,16.54202620153563,75.79372668292437
586122,16.662053715745156,75.82405968714109
586123,16.98120636859851,76.37526938919791
586124,16.2816817640438,76.27469567319102
586125,16.643637132137403,75.56695276823882
586127,16.8248893140222,75.94829975215158
586128,16.875961451722706,76.29447915565595
586129,16.244486862228293,76.14637590569147
586130,16.817103223713186,75.51044222252995
586162,17.088945895047956,75.90286177726215
586170,16.54090111666939,75.61469251449859
586201,16.394217146355576,75.86210167842074
586202,17.070074503112103,76.22620740835865
586203,16.606723812963246,76.00604013573175
586204,17.266196447004862,75.73830768888011
586205,17.364095683551863,75.66422596940764
586206,17.125144731391675,76.33274713887849
586207,17.320973455616404,75.86587989966942
586208,16.585214795420335,76.12886251332658
586209,17.191077386053305,75.92787214573421
586210,16.46273202030842,75.70514516967026
586211,17.29799023329068,75.96808042994374
586212,16.372663258268414,76.19898197912738
586213,16.375972343933967,75.96594074583929
586214,16.52015255377609,76.32152712963644
586215,17.002849197417913,76.03167536834137
586216,16.486604065535705,75.87670974449345
586217,17.136526406116943,76.10635974339422
587101,16.18038764004409,75.69560343582687
587102,16.23584549173822,75.66240685775118
587103,16.173154456191124,75.66421921672628
587104,16.16731115691452,75.61682628744772
587111,16.21783498947016,75.76650984455823
587112,16.098406304275645,75.98377330530187
587113,16.376709240919165,75.1984444716226
587114,15.866365262997839,75.77146203048841
587115,16.195642706154004,75.89143531030015
587116,16.3468664568619,75.6628526184164
587117,16.388414889688963,75.50019713527827
587118,16.10971677810268,76.09802825508511
587119,16.542391952287122,75.24828722696778
587120,16.116223632161663,75.88817371285418
587121,16.36623087368865,75.39744471329377
587122,16.168392878102978,75.3583903948143
587124,16.009388185717388,75.91199572223874
587125,16.05101840339512,76.19379000287536
587154,15.965406843848651,76.19511670539669
587155,15.91036145457369,75.49757313517358
587156,16.110058318215195,75.79433622035593
587157,16.235814250202328,76.01139948942435
587201,15.932452748947101,75.65852350681774
587202,15.927751526070615,75.8926087947466
587203,16.020729828698133,75.78480185701387
587204,16.211819348780057,75.51233944582184
587205,16.08234725324206,75.65923491414453
587206,16.052647435369398,75.51222976255926
587207,16.291137891620348,75.8964906993113
587301,16.527913897145027,75.37224522636713
587311,16.464861000923584,75.17525281222922
587312,16.384540589902894,75.10713290852605
587313,16.30035138398679,75.29215724493956
587314,16.46698208565941,75.10916716216347
587315,16.492593617394334,75.04773272833543
587316,16.360449752793546,75.04969618657759
587330,16.669459634137148,75.36415760887829
587331,16.55370529672817,75.18430273388124
590001,15.857214526940483,74.51080433323554
590003,15.842849054531005,74.51850828787526
590005,15.791060124256706,74.53096511289267
590006,15.837253142826581,74.47769857479156
590008,15.81529405392713,74.47833574907492
590009,15.853828723876333,74.49110970569038
590010,15.901393537156396,74.52184771377311
590011,15.836334024400928,74.51101755080471
590014,15.758139838265283,74.50379914932152
590015,15.911855682070911,74.5880504855397
590016,15.863727187606393,74.52719563546714
590017,15.888460618534674,74.54339285110947
590018,15.768819357428521,74.42502448281434
590019,15.878344546831482,74.49421793058396
590020,15.81212341636771,74.5907633065405
591101,16.029214098778937,74.72229928120474
591102,15.817231981840845,74.81528316174568
591103,15.873221032169097,74.6563569214752
591104,15.691726047506862,74.9199599288477
591106,15.521591578670062,74.66261782734064
591107,16.135242212234136,74.63028750840034
591108,15.827813465392707,74.41778037169705
591109,15.759196789313123,74.62728659357398
591110,15.70164027435056,75.23376355463934
591111,15.8192057340001,74.98520598448626
591112,15.655468359430863,74.69332083324113
591113,15.936031664936843,74.53482741586309
591114,16.025934829129408,75.14292206222974
591115,15.6013743190542,74.78780553757043
591117,15.882496212497134,75.13204841993122
591118,15.725591953979174,74.72398413345732
591119,15.914382506086637,74.93149170826852
591120,15.57196972379337,74.57424196973217
591121,15.923207048087043,74.79079087550517
591122,16.08418030674266,74.68201558483686
591123,15.9979291746516,75.33789489988776
591124,15.865573343087734,74.58235508939183
591125,15.798094378596005,74.70871304893222
591126,15.750237895246912,75.12457669969564
591127,15.865237516423344,75.3662689703423
591128,15.894185558388044,74.41847348483407
591129,16.038704833734517,75.01935792632253
591130,16.095514485688085,75.22945989396524
591131,15.69067969913672,74.61865567215669
591136,16.22906765905584,75.17505336027061
591143,15.955461837459785,74.4792829007975
591147,15.889427156894943,74.73708588533376
591153,15.69564673088973,74.75440151869094
591156,15.989650650497028,74.5321729924266
591173,15.747703696234241,75.15636046343833
591201,16.423109873710064,74.58723589689353
591211,16.458854009552457,74.41579119168934
591212,16.893566062876435,75.0563967117289
591213,16.510141619342743,74.67445554871165
591214,16.51173935116972,74.4969679092687
591215,16.520618834055654,74.39587590213824
591216,16.602692930590425,74.5067107567022
591217,16.556967458790798,74.83548290235244
591218,16.220430068551092,74.85615710850726
591219,16.49495755231335,74.46166156541281
591220,16.53609275560982,74.9633040061343
591221,16.188422129652324,74.5522018738335
591222,16.364460394601277,74.75542589932562
591223,16.68128351578977,74.71894529589592
591224,16.28256309617129,74.88696731515014
591225,16.31975078699664,74.41937977701706
591226,16.358932232637045,74.57833405345106
591227,16.193971372198618,75.05162024762151
591228,16.454929882312566,74.47551591479831
591229,16.523646821750486,74.32570329623509
591230,16.68626585947925,75.21689121612444
591231,16.18479941141661,74.73573042288528
591232,16.81963759385814,74.97454876668802
591233,16.133035061349805,74.93763117196718
591234,16.735817794267437,74.8470291115739
591235,16.4197700557243,74.96227663362693
591236,16.305803940971163,74.53742875911918
591237,16.39146504584184,74.37911805417987
591238,16.3861865355278,74.45922383711638
591239,16.525101281716715,74.53152362483753
591240,16.5873601725255,75.10410686949191
591241,16.46723092829694,74.333115122168
591242,16.61802661347753,74.72130488181278
591243,16.070915796987794,74.54439730223359
591244,16.538543053853278,74.60063251684828
591246,16.129810722931346,74.54337756059434
591247,16.473892127731997,74.58856055584424
591248,16.777064534503165,75.21775041421402
591254,16.07337496059474,74.43079426957152
591263,16.55956954737379,74.44237709775082
591265,16.84670250591767,75.33680050697478
591287,16.418543517211592,74.51611348669132
591301,15.436346223692793,74.55714392865823
591302,15.58933413848487,74.43974297008121
591303,16.684188417901698,74.92913947921947
591304,16.699323886702096,75.07673260011754
591305,16.292189724775792,74.70215915910578
591306,16.24777692975056,74.75899954103336
591307,16.142339532698976,74.81162383764892
591308,16.18068168146118,74.7852220362252
591309,16.247080348964897,74.62099800799609
591310,16.280010574771136,75.06722154270024
591311,16.60898917239333,74.88484799701489
591312,16.326854060478585,74.97617383209283
591313,16.271645200185354,74.46577267214515
591314,16.241690190879993,74.50121769851562
591315,16.700931551517318,74.77107291549339
591316,16.649600203375122,74.80282179777473
591317,16.47006188826894,74.79026867953878
591340,16.25235745736013,74.54092341806194
591344,16.047183932142655,74.83874126548535
591345,15.692057803871258,74.29535345066648
591346,15.94647384238,74.65203343888014
600001,13.097013704274367,80.2891047789849
600002,13.06906519749471,80.26912941793113
600003,13.087262317769111,80.27392028314605
600004,13.03806451711413,80.26983970616263
600005,13.057673029352088,80.27908609889545
600006,13.060825924031406,80.25093296429176
600007,13.088544514163758,80.2602765106913
600008,13.072506719733443,80.2580512004942
600009,13.076084990040801,80.28513668799758
600010,13.083820514061816,80.23999566790887
600011,13.116857196568493,80.24108033908205
600012,13.100591927007812,80.25635379000407
600013,13.116520198710463,80.29523540487912
600014,13.052986994876948,80.26567876281322
600015,13.019967482797309,80.22460388553502
600016,12.996785655302311,80.18043194707295
600017,13.041999701233593,80.23695192575087
600018,13.036497472522035,80.25230237356912
600019,13.160717262223791,80.29809269688066
600020,13.004276794621616,80.25844675914797
600021,13.115666855519894,80.28056092947338
600022,13.001211317436143,80.2282679128461
600023,13.1003837492313,80.2328285139239
600024,13.051208149734572,80.22299934505145
600025,13.011400510356877,80.23793037236682
600026,13.052301653747335,80.21039325699736
600028,13.021113107154656,80.26354533525539
600030,13.074812894901266,80.22543676492579
600031,13.071782428259006,80.24205778441517
600032,13.012886734479528,80.20987346441643
600033,13.036787751021224,80.22258429995162
600034,13.059166422036384,80.24055658163904
600035,13.028026423913374,80.2375210594289
600036,12.992602616106224,80.23519810864663
600037,13.081746268201616,80.17514312723449
600038,13.10060605607016,80.21462210763407
600039,13.118105694849461,80.26077154477615
600040,13.086528002696673,80.20577995075412
600041,12.975720625146083,80.2589082665653
600042,12.98010036679555,80.21979750935184
600043,12.969910671011718,80.15782231202456
600044,12.952499557073308,80.14297097535
600045,12.93301666664605,80.10733472917829
600046,12.903806852570261,80.12290193641346
600047,12.943089533355431,80.12891880015454
600048,12.893891633681525,80.07426577817046
600049,13.108372632596963,80.20447407777309
600050,13.102220645138834,80.18435904512239
600051,13.15505900446151,80.24555641148748
600052,13.198203356095876,80.15513732658643
600053,13.123569739073025,80.16129006882387
600054,13.124925019776487,80.09849111024425
600055,13.179064012877946,80.06978030186276
600056,13.050508766358323,80.1065554914557
600057,13.211712816088193,80.31196550347504
600058,13.097060682500574,80.1635187353146
600059,12.919316534474518,80.12136232489398
600060,13.167737325761898,80.22643416785115
600061,12.980568765131979,80.1841098768504
600062,13.155022944050748,80.12740380592875
600063,12.905595651177414,80.09815251914699
600064,12.935852990045118,80.14764633263134
600066,13.161913592953885,80.19443887493168
600067,13.241837803734446,80.16900125930431
600068,13.162683818432237,80.2657303359775
600069,12.99636419486196,80.09357110174909
600070,12.978998318691945,80.12487845796964
600071,13.100274146397085,80.09784441968476
600072,13.095859053188875,80.06904723561125
600073,12.917198433699548,80.15563380985931
600074,12.991500728536264,80.14772472864232
600075,12.973046395955286,80.13495238087809
600076,13.119336173358404,80.19120931838049
600077,13.076285156092109,80.12462674966228
600078,13.036351455529703,80.19726810365458
600081,13.134003766190366,80.28720247524528
600082,13.115452057691845,80.22511234632768
600083,13.033898933721568,80.21164312317812
600084,13.08123188230557,80.25392097010378
600085,13.018418624399004,80.24366002697907
600086,13.048622955627684,80.25500812411894
600087,13.04459399781926,80.1797399048724
600088,12.987790634686235,80.20387493361763
600089,13.024007675429434,80.1850070391434
600090,12.9977630106527,80.26878910032043
600091,12.965846797308798,80.19923742479008
600092,13.055644654434005,80.19386200114958
600093,13.05302591715898,80.20218686698556
600094,13.061880514367939,80.22382568782065
600095,13.068783846528857,80.15966922954507
600096,12.964405934237629,80.23945411826413
600097,12.931476691527099,80.23519996956223
600099,13.131790485729226,80.20335816063879
600100,12.927386535495488,80.2032358562341
600101,13.0916130451027,80.19321340718137
600102,13.089088796567827,80.22332305640789
600103,13.209645472739556,80.26216212035477
600104,13.086915570356005,80.28672062999874
600106,13.071502445878629,80.21163363641915
600107,13.067972684187971,80.19133025802779
600110,13.137829098714239,80.22512698612731
600113,12.988776710681071,80.24395511694163
600115,12.930585320411781,80.25308573518447
600116,13.038014080260174,80.157074224905
600117,12.957275750760227,80.17775526451442
600118,13.134239595638716,80.25583121514317
600119,12.883810419316882,80.23199361755515
600120,13.272934352107447,80.31131072553677
600122,13.028836028049323,80.11408434743865
600123,13.022708994639517,80.05779980204873
600124,13.064915850149907,80.01776369068871
600125,13.016259859457453,80.16219074424198
600126,12.890047667441172,80.156373654403
600127,12.835813957089488,80.1451653460985
600128,13.005709938672357,80.13027678851336
600129,12.94212980947125,80.18088465195439
600130,12.85177315024631,80.20488820716015
600131,12.887362691092564,80.19183700260483
600132,12.956753073023231,80.08614779453734
600133,12.963158864133971,80.0354557244876
601101,13.332423015130725,80.08182412656288
601102,13.29293878569027,80.05313420243658
601103,13.246583892093195,80.00662715157095
601201,13.447992235863216,80.12233222487667
601202,13.406986754434412,80.00169585639846
601203,13.30766517113066,80.26352774825091
601204,13.334374868514502,80.19963017807042
601205,13.429213404076645,80.27611457598354
601206,13.342840433002225,80.13288502544846
601301,12.880392099436538,80.00958621706663
602001,13.134966772681747,79.91055281004982
602002,13.066509194549983,79.92053285165288
602003,13.144973581073476,79.93886231168501
602021,13.192202418963056,79.94461173007494
602023,13.234589429630493,79.84449108593651
602024,13.14335682581644,80.01695860736841
602025,13.11087321217302,79.96391105930394
602026,13.302091188527248,79.90178502233941
602105,12.977040612228455,79.95112331116461
602106,12.92072642455876,79.88141806662382
602108,12.953823173326855,79.84773598667707
602117,12.98849950519218,79.99899737275466
602118,12.866646465391444,79.94232686435886
603001,12.678721175359925,79.9826461987064
603002,12.708692925786172,79.9857464541069
603003,12.68195410694217,80.01485942987681
603004,12.765293377220374,79.96250447573331
603101,12.758771741257297,79.92621946140576
603102,12.5327040701472,80.11756665755867
603103,12.789728057429901,80.20848517459531
603104,12.65311402681251,80.18545656159435
603105,12.657869326884555,80.10802339547313
603106,12.724254788055775,79.91004285750486
603107,12.658499898162408,79.85937646015837
603108,12.725163319021384,80.09290115549288
603109,12.5877989597992,80.0661622464924
603110,12.736021666470906,80.16787366468125
603111,12.651619594844146,79.95392595708097
603112,12.800361089048437,80.24200483351345
603127,12.563994994060845,80.12915739400054
603201,12.4355407960447,79.75741143053679
603202,12.816977172790612,80.07925600750518
603203,12.825998760041026,80.02897763632245
603204,12.776344879192383,80.00491655918833
603209,12.794542604181752,80.01311522737612
603210,12.86290032326446,80.0787495503014
603211,12.864829735208092,80.06486522382819
603301,12.393322414212138,79.82744233536016
603302,12.34820434702249,79.99987673454783
603303,12.55005944620875,79.91135227395534
603304,12.276759406532578,79.98245764434131
603305,12.428334065743288,80.0979683597501
603306,12.498893212940834,79.8935435532849
603307,12.36595714520466,79.70086156879223
603308,12.577998460491798,79.94889498389567
603309,12.421924535501883,79.8865081243576
603310,12.344704835879226,79.80603006207716
603311,12.426226164729059,79.95776399213244
603312,12.45885546013643,80.02552271117753
603313,12.381186226691835,79.92397304289948
603314,12.578365168270619,79.85407938056514
603319,12.456746595309523,79.82935224837466
603401,12.277032374793318,79.90910104180294
603402,12.62741017297167,79.72072137330672
603403,12.630304548236017,79.6735932875979
603405,12.600548565193362,79.99573108683532
603406,12.57639375659594,79.77418815787668
604001,12.222043830804706,79.6472609216033
604101,12.273056711943529,79.79616131880542
604102,12.148089320691348,79.71356754918156
604151,12.190417665470058,79.33051102876094
604152,12.20217416684885,79.25120900905638
604153,12.229340118065059,79.29584025417473
604154,12.132882679295578,79.78391970866785
604201,12.379034908833807,79.26565797094038
604202,12.266992458099972,79.415836000749
604203,12.314883616747771,79.50389292391688
604204,12.36824728361284,79.3218890978176
604205,12.198889044230917,79.44181409230197
604206,12.255101038924611,79.5166892693585
604207,12.309820661560536,79.59751949109594
604208,12.377168884865236,79.38871205520543
604210,12.336297913738917,79.42938597529411
604301,12.195275672262257,79.81641761174453
604302,12.193364433287435,79.59574043532025
604303,12.169895873903823,79.91553685704031
604304,12.103347247154813,79.63596411983146
604305,12.30521229815547,79.74309594782436
604306,12.190102958082246,79.53099964972277
604307,12.258596157818499,79.69066615354824
604401,12.620667245001622,79.56890027576873
604402,12.763827507844661,79.5386400752981
604403,12.491208175105534,79.70901811345858
604404,12.56156830521402,79.54669441757203
604405,12.464005022169463,79.654513171093
604406,12.39385430194421,79.58489005819355
604407,12.70286285617945,79.51920736156818
604408,12.5271022978044,79.60933556035462
604409,12.632874898373109,79.46809150515381
604410,12.777193078458563,79.60518211041337
604501,12.420039530638006,79.48664661202866
604502,12.471774094673588,79.45079754018761
604503,12.577434613434361,79.42231854544548
604504,12.605611304357696,79.36116054033609
604505,12.551842722518224,79.48998985983089
604601,12.269333285809674,79.22348911217229
605001,11.927796795477814,79.82825385394415
605002,11.936469380491395,79.8343664770543
605003,11.95091364669956,79.83079640038731
605004,11.912195600997487,79.80941209959893
605005,11.932586850064762,79.80854115744008
605006,11.953793878424293,79.79522032740519
605007,11.865817346775074,79.78362167801089
605008,11.96408822015844,79.81311776758098
605009,11.948148846875664,79.77834846331676
605010,11.926864880228477,79.78744459989437
605011,11.942731422658781,79.82158028354638
605012,11.92399751846497,79.83234036102725
605013,11.938074982745079,79.81491263099811
605014,12.061722480926434,79.82996555353374
605101,11.99234264760736,79.8061321533044
605102,11.91753043996297,79.69214681429393
605103,11.91443386335702,79.51947688321384
605104,11.98243517065235,79.83996944166805
605105,11.867266565472514,79.5727083151188
605106,11.864912104254632,79.6724842019016
605107,11.93396833446295,79.63059031726955
605108,11.91915927789076,79.5854912518761
605109,12.057853274109894,79.72061010537048
605110,11.901438974236848,79.75828330196241
605111,12.005131155740697,79.77165200749305
605201,12.12671287958011,79.38113966546034
605202,12.071731717700557,79.41799971718872
605203,12.064413872410086,79.47758765441623
605301,11.932643228584379,79.43461814557931
605302,11.94626172126692,79.37947926354857
605401,11.88429653528638,79.47699058758636
605402,11.990467341691623,79.42776985804383
605403,11.89787183685959,79.44940223555352
605501,11.991783401192503,79.62573277651373
605502,11.979451958917942,79.71022755133049
605601,11.986740972086011,79.51959163083347
605602,11.943438487700417,79.49798325910794
605651,12.136102939791254,79.50639673451754
605652,12.050750027814207,79.55633264980781
605701,12.044242693603948,79.31782474494635
605702,12.008329317082204,78.94623250611956
605751,11.882061141399852,79.1609197983358
605752,11.987059451494767,79.24019683763133
605754,12.024138096719046,79.0784308112617
605755,11.968353966624642,79.31547786203497
605756,11.988966832328975,79.17664762640715
605757,11.953733111799663,79.22149069704064
605758,12.038655648666,79.19195221373309
605759,11.981801991501547,79.20394214057657
605766,11.925113318867798,79.13488519311261
605801,11.93582009199202,78.98969323575226
605802,11.990019338271596,79.03563695466006
605803,11.899233926303296,79.2754249806659
606001,11.521158786311497,79.32046974221856
606003,11.529273616144721,79.33067238462685
606102,11.794598829377193,79.29149843601327
606103,11.468646299790278,79.44904298220416
606104,11.609351105521453,79.27971610315859
606105,11.42211584399892,79.26364298531053
606106,11.427928589600745,79.10636174148904
606107,11.696964980551646,79.27764295746145
606108,11.493350706052695,79.04024957076756
606109,11.547922621104146,78.9906606286596
606110,11.4653324438527,79.3165337521545
606111,11.425026836313139,79.19148544407561
606115,11.683445351695887,79.3651548822245
606201,11.669644524499649,78.85855254293578
606202,11.736773422031323,78.95545757030217
606203,11.6679288592557,79.0622658194673
606204,11.619581479164848,79.01538367620961
606205,11.826893933854132,79.08358785893648
606206,11.75676586361606,79.06887981953803
606207,11.790173410741152,78.83827466763162
606208,11.826385164785705,78.93566735516553
606209,11.798734653473765,78.71804795365885
606213,11.736192231241228,78.95976245958936
606301,11.564700403564117,78.887000846135
606302,11.526201838617325,79.20589295044492
606303,11.455660696407396,78.96942933910643
606304,11.521650854204813,79.11713188186074
606305,11.63667174182374,79.16498586647336
606401,11.929504013096425,78.81902255840232
606402,11.936605885208262,78.9096010808869
606601,12.22943322108752,79.07314290748157
606603,12.213468361629888,79.0420061709639
606604,12.276720537893219,79.05083998461204
606611,12.244743549190686,79.13952965771996
606701,12.321626209838355,78.75394449015387
606702,12.352939294061706,78.99301646579848
606703,12.198597849449849,78.71020639379331
606704,12.277438789322739,78.93258200528646
606705,12.35889125389161,78.88675961562261
606706,12.187860177952427,78.84147398644076
606707,12.16559097156995,78.95883370171914
606708,12.073457456816454,78.83211379958317
606709,12.270800587097828,78.80176843145188
606710,12.395284769029859,78.7802495069047
606751,12.43018523303585,79.11946719565434
606752,12.331924825801964,79.16818008387715
606753,12.117292411691853,79.01307765040926
606754,12.108362769397294,79.24086143007028
606755,12.16765603267986,79.17161129170377
606801,12.484342205504019,79.34290258158914
606802,12.383436723176045,79.0787815662231
606803,12.52106524551085,79.10924058919011
606804,12.11056498829401,79.16716832270333
606805,12.31906486392867,79.08087579664121
606806,12.076913889440847,79.1228200196588
606807,12.476465510090753,79.38979018863897
606808,12.142255729804344,79.08842729440669
606811,12.082297740880733,79.06997685619592
606901,12.473109244342501,78.97315080417924
606902,12.468623253136428,79.2572733076922
606903,12.631586206931818,79.21557635189528
606904,12.46260667454095,79.1887411211256
606905,12.651508804692293,79.11656881518569
606906,12.456821696784651,79.0398862451705
606907,12.578256412684704,79.17694283504262
606908,12.418706226815484,78.97478415688701
607001,11.756305675408658,79.76772498201615
607002,11.747428146939807,79.74915826860881
607003,11.696519903689673,79.72212365227551
607004,11.723343582272129,79.7218053717411
607005,11.659636058689497,79.73908219813524
607006,11.77222622952335,79.76270642957364
607101,11.811503715993092,79.4675325972675
607102,11.715348621951724,79.61946480327802
607103,11.686076615128046,79.54092544034208
607104,11.80023871142817,79.62621161556537
607105,11.763914463595453,79.66110210997888
607106,11.75733884371615,79.53151127012502
607107,11.839267778723706,79.42658074422084
607108,11.818145265375325,79.50967102399649
607109,11.779340810905861,79.70258330912127
607112,11.803259404214824,79.59147565341691
607201,11.78926310576749,79.2018256546058
607202,11.726214677135054,79.18268647906707
607203,11.876666395180624,79.37252376910305
607204,11.750178448319645,79.40117778882104
607205,11.830414382412924,79.54841493510666
607209,11.853770920095238,79.32639591716767
607301,11.63002856201184,79.65861779281971
607302,11.576287521722403,79.60876744618372
607303,11.563314209188075,79.55143543332666
607308,11.623766641569505,79.55725849437395
607401,11.734473412826638,79.70323394414979
607402,11.815219271134088,79.73325061872947
607403,11.825021074418192,79.78690593710265
607801,11.596144988812311,79.51179918624885
607802,11.535353654402904,79.46934162524464
607803,11.61482191588043,79.48412677594489
607804,11.56563580696261,79.39603404466997
607805,11.649524740858682,79.44666410168583
607807,11.585517901445938,79.45961483844364
608001,11.402678909850305,79.68980671961492
608002,11.39263945525251,79.76432276681781
608102,11.445257264851906,79.74456166042653
608201,11.403140700320666,79.5847333598498
608301,11.278750528845661,79.53829190944788
608302,11.321777821236473,79.6394551755052
608303,11.305474769992822,79.58018431020703
608304,11.205775666630172,79.51297032043117
608305,11.359012828791991,79.57796028225194
608306,11.223680126982838,79.56673143011186
608401,11.341454746184636,79.68675999886003
608501,11.501787106652612,79.70601842876442
608502,11.50513208729129,79.75052013911026
608601,11.480944669527496,79.63798149271395
608602,11.409620488613772,79.647163093587
608701,11.360132648400729,79.48409121084208
608702,11.41774054720286,79.51345121846788
608703,11.41334744634312,79.40237314611828
608704,11.479455269086056,79.55419259119053
608801,11.586171271596449,79.72035787708828
608901,11.357946842225264,79.32357271849216
609001,11.094583575223451,79.65491123494265
609003,11.09722042401052,79.61810412881997
609101,11.337125695775876,79.79035193957333
609102,11.313776518527737,79.70906284002514
609103,11.150662108748323,79.66676974848892
609104,11.278249622814911,79.7636985989989
609105,11.148202113711086,79.84539162623274
609106,11.20714199266456,79.81500077873065
609107,11.1384837670519,79.80354641839793
609108,11.28734401825044,79.6982280075199
609109,11.19141064754158,79.76260379074758
609110,11.231658593622948,79.73062677213231
609111,11.245717717692434,79.73730169036422
609112,11.184780685857273,79.66147657105641
609113,11.268802889561734,79.83048923585159
609114,11.169430729997112,79.8104302579078
609115,11.26029460060107,79.80139387277836
609116,11.24698604307781,79.68273620985832
609117,11.183333920628609,79.71656049345994
609118,11.136050809826015,79.69302667060131
609201,11.217296152541095,79.66124053300791
609202,11.193021568138624,79.59190698136283
609203,11.141872582000689,79.62584530598765
609204,11.166410947689847,79.55276446229098
609205,11.230856564646917,79.62563166709131
609301,11.103944791952745,79.81117132212329
609302,11.061677633044848,79.70947602699245
609303,11.01329938738582,79.81881779605663
609304,11.129614008403838,79.73460664325627
609305,11.100519865601303,79.68808596215167
609306,11.021463142368598,79.73212546827985
609307,11.02970172617291,79.8314674277699
609308,11.01639177339475,79.76523882934757
609309,11.080839190778113,79.74426481261415
609310,11.036091978744668,79.79242689766133
609311,11.071506046442046,79.8109628029952
609312,11.011061057933773,79.79581006217627
609313,11.042414435065622,79.84919157765067
609314,11.077830185124121,79.69140701637241
609401,11.05344052489148,79.64034310353836
609402,11.03446211111731,79.68962246014421
609403,10.989028733572232,79.6760586450313
609404,11.020129490684042,79.64256848578334
609405,10.959784391265803,79.6427383477856
609501,10.933034721295964,79.53906505752366
609502,10.899358613706372,79.6631862782668
609503,10.932143626342238,79.64916713939402
609504,10.870962722663515,79.64245277104428
609601,10.940151578867942,79.74093838005008
609602,10.925252059026564,79.82662535783602
609603,10.97354067477664,79.7696406429327
609604,10.897019637593818,79.81386516541824
609605,10.943426643531895,79.83860099831531
609606,10.866943935170394,79.8381894853895
609607,10.925399880450586,79.77684028603836
609608,10.948233685144775,79.70374031602711
609609,10.976782087611705,79.82465163529164
609701,10.86666944222949,79.67180592990545
609702,10.877187133247627,79.74585058477903
609703,10.865366955434682,79.79759066529934
609704,10.863177323255533,79.7105332229323
609801,11.068313169539636,79.55374311169844
609802,11.03203384557126,79.51057198408829
609803,11.037910989622855,79.52343775877485
609804,11.065877756747057,79.49651305116984
609805,11.012209789761071,79.59568328253704
609806,11.080340000155385,79.60008166214554
609807,11.139270609459235,79.51686805500155
609808,11.047896429473903,79.5829543013404
609810,11.051158116013639,79.53112126865915
609811,11.133708726392868,79.57829618551301
610001,10.77851882130379,79.64176319762016
610003,10.780823309344493,79.66314148824095
610004,10.771731216057137,79.60242111882411
610005,10.830992643242789,79.6207086376634
610101,10.819617436227167,79.6906446567203
610102,10.73323044796364,79.56750077774369
610103,10.71892011839845,79.63397993696049
610104,10.802251817211305,79.59236248618053
610105,10.892029329120435,79.5955235542875
610106,10.721243227268968,79.67071466298617
610107,10.866215125839531,79.55924354274462
610109,10.75168297849157,79.6253504851607
610201,10.628694495578143,79.66686631561689
610202,10.676671538025488,79.65660286890966
610203,10.608617990021555,79.65029970400248
610204,10.621716258984563,79.73121451510826
610205,10.6525644509189,79.62852928285679
610206,10.681513587938602,79.58718432629861
610207,10.658446077733599,79.706510689341
611001,10.772971466395887,79.83921851051544
611002,10.822729677665858,79.80180056280336
611003,10.796291548577432,79.83937545423824
611101,10.755881593056088,79.6931275167406
611102,10.702934195563895,79.81190611508389
611103,10.632667127083785,79.77393758144161
611104,10.773173214528098,79.75575680099261
611105,10.759607135849171,79.7197904773752
611106,10.746682043294696,79.8361564947571
611108,10.762184439242187,79.79653500345606
611109,10.698681672828515,79.75291681372495
611110,10.618765626886152,79.82127220153419
611111,10.68098585562755,79.83732224625
611112,10.550254200256465,79.83699114092877
612001,10.961584033197493,79.38589439298329
612002,10.974669865685442,79.37363180254033
612101,10.997305031042766,79.48879639773277
612102,11.039123625585065,79.46098536913809
612103,10.986777355474281,79.42237876576252
612104,10.992352515848182,79.45324685945616
612105,11.024695250629543,79.43392584096726
612106,11.085071395283785,79.52296724626149
612201,10.965085554541416,79.53215368191395
612202,10.950559140243422,79.47190328477241
612203,10.992514537439886,79.56607418616693
612204,10.961623629707471,79.4340715104623
612301,10.992070738227056,79.30471693693406
612302,10.954731081875353,79.33096074717261
612303,11.003739140865655,79.34270996365615
612401,10.942773873720988,79.40840242595769
612402,10.916569669803451,79.40227659009045
612501,11.010356477810891,79.38477564994943
612502,11.13288232276776,79.46218583918564
612503,11.049969728403017,79.39997118766794
612504,11.08931194343793,79.45709253754565
612601,10.854440055917063,79.46715546068336
612602,10.914464166716344,79.45375208183228
612603,10.828491920934331,79.54822104338776
612604,10.87712474994674,79.51278265496731
612605,10.88108311853418,79.45842453867421
612610,10.827817418058862,79.50530569283278
612701,10.895397309735458,79.33463778568164
612702,10.952792099347029,79.35310978722883
612703,10.928255010880546,79.35268647963615
612801,10.82855871729845,79.40699282852817
612802,10.84764697611324,79.34559786164677
612803,10.732471657255166,79.43327007670122
612804,10.880957494190637,79.39504423630135
612901,11.192613487558724,79.45024960760124
612902,11.132644515224607,79.3961389102436
612903,11.239415018625134,79.46773556574705
612904,11.089284051685548,79.3455789210438
612905,11.182513208482128,79.42532355996123
612906,11.288394027476636,79.47071661090813
613001,10.782761355667919,79.15269176717307
613002,10.801305435356564,79.10703243046936
613003,10.828036597943193,79.16662036505996
613004,10.771341355998914,79.09087839184521
613005,10.74093623100592,79.11234359094165
613006,10.70990624497592,79.14149033401533
613007,10.768995319015682,79.12441655872047
613008,10.799192805878828,79.13603264254036
613009,10.789133952157982,79.12620349651755
613010,10.747534398719258,79.08951957276633
613101,10.84171035558421,79.03578125530281
613102,10.810620091826408,78.88265655018257
613103,10.858680401479914,79.07663368788626
613104,10.84855554624466,78.9622934851171
613105,10.874710303095426,78.95239538907512
613201,10.880752868798647,79.13079584349312
613202,10.859102201964207,79.12521021192497
613203,10.88080244861086,79.04867348155037
613204,10.90841862718391,79.11540383083307
613205,10.840628890913568,79.10324378239653
613301,10.589372159353566,79.01977257463457
613303,10.645651667284282,79.07084418902825
613401,10.723225460531506,79.01073737192799
613402,10.718397048978465,78.93356913604464
613403,10.716239956080294,79.06198660392855
613501,10.784916015097455,79.20203127235085
613502,10.771210587898436,79.24384679191473
613503,10.771385255004356,79.251163164397
613504,10.786924210717485,79.28320563939819
613601,10.782652051565428,79.04727915405641
613602,10.78417441949313,78.9722227091281
613701,10.784087932691316,79.56017624590014
613702,10.752909883775203,79.50731604809593
613703,10.781653453621466,79.49731419697711
613704,10.756806895377633,79.58873889987817
613705,10.823456336284469,79.46898819566685
614001,10.66728562336322,79.45430466089016
614013,10.702840152642015,79.371549900494
614014,10.682046899568018,79.44216172431844
614015,10.552022176695663,79.42279580723546
614016,10.623979735439955,79.48013166842112
614017,10.513281376340652,79.46484093489072
614018,10.616631197684754,79.38617822771431
614019,10.70674301702281,79.2832632386727
614020,10.569446886378524,79.47143895661107
614101,10.688005707012431,79.53655664902769
614102,10.695450455080186,79.50572866502803
614103,10.731433873039139,79.51031504596234
614201,10.890315235454207,79.19487805101659
614202,10.921671863443729,79.18383798014915
614203,10.949979915886198,79.23155556292026
614204,10.91037624325237,79.23981185651895
614205,10.925787037112109,79.27630841134979
614206,10.874279339443088,79.17009243666915
614207,10.923495945225268,79.24426110500328
614208,10.925827675109817,79.30802257699929
614210,10.910874271358667,79.21884101691919
614211,10.89383535480027,79.20705430375315
614301,10.839160581762942,79.23959492237337
614302,10.876128710749763,79.28384845025494
614303,10.873175807543907,79.22046022424688
614401,10.803218716759991,79.3410530975225
614402,10.766421364308565,79.31961584289998
614403,10.760421084460305,79.363690793161
614404,10.783770323424452,79.42506837506689
614601,10.432524855569495,79.33011708358733
614602,10.40456635863837,79.29312766758267
614612,10.20182338292886,79.20814587756311
614613,10.398299334231702,79.40335432287038
614614,10.499524387837095,79.19468957019873
614615,10.482376820029772,79.26948072561588
614616,10.158679086234365,79.04127204378818
614617,10.01910177951328,79.2186677946677
614618,10.065483558898128,79.08403973523824
614619,9.993912964283112,79.17591250218943
614620,10.050613136178514,79.20717397507183
614621,9.945268026765337,79.12087797094827
614622,10.258681879997765,78.96832625360469
614623,10.31512523050255,79.14786947782436
614624,10.271320913040245,79.06445963859875
614625,10.621868207608498,79.28132625056232
614626,10.536924350128523,79.28661671075022
614628,10.40218114737077,79.18630432427493
614629,9.923985141876795,79.05997170733728
614630,10.115471703925163,79.17581686315745
614701,10.333729175228509,79.36157592612712
614702,10.494570820161504,79.55134262390763
614703,10.444585184099942,79.61043786918772
614704,10.368162417271327,79.4773928801032
614705,10.48812971360991,79.50677844495225
614706,10.426568391998787,79.55238088736705
614707,10.350535349858818,79.77030731376254
614708,10.609637053810403,79.57151066102293
614710,10.54688525183377,79.55239641947408
614711,10.536406304078799,79.70840557751296
614712,10.54830496082653,79.77305675426616
614713,10.528598905024104,79.63951354923927
614714,10.363483833998766,79.68121245721684
614715,10.5591344808546,79.61354286722893
614716,10.464502576032531,79.67815253707563
614717,10.616251123555838,79.53126583620612
614723,10.296662609217263,79.30798873646341
614738,10.346945122961953,79.57483943279144
614801,10.209933794713821,79.11047860508047
614802,10.270126625744552,79.26223436679676
614803,10.347504546545517,79.27673065567647
614804,10.28651111518206,79.19768202379936
614805,10.194433011989702,79.14403104808727
614806,10.463986368687507,79.749027061693
614807,10.31102385427079,79.84046377203671
614808,10.441014447935492,79.80599662310573
614809,10.444345743801856,79.84087364881172
614810,10.368608446771447,79.8450694434877
614901,10.506730266214339,79.34552883735233
614902,10.605126869898763,79.180304693047
614903,10.473964102021377,79.4251138170508
614904,10.690163364921435,79.21274067165818
614905,10.565343854511822,79.34603290273333
614906,10.459649495893526,79.36752606692092
620001,10.798075650225789,78.68350133597775
620002,10.832289795541799,78.69979340285222
620003,10.831662456760805,78.67016072069106
620004,10.788127048171605,78.71861147951202
620005,10.849202392417338,78.73807394330912
620006,10.868340030118368,78.67119643829395
620007,10.742715773033208,78.71731075876411
620008,10.815783506018548,78.70219161724846
620009,10.726444607690006,78.58726726697198
620010,10.822590814531917,78.73913224036662
620011,10.773258389764807,78.7405299965207
620012,10.67725014287056,78.63603616607783
620013,10.81502046845165,78.80696777077439
620014,10.767942816233903,78.79233708013207
620015,10.743596829555948,78.84115391354969
620016,10.746656502211875,78.7706389239715
620017,10.812698146512519,78.67560731619659
620018,10.826289481326986,78.68392839367182
620019,10.799543598788935,78.74800445705151
620020,10.787953470025977,78.69481869660463
620021,10.750146847497058,78.68286948589936
620022,10.76960565903704,78.80628890342817
620023,10.777264555347244,78.69528687768944
620024,10.687147384658502,78.74357596887077
620025,10.685891461603413,78.78949595751467
620026,10.726236273273054,78.75781613856499
620027,10.745702641925666,78.59534914897702
620101,10.857144710461654,78.65908019783409
620102,10.8142820122599,78.62702620526143
621001,11.172515044274506,78.50771878273328
621002,11.241020533299489,78.66118436224679
621003,11.240532489587748,78.45041524272845
621004,11.107793100226363,78.64972458129523
621005,10.963713665676973,78.69654698193827
621006,11.018253982005108,78.6247368609559
621007,11.053543014168294,78.68948782283711
621008,11.202520761140821,78.5610223982652
621009,10.961622832355904,78.66942327057328
621010,11.155598179040291,78.59773381367796
621011,11.306219475459926,78.57075913610974
621012,11.324501180111989,78.47602636300006
621014,11.083122089154498,78.59340756463449
621101,11.231788722937791,78.74203887865674
621102,11.315643088003688,78.77342119586928
621103,11.3581895482919,78.72832246845985
621104,11.139010601500187,78.7791386974155
621105,11.01341794327438,78.78588378102299
621106,11.104227193505707,78.9396110450081
621107,11.248018308028742,78.8068785337217
621108,11.376600323888546,79.0449777745973
621109,11.118175867517095,78.84030786075395
621110,11.39824080605069,78.67633808089501
621111,10.948978285303735,78.78835512444608
621112,10.932997469612312,78.74083578581497
621113,11.179983201807701,78.90836672340352
621114,11.104376766613614,78.70944840216237
621115,11.321849193254538,78.94118499071794
621116,11.371643667211517,78.82839016099875
621117,11.413732703426861,78.90508637408452
621118,11.165275161527621,78.72308843879796
621119,11.473301294690506,78.85353460069496
621133,11.337505353684376,78.98529638329096
621202,10.939254487959468,78.50058159581467
621203,10.9887233613408,78.29454156591423
621204,10.936229658369536,78.56576662898576
621205,11.052351309495487,78.4883908466817
621206,11.098687621620854,78.53368014489462
621207,11.015340698980985,78.21932260541033
621208,11.05379558439622,78.38726435043014
621209,10.975459900565776,78.38775589808695
621210,11.17025270811151,78.4359749732869
621211,10.997631592371386,78.4535376966942
621212,11.238756075654917,78.86197027689965
621213,10.914419255852442,78.61633235695585
621214,11.121369227562907,78.42209632205056
621215,11.035659972497013,78.31087520218142
621216,10.884399745044519,78.70083339125777
621217,10.997239008708425,78.52891347532089
621218,10.880709873132862,78.76729672153152
621219,11.29754891078333,78.83568089186467
621220,11.24327527309899,78.88424209412001
621301,10.758553334783683,78.21377228043093
621302,10.535343080654705,78.29701075921793
621305,10.485501209479173,78.46004631764167
621306,10.637119556877352,78.43007429753405
621307,10.646713431374007,78.3565360537739
621308,10.43102140070059,78.52158647573472
621310,10.470959836699024,78.36140629108368
621311,10.632280959396093,78.19109948254783
621312,10.618137106899756,78.47353244611917
621313,10.738904916286087,78.45922808322118
621314,10.374034892585048,78.35613916486886
621315,10.562897729038657,78.24815237757637
621316,10.586310901850151,78.53984449297805
621601,10.873570089994088,78.8195899224918
621651,11.008436042120032,78.89786104679125
621652,11.033937072971511,78.96046237448157
621653,11.056863999181415,78.98926484613507
621701,11.05640807699271,79.2307257032213
621702,10.880236982347947,78.89450439804152
621703,10.85934351495524,78.88632701926463
621704,11.107268322869828,79.09154899357408
621705,11.167616660370193,79.15141019986159
621706,10.892015981246464,78.8691373643837
621707,11.031798309620271,79.0793984411013
621708,11.218400523510798,78.99279393051235
621709,11.339686214223747,79.15297398316785
621710,11.273115606435692,79.23140810211453
621711,10.94425162116794,78.92064341895944
621712,10.938270118918053,78.82560887714754
621713,11.166069645846864,79.05852234832555
621714,11.267452281325292,79.16188831393164
621715,10.977377293271875,79.13815717503466
621716,11.293225751766036,79.0972210987835
621717,11.323641336527984,79.04940179547873
621718,11.215783098238553,79.16152926343054
621719,11.337072138990582,79.2332984929982
621722,10.902958465098644,79.00313709628404
621729,11.136663538584594,79.1109541321674
621730,11.367802477740884,79.19829088202499
621731,11.126846442749244,79.17665042909458
621801,11.334874265827603,79.37376762117944
621802,11.205584833338676,79.36955066529241
621803,11.279117104134235,79.38246124952751
621804,11.15809708101818,79.27492323891458
621805,11.325854453542684,79.42494936587985
621806,11.247084220812233,79.30437557330521
621851,10.936223767720682,79.02860128596099
622001,10.38114271138742,78.82043235375946
622002,10.401606477130702,78.6775460544462
622003,10.355562689092439,78.80511405906735
622004,10.431005896791214,78.85069507046575
622005,10.384923114156008,78.80892257465254
622101,10.470434848737522,78.73306300627354
622102,10.532492993615307,78.62880463454452
622103,10.471660151431603,78.66189297253187
622104,10.414386942440357,78.67731988035486
622201,10.262411270515644,78.90131260937564
622202,10.168029425239897,78.91949025515447
622203,10.517747776969262,78.94296423244033
622204,10.020143596281814,78.99532893146102
622209,10.16232529849517,78.84126049589689
622301,10.393760555557005,78.98935266201264
622302,10.498909258610711,79.11680299706819
622303,10.356672010646662,78.88923004519617
622304,10.372441697076091,79.08354500918894
622401,10.336415267452123,78.56110304034294
622402,10.31655504689252,78.62844652218416
622403,10.239005921578453,78.4981944552477
622404,10.339395556449883,78.71935710224011
622407,10.275304983654001,78.55033610802909
622409,10.24061167358516,78.64894635217675
622411,10.298965202394776,78.53063940735643
622412,10.30464777234487,78.68682159587364
622422,10.341873596062936,78.76900850160266
622501,10.479560793467261,78.81171875320162
622502,10.607272581723945,78.82727171323793
622503,10.18621151706773,78.7163625408763
622504,10.58332228644265,78.78571780145644
622505,10.223998883910063,78.78199901916346
622506,10.266704697497024,78.81691660328823
622507,10.251686002231766,78.72719264346786
622515,10.652392879775258,78.70334102969879
623115,9.226607327869862,78.33623899753138
623120,9.177966703417129,78.434357545133
623135,9.132958596150681,78.36188349239391
623308,9.877648653745027,78.95986466493927
623315,9.82479507912647,79.02255034708826
623401,9.736311427676036,78.78787400140116
623402,9.797244856128538,78.87274632402263
623403,9.707014930717637,78.97702393617244
623404,9.823505573561244,78.98274201612612
623406,9.847092132847623,79.0721942696403
623407,9.749876094153324,78.94356755904084
623409,9.783535813876975,79.03121366862383
623501,9.372180024502567,78.82241437251108
623502,9.369200342605405,78.79698316331549
623503,9.35338926378011,78.86572070048283
623504,9.37822170636125,78.84523063601918
623512,9.350398762159328,78.97070630946124
623513,9.424425614095489,78.88222582571318
623514,9.482748251849808,78.8795205362674
623515,9.227385986304826,78.71933556875469
623516,9.28353967627208,79.04101264695728
623517,9.269682839357795,78.76844882261136
623518,9.243907249969181,79.1578128598808
623519,9.279681600649099,79.09511800001279
623520,9.27502172822633,79.12287558642689
623521,9.277208886220297,79.22391122751232
623522,9.38035500984014,78.93535798908566
623523,9.290884274653482,78.91947751769044
623524,9.27768254987126,78.99926226741732
623525,9.61707123311442,78.85848390454925
623526,9.260480352180908,79.33174951116654
623527,9.414518504028779,78.6996317686205
623528,9.215778152354149,78.62159388285012
623529,9.27502114986452,79.26879096417747
623530,9.458721002535551,78.81686845746404
623531,9.54545876565388,78.90108510844459
623532,9.285199543004438,78.83211866142788
623533,9.320084046946347,78.7240785452342
623534,9.304195491175369,78.99107774592206
623536,9.339379454661596,78.90147909256568
623537,9.534779633090553,78.8628670718486
623538,9.711613226339525,78.87562862267671
623566,9.22925092079106,78.7082016451529
623601,9.461364468949572,78.44787762453497
623603,9.350657312762747,78.35460017881988
623604,9.415009791263712,78.38615840873992
623605,9.483833123515264,78.34691433711117
623608,9.566334201275001,78.45664868070754
623701,9.564340266566894,78.59143090043243
623703,9.203986861226287,78.52727879509476
623704,9.331568270219998,78.51282542858817
623705,9.530862257621628,78.7371269655848
623706,9.471181486192107,78.5530045478251
623707,9.549115652814196,78.58368743557016
623708,9.355783709470309,78.43612020951257
623711,9.302310825827297,78.63381527262317
623712,9.413712095433764,78.61551652323257
623806,9.229424416306948,78.77429457661924
624001,10.37374002457797,77.97572543772618
624002,10.363223458497062,77.93014351307481
624003,10.23584910700547,77.98925998971241
624004,10.396356975787713,77.96317974937116
624005,10.424168088952548,78.02275784399836
624101,10.2760560360337,77.52783728048882
624103,10.260757515984633,77.37376038247268
624201,10.14124134616291,77.9216522623953
624202,10.155347219505998,77.744054532486
624204,10.252086702624686,77.74373439716742
624206,10.211162992763597,77.9043111880986
624208,10.1622575339462,77.85078342307881
624210,10.255634170543573,77.64034206581486
624211,10.198591448602418,77.7851927022721
624212,10.339503404825946,77.72146443379948
624215,10.182876186240152,77.87448954482403
624216,10.32060613065741,77.6477644795604
624219,10.102846989806558,77.86491883159974
624220,10.07025244184402,77.76036838032537
624301,10.27897238687693,77.90065317743479
624302,10.267682870211486,77.92797362015925
624303,10.31636849131637,77.9110890964214
624304,10.285229201576877,78.06196501568344
624306,10.357629537074965,78.1148823338868
624307,10.302805267757268,77.96675963582078
624308,10.248539970263922,78.11668825156286
624401,10.230075812591926,78.21523464420147
624402,10.224873474539931,78.28532064884556
624403,10.387045357542707,78.24581030936517
624601,10.455436501448581,77.52510833851143
624610,10.397507384687483,77.50222557151251
624612,10.554744114488269,77.73839205937234
624613,10.483297178413945,77.56916224847022
624614,10.504509591325244,77.64781099603826
624615,10.430784964047675,77.46618455542342
624616,10.632593817420432,77.65819930363608
624617,10.585145033000824,77.50530817000195
624618,10.538810478458668,77.44715926211194
624619,10.459840090793941,77.74810243142855
624620,10.75513590964999,78.07893082812204
624621,10.419637945915959,77.38585623070023
624622,10.439689307538755,77.86621113052966
624701,10.298046020971984,77.82087677794613
624702,10.530170348666429,78.03540357357689
624703,10.681023210134802,78.07474825589672
624704,10.572139477406614,77.83964943814625
624705,10.377342992374,77.82735011438233
624706,10.60670503406406,78.06666063300439
624707,10.30507034125374,77.84847492527673
624708,10.24219871760278,77.83375607113292
624709,10.459849053249373,77.9545419655049
624710,10.553035309793922,77.9414844957953
624711,10.600774117222471,77.93039654573025
624712,10.637426403745586,77.78286699163743
624801,10.471024934794315,78.17725292998641
624802,10.443223834916832,78.09051212790993
625001,9.918277264581596,78.11956351445511
625002,9.938898815895326,78.12874562430271
625003,9.907863042686293,78.08308167451565
625004,9.899629381313924,78.07178254719723
625005,9.866428014312858,78.07053425340756
625006,9.890065764644294,78.04335281143076
625007,9.95516439998306,78.15589523798319
625008,9.861500789737635,78.0214737841575
625009,9.855543014997595,78.15673344307591
625011,9.903657547844581,78.11022326375785
625012,9.87787926441959,78.11690241147625
625014,10.018273782594749,78.15749173056436
625015,9.88411816836226,78.07928291176856
625016,9.930404327926638,78.09362635489406
625017,9.98335279979952,78.11690900040747
625018,9.985761937688386,78.08975233446274
625019,9.937589659383713,78.04452450100656
625020,9.899417481119576,78.22828778385595
625021,9.915477923448018,78.00759771717483
625022,9.798346143329727,78.09195354205173
625023,9.949340158260219,78.18052250884676
625101,10.161266018672064,78.35735626358432
625102,10.082682269926469,78.42641765407949
625103,10.237930207632878,78.36848591328429
625104,9.983654283846954,78.19975618249033
625105,10.109550201636512,78.31508256407484
625106,10.017775575050289,78.33631343986069
625107,9.946744345045534,78.21604878801675
625108,10.100969178075683,78.37762444705399
625109,9.997368331580644,78.41207080845298
625110,9.935031604181065,78.3147960541595
625122,9.987035845881445,78.27742237235282
625201,9.89099222298665,78.20388977069321
625203,10.178786297117874,77.68000911662178
625205,10.06508300582794,77.93344034188775
625207,10.038053971107491,77.9241333863433
625214,10.027337643465655,77.92279695795982
625218,10.134443454614011,78.01597497668018
625221,10.0414088338501,78.01975153753334
625234,9.987108726406758,77.99327779866752
625301,10.057644639526039,78.23708019694321
625402,9.997368684982126,78.05009952660419
625501,10.06231708289029,78.09927124724877
625503,10.123628045029674,78.1074753280509
625512,9.943178012223443,77.61013897779615
625513,10.013435122762484,77.34042731556579
625514,9.949729058908577,77.94353441575356
625515,9.716157517049629,77.37418624674825
625516,9.711117715799631,77.27958529515085
625517,9.89600770384074,77.54309135784264
625518,9.659568095203523,77.24817863485042
625520,9.877705167732044,77.45098445832451
625521,9.724058299920925,77.32931103345425
625522,9.82393649579831,77.28084642852643
625523,10.082078415530983,77.50165117885187
625524,9.86021778578916,77.2869103372207
625525,9.628606614245111,77.2148195106905
625526,9.763345982835848,77.34885468790566
625527,9.854855685284754,77.79377880452473
625528,9.953709995002935,77.31950832848598
625529,9.892936870233925,77.8521205113467
625530,9.8997989055556,77.2826075330644
625531,10.027267675624948,77.46022859922665
625532,9.95927437323594,77.77087106685092
625533,9.80135518574032,77.31374284945954
625534,9.942693628251593,77.45058242377159
625535,9.853289244644353,77.6818010119677
625536,10.02110095662242,77.66252339695474
625537,10.024584082898556,77.83462519350681
625540,9.826450776507409,77.44801452081572
625552,9.891736417030458,77.37511545219445
625556,9.76585617045261,77.30179814369455
625562,10.052374959460199,77.59252516023643
625579,9.698173316359973,77.50167698082083
625582,10.075970710516348,77.31770108594095
625601,10.134727848475432,77.52030624233429
625602,10.143422859304312,77.63863016527417
625603,10.096455931775843,77.59145313481827
625604,10.131582082413516,77.589775833814
625605,10.13796243552747,77.47248371358484
625701,9.689055482915789,77.99910919350572
625702,9.68453859834882,77.84176861046724
625703,9.714495896405364,77.77847691051163
625704,9.792584574486666,77.88057032490622
625705,9.765902246576983,77.7245988857328
625706,9.82633032216758,77.96596318588344
625707,9.687828799107816,77.91506356367812
625708,9.74407760236285,77.89458377079602
626001,9.594593870023608,77.96512560238882
626002,9.622236141043123,77.94240669632279
626003,9.522433631407914,77.94697555964986
626004,9.528069390579024,78.0124648017342
626005,9.574100699832961,77.86297900025893
626101,9.513697374929102,78.09622634941938
626102,9.399262385706507,77.59015352226783
626103,9.609315221302024,77.8429960101917
626104,9.611750745951925,78.10818783798915
626105,9.487821077176292,78.15405681290457
626106,9.67293096962546,78.14930615896809
626107,9.563126933763755,78.1031289900931
626108,9.436320424275392,77.57546971656323
626109,9.607386472691614,78.03035757122096
626110,9.50307499868655,77.56034202064544
626111,9.362940968071642,77.50704179917263
626112,9.485261220370042,78.06555929936626
626113,9.393678190329569,78.1155831685491
626114,9.337968552411315,78.27033409516108
626115,9.73389025699473,78.11020108330932
626116,9.611506923171207,77.6425712903937
626117,9.504423927141481,77.50698533712412
626118,9.418101649640171,78.20475656656386
626119,9.51384543929822,77.88932561104215
626121,9.417774138701065,77.41114182350071
626122,9.383275667812573,77.50378654887572
626123,9.450091299979784,77.78884856863269
626124,9.456587236719347,77.7461745478044
626125,9.560973997180549,77.59610591278
626126,9.596847445040373,77.67893608490968
626127,9.332337688038965,77.67316525012923
626128,9.373456187122361,77.81471730895161
626129,9.529240456581478,78.2276703762559
626130,9.512301632861963,77.80956453064617
626131,9.346529379959875,77.75194023666526
626132,9.646416102285205,77.63559033997676
626133,9.641456646211346,77.58257136869074
626134,9.433558575367812,78.08661943892481
626135,9.496249215231055,77.6480501712488
626136,9.364607641292093,77.63311989834007
626137,9.441420943620102,77.6447419834601
626138,9.569183913151663,77.72909379786476
626139,9.371601598917724,77.56087155068417
626140,9.287977584062638,77.73095371777791
626141,9.485376601464816,77.6908769375458
626142,9.449198954465905,77.4853761812047
626149,9.659876441692077,77.6991855013092
626161,9.49668173621722,78.11706741285084
626188,9.399057386250139,77.49920341341841
626189,9.430397345474091,77.83812565736862
626201,9.28481218630549,77.82395683970532
626202,9.332866334833215,78.01723864181191
626203,9.352661022950889,77.90991068243315
626204,9.442143278981813,77.96432403338798
626205,9.260149650103518,77.94037129404319
626607,9.61449230368279,78.28619761369873
626612,9.590303488658455,78.35253040788845
627001,8.732090798332175,77.70738671510095
627002,8.72535399264805,77.73992481351945
627003,8.73294175992234,77.72268900129681
627004,8.719473367080171,77.66140554238946
627005,8.701092252464573,77.71469618690665
627006,8.711443025070599,77.67932949126019
627007,8.658117115194251,77.72909120402868
627008,8.742703667631837,77.66730410057426
627009,8.722451843882132,77.71314441907114
627010,8.73349119231046,77.59748219517004
627011,8.682271682898557,77.77611777577562
627012,8.772629176763253,77.62380878002573
627101,8.421739407959292,77.64675440449133
627102,8.469910168707308,77.59406697687389
627103,8.445329581377223,77.61495246810213
627104,8.204906987119015,77.75655091241238
627105,8.269443259907057,77.5823516699611
627106,8.190787455730298,77.69165331847104
627107,8.46821881490774,77.55983307922477
627108,8.486611533456497,77.67461609430683
627109,8.314307357540724,77.5967075929251
627110,8.430121970643293,77.74109832004946
627111,8.249875310402583,77.71829066222374
627112,8.319442136243376,77.73190681010267
627113,8.357899268706904,77.68038934263855
627114,8.194897573007053,77.59255217365781
627115,8.426229600451643,77.52530151799985
627116,8.24601599557893,77.6246257089969
627117,8.378934238600648,77.61079488633459
627118,8.399869015196971,77.78761375864369
627119,8.387335638595824,77.75340040771152
627120,8.157233323192457,77.62469706132627
627127,8.148246820997386,77.59709455572707
627133,8.292313198221525,77.55825054815162
627151,8.59188559972577,77.71940436537447
627152,8.584439996742326,77.65441734689814
627201,8.860302241189512,77.63221903088454
627202,8.923079486194023,77.61822759940203
627351,8.775161168055257,77.8105365708906
627352,8.870573194455323,77.76444332723227
627353,8.75060517857962,77.75516498482747
627354,8.577203908474875,77.76811455997047
627355,8.489093916922457,77.79538003590899
627356,8.660656650606844,77.67801671292241
627357,8.829900410949046,77.70448014478569
627358,8.772898492276028,77.68683303119606
627359,8.799665432219056,77.7616251050292
627401,8.708352181953048,77.45476579603215
627412,8.791715689828477,77.30171039677539
627413,8.736368584332826,77.45408548040707
627414,8.63167783890891,77.5600166315508
627415,8.85084317117348,77.33809121993315
627416,8.65858606409556,77.48249679775938
627417,8.682764416667847,77.53662548502467
627418,8.759519982285026,77.39130144156147
627420,8.603140584594243,77.35885194358174
627421,8.649550656068245,77.41529616068401
627422,8.695893313487362,77.39767088480684
627423,8.79980780977329,77.42418967696585
627424,8.816156296493181,77.31682059286877
627425,8.70553754278142,77.29243483362545
627426,8.704221103788898,77.51030380688364
627427,8.56266616401909,77.33437434992118
627428,8.715319572039348,77.42269321142537
627451,8.668792895731809,77.63805734278397
627452,8.653226642917595,77.61343152073069
627453,8.664927952649515,77.59103215468105
627501,8.534015585288415,77.48476220982283
627502,8.552482948816538,77.591657083264
627601,8.753733814323958,77.53190177484424
627602,8.77623053115502,77.50073652976317
627603,8.733878752829028,77.5432073846233
627604,8.699633544062225,77.63982459156678
627651,8.302681304297609,77.89648560863871
627652,8.393264468969395,77.829554139973
627654,8.30760140241297,77.80227064349579
627657,8.310680460289072,77.84135714044335
627713,9.225582550802828,77.74398149037725
627719,9.244117621049984,77.64242852476123
627751,9.113601728006428,77.31964980726914
627753,9.279573600327716,77.56399245972253
627754,9.182486624577885,77.6184959032987
627755,9.181809525118226,77.47010335029391
627756,9.178803503183083,77.53394166742196
627757,9.335795447167143,77.43036225459292
627758,9.229276754598025,77.43522420206406
627759,9.093525114188305,77.34533644722315
627760,9.27593762655713,77.35968751365193
627761,9.260073745088969,77.49491822763396
627764,9.298770840055951,77.4586491430519
627802,8.918817666020303,77.25291737655252
627803,9.018376156769108,77.29000640173562
627804,9.024760711988105,77.32649653272206
627805,8.968863707551511,77.27772292029395
627806,8.939362327804888,77.39922832395249
627807,9.046902330478147,77.23268387007222
627808,8.890236033008648,77.38941299801586
627809,8.963012958081586,77.23067247642545
627811,8.972397308832802,77.31527021738121
627812,9.051816253484285,77.2651673998961
627813,9.00841369654906,77.1943256481675
627814,8.922474754428691,77.32205887847607
627818,8.949394504543104,77.29814520233212
627851,8.832162463976733,77.5173738063618
627852,9.001467045507967,77.34475858164598
627853,8.879908427836671,77.52829829908332
627854,8.923740836544845,77.54677157319385
627855,9.185751829704527,77.37205382087967
627856,9.016051976621863,77.38650146596594
627857,9.057628623047757,77.44826582884474
627858,8.97213936820623,77.3882611805294
627859,8.991190791740376,77.43575058819252
627860,8.996071671084424,77.53542630316541
627861,8.928836953931674,77.46148178078931
627862,9.110651315160888,77.4838917800712
627951,8.988205097100813,77.65159163935907
627953,9.08967932563932,77.59243687116187
628001,8.793952308949823,78.15071033413881
628002,8.839330026286461,78.11632656761698
628004,8.75732461869265,78.17301006783346
628005,8.732122962639586,78.1221269118673
628006,8.762564628284105,78.11784146635122
628007,8.735311009710475,78.1239939971189
628008,8.79663567121117,78.11204155262794
628101,8.78004804579897,78.07959702680435
628102,8.753936991055378,77.98900190544667
628103,8.74680696638196,78.05099581632001
628104,8.809748445230962,77.94780557524481
628105,8.907646544625475,78.14386662162498
628151,8.624639916570624,78.08717966673423
628152,8.683647300378508,78.10723865486871
628155,8.640907793877652,78.1183636021453
628201,8.553600210287108,78.05637909093377
628202,8.56341160381788,78.09396039511435
628203,8.418375941976821,78.0126562749873
628204,8.564791285736357,78.12266333808802
628205,8.519702610956204,78.04924488461349
628206,8.420856834094206,78.0567139114909
628207,8.598434962796196,78.04685272723019
628208,8.45851595451812,78.04098273917711
628209,8.373700136898695,78.0545527606485
628210,8.469115595368477,77.98918980020173
628211,8.574999344644425,78.03043940447463
628212,8.572843751386788,78.04138127878313
628213,8.509284450955242,78.03099154718947
628215,8.500577853215246,78.10759453167265
628216,8.5196578079975,78.11713059425175
628217,8.530138688510357,78.09962765298125
628218,8.535233135780508,78.05083163485108
628219,8.471175220786632,78.04939935174468
628229,8.594063636553983,78.10733214130356
628251,8.692990959174015,78.04285985838487
628252,8.73086972614696,77.85487615010261
628301,8.85788228856985,77.96682642422087
628302,8.890427812128024,77.9208220808973
628303,8.846659159113802,77.87066411659846
628304,8.822873570326331,78.02687029242645
628401,8.92935144320058,78.00566054248743
628402,8.873742593097203,78.03988093919735
628501,9.17469370320056,77.87842054995092
628502,9.18555229375952,77.87142460439391
628503,9.154051608103844,77.82710272541014
628552,9.089081066101127,77.69753410637884
628601,8.62954747159029,77.92273364099606
628612,8.606137488514793,77.94779689893598
628613,8.526778264607708,77.86216991919157
628614,8.595630478448538,77.97253535507024
628615,8.637960197666864,77.85580157886129
628616,8.571079271668909,77.99047670621567
628617,8.550879920467958,77.94935642015147
628618,8.571001341815805,78.01597870321704
628619,8.655775996107108,77.88363662785633
628620,8.652918068749743,77.94029739302806
628621,8.612225161607364,77.89983181023818
628622,8.593817605789273,77.8396899383438
628623,8.60091697463103,78.00160882236032
628653,8.382486065975833,77.92513717814103
628656,8.354030678058601,77.90210018471919
628701,8.505738345745028,77.92002162178755
628702,8.423675343798298,77.95434882475007
628703,8.364398298704458,77.98256066556993
628704,8.445126790328422,77.88663398983937
628712,9.05034879119728,78.08602515815038
628714,8.97599302352863,77.88271548979581
628716,9.085456489992035,77.8045016761997
628718,9.001921957744946,77.9633084657184
628720,9.091275757691795,77.91257613659134
628721,9.139679171556976,77.75608570078653
628722,8.955119532339303,78.0948576237409
628751,8.664833420108703,78.00667250724152
628752,8.634323186338603,77.99924227344411
628753,8.638829840514317,77.97481888914852
628801,8.634052059640519,78.04559749147079
628802,8.652421485869576,78.04401623000251
628809,8.664635415829355,77.82327185331822
628851,8.72400591656613,77.92051952449295
628901,9.080302291411753,78.29636128333615
628902,9.168872445451802,78.02959789388501
628903,9.00742013677522,78.21370925164231
628904,9.241314396774953,78.13227733465098
628905,9.301820924948347,78.18472347704065
628906,9.071963533688788,78.3427156138748
628907,9.134158216887634,78.20984421642586
628908,9.075047448024263,78.0038170513962
628952,8.965797397419623,77.7579102280584
629001,8.198655412254992,77.42530933030443
629002,8.163468887409865,77.44066655265348
629003,8.204474293701805,77.38786632083783
629004,8.158369668632037,77.4040291625977
629101,8.45437078031578,77.24302793964156
629102,8.518924927278915,77.30895688511455
629151,8.375488714196091,77.23626102750546
629152,8.400794829473865,77.20408844090022
629153,8.324927937634024,77.16097443111182
629154,8.272294849976772,77.15270209720309
629155,8.293300523332645,77.24512972673126
629156,8.23951277867283,77.26281716898806
629157,8.246977692658406,77.22805980561103
629158,8.288228322362874,77.26687275212892
629159,8.204171661721947,77.24525728247635
629160,8.295529574103467,77.1239975871031
629161,8.426501380674509,77.32516453912591
629162,8.290383952044797,77.20103843507984
629163,8.328726809864465,77.19618353386817
629164,8.310944340243514,77.3576750364043
629165,8.2949597584831,77.22696713767388
629166,8.284587612931006,77.30116118699627
629167,8.26246328137332,77.28323504637862
629168,8.340796043011725,77.22231630072106
629169,8.26794929845102,77.25271361841672
629170,8.373035028140771,77.16675704359214
629171,8.274866389057985,77.18877434891617
629172,8.302826524072238,77.16555126152998
629173,8.250865022962723,77.18098943676458
629174,8.243272854563868,77.29676227997903
629175,8.240069454478649,77.32446490281535
629176,8.261013827904529,77.14525514649011
629177,8.324921471874834,77.27775741913831
629178,8.216649246399625,77.22131260296612
629179,8.308277816429653,77.2436632409622
629180,8.246395944453152,77.36568335956034
629193,8.226503065607147,77.19384102550598
629201,8.159993783409531,77.37680016631235
629202,8.131184998407974,77.3253404450125
629203,8.15596233944455,77.34222961988448
629204,8.156728324136072,77.32194850276093
629251,8.183233580325373,77.25074065982248
629252,8.161917021719976,77.29527595169607
629301,8.260416090951127,77.52660492553112
629302,8.217181660345492,77.49818492303291
629401,8.145646387400841,77.54896609132582
629402,8.185694190598833,77.5164526386713
629403,8.14808294848683,77.5050748077033
629501,8.127458486907242,77.40854637212382
629502,8.132432941646334,77.35692903751999
629601,8.12146470444568,77.44188250251466
629602,8.10456412673169,77.46576821191863
629701,8.096299144763734,77.51166462868646
629702,8.099377463651516,77.54362263856444
629703,8.119608071966269,77.52225260977642
629704,8.146069787782524,77.47599441671191
629801,8.180737388765419,77.35947019809979
629802,8.197223632349345,77.3093076686543
629803,8.196591860441163,77.2765763500975
629804,8.219155618979846,77.27437961750236
629809,8.198896296068188,77.34259359295017
629810,8.20812155774,77.32699791894241
629851,8.37060189939498,77.45050133119022
629852,8.264020295504615,77.42571051885547
629901,8.226360273816649,77.44232908338651
630001,10.061983600301518,78.76535054901052
630002,10.095942339643289,78.7681249339058
630003,10.081820653584519,78.79351930874508
630005,10.036246923611653,78.74205788630847
630101,10.154162711151953,78.72456279856901
630102,10.14572144476383,78.77399491839374
630103,10.180575566480318,78.77755865369356
630104,10.099345184517185,78.82519097021354
630105,10.193390059188378,78.80297746910412
630106,10.11293276547578,78.79773901745858
630107,10.137875340751261,78.80104694013971
630108,10.070318390887754,78.89863072339843
630201,10.1802992981335,78.53254977013356
630202,10.046556186119435,78.81488886765
630203,10.180659033126943,78.5922222200685
630204,10.049358073092082,78.61929763380955
630205,10.1993203955301,78.65020812188764
630206,10.119343185581508,78.69645217055849
630207,10.098933663127221,78.66062038804017
630208,10.121785627197559,78.73517766545535
630210,10.069583877010954,78.56584239683778
630211,10.113608691225247,78.5472418795284
630212,10.157857798613401,78.64515838211467
630301,10.011781381216476,78.76796320929702
630302,9.947004400665502,78.83731560678281
630303,9.951733731430982,78.89221409907353
630305,9.979141998503511,78.69109517309609
630306,9.978867790052977,78.7481324578605
630307,10.067571179543734,78.7102396074348
630309,10.339283547023737,78.42996508889203
630311,9.90548740181287,78.7865056256221
630312,9.855997130453387,78.87128889434918
630313,9.999171148865226,78.61742314143062
630314,9.991225175880139,78.8184301765667
630321,9.908112697892555,78.70394758109606
630405,10.241947022667274,78.57461980232972
630408,9.817338412334896,78.78580686963157
630410,10.309957126490982,78.47483526819462
630411,9.856059587566973,78.74034409781768
630501,10.168074038313089,78.47452946553945
630502,10.209109961488299,78.42886032400868
630551,9.823789801404452,78.65512925029246
630552,9.944294465068989,78.45107713027735
630553,9.99804149328656,78.51206322558522
630554,9.752647539292312,78.66698942171278
630555,9.914208471411504,78.61149715733404
630556,9.851739080640106,78.58056485519737
630557,9.92554423886014,78.5149013190975
630558,9.960159918781113,78.58250755719361
630559,9.792637449188916,78.40550454496153
630561,9.848503322344627,78.505452132145
630562,9.826422485701704,78.44977473040518
630566,10.04314933195588,78.50801825306371
630602,9.75256871947993,78.3951796882526
630606,9.70557418662143,78.4768192472341
630609,9.674168015354025,78.45229256636652
630610,9.732734462014356,78.3269436355677
630611,9.769622842709722,78.24414293590013
630612,9.81119753577442,78.18714723589986
630702,9.618133962883165,78.62527257245766
630709,9.675748665499132,78.6397120018184
630710,9.629045461978993,78.74798901186645
630713,9.701067586703962,78.73175523215727
631001,13.085931359384096,79.66740800681536
631002,13.045625843717199,79.63740905862755
631003,13.133918177849317,79.6658427915825
631004,13.086841222867388,79.6995251366
631005,13.076561697406142,79.6575337438597
631006,13.06660446272094,79.6890457757607
631051,12.967376612838958,79.64572620080101
631052,12.936715379747213,79.56212450966613
631101,13.116971977703091,79.5789856682613
631102,13.078382232435157,79.42313795760116
631151,13.024592572251827,79.71970513996405
631152,13.04282702406569,79.7487618857687
631201,13.246224033054249,79.66996002695313
631202,13.249557085768846,79.45644752886638
631203,13.115950047371543,79.85024210751013
631204,13.206566173890176,79.7314374326545
631205,13.169159500736972,79.52330708162302
631206,13.235170464827917,79.53896364113133
631207,13.321851113313942,79.46594775250384
631208,13.281768838907807,79.49432034610545
631209,13.196942987223727,79.60525931563268
631210,13.121812874721279,79.77046317632661
631211,13.14594438087874,79.59495498922546
631212,13.256866818767742,79.62794087526429
631213,13.237925234789675,79.59500280660266
631301,13.166201177302792,79.3948850917726
631302,13.108341317971108,79.36429708703912
631303,13.145425838384183,79.44641677350873
631304,13.188818857509885,79.46225326713657
631402,13.027104511017217,79.84050982179332
631501,12.826385658252716,79.72513983196886
631502,12.849491173945404,79.6798668834346
631551,12.870859018010819,79.60825550724418
631552,12.91454874690982,79.72097329050538
631553,12.970050635497119,79.76769546182588
631561,12.872649094212592,79.77800252885217
631601,12.79796078864844,79.75936466584346
631603,12.708938269561662,79.78076289540971
631604,12.860327173938577,79.88025207772942
631605,12.787941637942385,79.81228720522554
631606,12.763959276728865,79.86194287041566
631701,12.696118316818565,79.641633704689
631702,12.7341781933609,79.69815296296714
632001,12.899690359445312,79.17463762733036
632002,12.883287158347075,79.12686208734466
632004,12.927551848027528,79.13184706592786
632006,12.951370764770992,79.12126590210485
632007,12.99444605882563,79.15057171000949
632008,12.928944163211929,79.11739520409769
632009,12.939181601352752,79.18239015742849
632010,12.916833755054794,79.08492279840192
632011,12.843603899431487,79.13598726742471
632012,12.926029954795105,79.14707787878223
632013,12.922521586580196,79.10636440097531
632014,12.972604834069411,79.16501557460391
632055,12.873477777950455,79.08590926810619
632057,12.843252565738746,79.17975111956551
632058,12.843756547693896,79.10605275129205
632059,13.011277277042712,79.12020302031392
632101,12.839071569636971,78.96996165471785
632102,12.710959712097143,79.0287545460642
632103,12.730881624053916,78.9048664423358
632104,12.922187649633877,79.02618528925868
632105,12.844163492258113,79.03807742323318
632106,12.99840757744282,79.19213422508325
632107,12.761484177344597,78.84736252076561
632113,12.787618666729008,79.06783678181526
632114,12.907259570001544,79.05021126260058
632115,13.016704559271643,79.21309693256445
632201,12.96042887943851,78.99168814580685
632202,12.997706683003601,79.06012569096944
632203,13.00533760142567,78.98393725413453
632204,12.975525641563173,79.01997322596954
632209,12.96917734936761,78.96070792801811
632301,12.666914548633464,79.28172163527414
632311,12.735209616050058,79.1342363035449
632312,12.761749325058254,79.10933871757362
632313,12.545028541708689,79.34425156669825
632314,12.725888954107942,79.23831025064862
632315,12.701224825309247,79.17293896184118
632316,12.630655521454825,79.2925402273955
632317,12.692792223969361,79.31429015362632
632318,12.665009167383907,79.39844480555517
632319,12.775467737173889,79.18996163886102
632326,12.568907477182432,79.26413649214867
632401,12.9305687437024,79.33496543203505
632403,12.956592595063698,79.3093858717383
632404,12.940648760345056,79.3183820435603
632405,13.011891204602582,79.31220844036295
632406,12.973747532708044,79.29166027426297
632501,12.99120833411755,79.38800351784108
632502,13.019490688859275,79.56829547851926
632503,12.867259572924741,79.354047718615
632504,12.757206857391436,79.31939888195708
632505,13.0236279991361,79.47556310105242
632506,12.783284426885718,79.41096733373091
632507,12.837633281292264,79.24377838464099
632508,12.921035502876341,79.456920122523
632509,12.89359108269322,79.26057667145945
632510,13.092959979266592,79.53142293313593
632511,12.838625247120056,79.49095857081494
632512,12.80232234408326,79.2888228211053
632513,12.922558230053362,79.38884871372908
632514,13.118384411797583,79.27141864441464
632515,12.99798849500393,79.2657085614829
632516,13.055274474550526,79.22019173762466
632517,12.93134829637783,79.23596906923616
632518,12.71545723476612,79.39008035290705
632519,12.981711005885302,79.23177120729638
632520,13.070550492722491,79.27873423271343
632521,12.865910950697666,79.31768144355304
632531,12.890105590119406,79.51610333905211
632601,13.0250458953706,78.86664100856154
632602,12.945006159885994,78.86835625408997
632603,13.0557370916361,78.97100896638078
632604,13.007044470112257,78.7871355241737
635001,12.53954846074579,78.23678062560404
635002,12.524381607477775,78.21949204147093
635101,12.459629578212198,78.18989363254539
635102,12.286098889937582,77.69006474743684
635103,12.822230612962247,77.868436380319
635104,12.541739040992557,78.3811845639282
635105,12.79090755761123,77.98735692223359
635106,12.408242601238078,78.1336082163773
635107,12.466837564590037,77.79086857649784
635108,12.517893795603722,78.29503888506007
635109,12.739525391641594,77.84133327569971
635110,12.65003351102468,77.8002502125307
635111,12.320687429072743,78.19497796077297
635112,12.394988900620815,78.21717625727965
635113,12.570423214970447,77.88124523859867
635114,12.640657080583118,77.73635127535569
635115,12.611656682734251,78.14862713390264
635116,12.512034802563957,78.02661557522836
635117,12.668661258429578,78.02509773882603
635118,12.574126785136796,77.64516570793204
635119,12.605178639985482,77.96432024590935
635120,12.621709328266155,78.2786155114702
635121,12.727071841493517,78.1463064549847
635122,12.521287947391766,78.1103444641635
635123,12.301323117649549,78.26062589839646
635124,12.855600567227615,77.85260034733143
635126,12.762830633066898,77.80597734075023
635130,12.71227638001005,77.90192815554676
635201,12.287437723130648,78.32827832234422
635202,12.200049488148851,78.28211921759235
635203,12.435137534073581,78.35560061922597
635204,12.380868828378619,78.29255070701065
635205,12.243790583276931,78.20065259713579
635206,12.349281734134726,78.37465626374507
635207,12.283492568186352,78.53909650250307
635301,11.96441007036685,78.24573263831357
635302,12.040340417787796,78.33834209629711
635303,12.097373421800045,78.27920006337088
635304,12.239233438269242,78.41924054264815
635305,12.12002726462037,78.39115828115499
635306,12.344111492412027,78.48771072320066
635307,12.26156386030119,78.62129475564143
635601,12.495988015516488,78.56277499817116
635602,12.468641461183411,78.55429692692304
635651,12.526312134224941,78.4992256351446
635652,12.398381974934862,78.60493099622266
635653,12.474258273001052,78.62354940197183
635654,12.424285465810934,78.48615400485556
635655,12.4163747300497,78.7027157565508
635701,12.634787413576113,78.77761630784778
635702,12.525428873438697,78.66914889571456
635703,12.54409395302359,78.90975055052016
635710,12.553086218885387,78.74863374755257
635751,12.676627211113091,78.64065152125467
635752,12.640946973059188,78.6798413624521
635754,12.729861837495045,78.60214129310299
635801,12.674410832726268,78.54609593576153
635802,12.765987249637394,78.7614425014634
635803,12.944759103652428,78.91672382733722
635804,12.845217284695984,78.8695926630339
635805,12.881224020264186,78.77198386499242
635806,12.913254886513796,78.85479174279978
635807,12.72354119654348,78.6912229638138
635808,12.860640945804843,78.7105129494925
635809,12.886513077572328,78.93403351529757
635810,12.95160874927928,78.7004986909795
635811,12.811444029355304,78.65161806549781
635812,12.828445662687537,78.79734836713311
635813,12.895313677000912,78.81620256027257
635814,12.741147553237655,78.72728004686338
635815,12.610759808111213,78.56770599527775
635851,12.578906065482286,78.57509330379303
635852,12.621928767729768,78.51131649748508
635853,12.573695348200719,78.63563359536022
635854,12.584154171404853,78.45746088270907
635901,12.481693907424944,78.46816263052848
636001,11.657434764189421,78.16523490409202
636002,11.646267070263857,78.13671577348471
636003,11.66091775615837,78.1844675743205
636004,11.696108524570352,78.13419362031969
636005,11.664443557466173,78.11237239929518
636006,11.640404432174858,78.15303804036546
636007,11.672275891790513,78.15721374135636
636008,11.710247936706148,78.17569467154082
636009,11.660561456750568,78.13940976098345
636010,11.615898087004487,78.097951252884
636011,11.72650846828985,78.08181916778746
636012,11.748005572468772,78.12370523647719
636013,11.667816216719327,78.02924036288718
636014,11.659634420551871,78.19992466727571
636015,11.614516901497085,78.20266056564331
636016,11.695586159756221,78.14804481752016
636017,11.674751829064903,78.19213405316206
636030,11.672777688261851,78.05628470501625
636101,11.535566568581983,78.79893767567415
636102,11.584884282754253,78.5905410344948
636103,11.668086862775663,78.23974603711123
636104,11.775434326348892,78.40164605274389
636105,11.44934693805705,78.61145858101939
636106,11.673132337397853,78.28116535351056
636107,11.554761916521018,78.4890616721109
636108,11.621098820743553,78.57018826148199
636109,11.646888352546005,78.52745673725876
636110,11.428927845907708,78.52833878536302
636111,11.64620055124356,78.3315688803406
636112,11.616567362269997,78.75356487153212
636113,11.432467953088544,78.46134516811587
636114,11.771715625241747,78.51922081358367
636115,11.64178192097372,78.4097720678958
636116,11.470329418582782,78.75653892865007
636117,11.69072630132087,78.48206841899346
636118,11.48380202447173,78.4332441364865
636119,11.630668965074266,78.47465247331543
636121,11.581231477352803,78.68010861294482
636122,11.726261099228163,78.25999853237651
636138,11.735928143384989,78.62061076104503
636139,11.721384058899512,78.33207033366068
636140,11.643826800454391,78.20518696037982
636141,11.548947755120324,78.57791699654273
636142,11.433331194237457,78.3704711752194
636201,11.603315098359904,78.14373627681987
636202,11.550237200750486,78.35928496259157
636203,11.54571333818791,78.15056467455163
636204,11.573259844596384,78.21986297867784
636301,11.506860769320737,78.1604108780627
636302,11.684782551789654,78.10160550081106
636303,11.8271246327585,77.71469356519842
636304,11.706236602866035,78.0441476191156
636305,11.83184620065015,78.06222046091288
636306,11.649306893429856,77.93687855351803
636307,11.644795348172122,78.06686538660433
636308,11.57522662646465,78.06932217625892
636309,11.784071863606647,78.04981777676127
636351,11.898184292360584,78.08275041523272
636352,11.942092922184125,78.04428141116408
636354,11.907577572991066,78.18107885030072
636401,11.7922081897006,77.80023378387344
636402,11.805069002427762,77.82788486131003
636403,11.816045257575563,77.84440585069316
636404,11.830854281659585,77.85348055215252
636406,11.764136223610143,77.81621654835604
636451,11.839759691133562,77.97315946675484
636452,11.781225849561254,77.78300844636507
636453,11.808118166067556,77.9154952675154
636454,11.771714650659826,77.88617378064686
636455,11.754377528528057,78.02625647125143
636456,11.786751540428401,77.8123241599123
636457,11.746203473054676,77.8560132561825
636458,11.88119222318305,77.89573607890598
636501,11.702134663706845,77.86131548442022
636502,11.703361630334244,77.96702667971198
636503,11.749673400337738,77.96982215503134
636601,11.806315814323955,78.25315429164797
636602,11.83647707363809,78.22037023845996
636701,12.156317342304785,78.15967754692483
636704,12.124011201993651,78.20195872858909
636705,12.107438256238368,78.12405919517849
636803,12.111067914576314,78.04065623148333
636804,12.046188589928482,78.18859572009592
636805,12.419431456052743,78.06169266139543
636806,12.41020891223071,77.96135511724704
636807,12.023938245832785,78.07121139897022
636808,12.302277602767699,78.01884298971574
636809,12.218606187304067,78.04339919033822
636810,12.07341845566456,77.83209128412693
636811,11.985920722082291,77.95035075502369
636813,12.111874496466722,77.96370278253461
636902,12.167277247616356,78.51781197234916
636903,11.971770352194465,78.51883393188587
636904,11.971231871458027,78.37700129523958
636905,11.88878878018159,78.39241396529397
636906,12.109117230493881,78.60076929812416
636907,11.979367443665922,78.6591589772001
637001,11.225738142356311,78.16669297431295
637002,11.18856966070639,78.18393741580732
637003,11.239530576657808,78.1272751613119
637013,11.141144939334406,78.28961935695283
637014,11.357561290539042,78.17676776491568
637015,11.074704298462224,78.15298996999839
637017,11.123536661900262,78.1095871075374
637018,11.372347736125025,78.13000648912254
637019,11.302584658138574,78.15605557890262
637020,11.115989797718267,78.21663841391035
637021,11.161848773109666,78.35259283485831
637101,11.612152471877376,77.8177144581911
637102,11.569978586032015,77.91083567424022
637103,11.533624932223535,77.96842004290608
637104,11.518261537191977,77.74162841248975
637105,11.595113623176196,77.85926430284465
637107,11.614755105661049,77.7640142607754
637201,11.308735399236616,77.941127944296
637202,11.368229749633114,78.01063293302897
637203,11.252034755216311,77.94359771553964
637204,11.152082959955223,77.94253610923295
637205,11.391578981529435,77.95141135554877
637206,11.21001886918881,77.98909558142209
637207,11.176460902439798,78.05503772005756
637208,11.097988780682734,77.94811227320332
637209,11.360974595729436,77.8901839073308
637210,11.260159196447214,77.85672571059243
637211,11.380465496317866,77.89167115428683
637212,11.289616421049878,78.05617963609946
637213,11.156914133297622,77.89238868858892
637214,11.331080201370888,77.84709718426707
637215,11.360588601960645,77.83314000738956
637216,11.377630362424387,78.06743322361237
637301,11.501550772107578,77.87085856791366
637302,11.449336229763595,77.90809709209219
637303,11.470624009026727,77.80014484185433
637304,11.410490414702549,77.85090227943317
637401,11.450057332167578,78.15995530330765
637402,11.38554841253794,78.25696485380021
637403,11.424243469928733,78.11557668856123
637404,11.332020155087065,78.25221698413668
637405,11.234081585207445,78.23566657106247
637406,11.45382802591563,78.28312240018475
637407,11.513239580504008,78.25842699973964
637408,11.470896403534358,78.19991310840894
637409,11.286301819260546,78.2417658045743
637410,11.427356184103745,78.07265413052787
637411,11.244057978938784,78.35134028540966
637412,11.406260250697622,78.21373406650687
637415,11.357179121893672,78.36978770523213
637501,11.521492822562982,78.02547973595742
637502,11.614542253893147,77.99888062772644
637503,11.469260366082077,78.01777940670162
637504,11.568053821791525,78.02002350003839
637505,11.498150089925506,78.09428094787168
638001,11.336934764759809,77.72609633635608
638002,11.312202814075054,77.74344532801996
638003,11.356065279196109,77.73169982627975
638004,11.361642002617797,77.69342803852382
638005,11.387550253889485,77.69703695737999
638006,11.363333882523984,77.75289086519697
638007,11.331909775758298,77.78058569102198
638008,11.386303164631949,77.77023832781727
638009,11.314666324402241,77.70315777862467
638010,11.362609130693896,77.78383518948985
638011,11.33823752734249,77.70311510329849
638012,11.324221769579289,77.680112459325
638051,11.153882938341782,77.59137307442873
638052,11.262704081369412,77.59008039457953
638053,11.288702948010357,77.56419005256355
638054,11.366524959909912,77.46768187725846
638055,11.332723780100885,77.49524410341515
638056,11.232183216719857,77.50462456518217
638057,11.308055627087775,77.53621751964702
638060,11.269969960563893,77.59969442192221
638101,11.155744927531375,77.69857826387089
638102,11.386491989332418,77.64972315396966
638103,11.26576031765023,77.41020663284104
638104,11.225647628814805,77.77802414107158
638105,11.031544011949501,77.72820731504748
638106,10.760003864380423,77.72618014388713
638107,11.331106290001303,77.63947626864575
638108,11.083148906051616,77.66164129041857
638109,11.121208090689484,77.78769135792245
638110,11.328613057127898,77.40168274092602
638111,10.921700364175308,77.70603258571883
638112,11.249359657790091,77.66347859124046
638115,11.225624063157724,77.72636723863768
638116,11.368361907093092,77.5859469616712
638151,11.054866194275238,77.84673919983143
638152,11.130305411527816,77.86312303684967
638153,11.2377673886247,77.82034011036365
638154,11.200299187283314,77.84981769433088
638181,11.109894473773155,77.99373643179692
638182,11.117179551501911,78.0401716043346
638183,11.445056297027369,77.72612491901214
638301,11.459898167770765,77.68794970126298
638311,11.582100149866081,77.72163938006437
638312,11.487187537400352,77.63458611589027
638313,11.489542959230581,77.49792307790925
638314,11.584808048576614,77.649856058446
638315,11.501239045766537,77.5749521999788
638316,11.43794419491665,77.66028562506081
638401,11.651773642627763,77.19580595993406
638402,11.439489798726289,77.21108333790497
638451,11.498911791938237,77.08126537630942
638452,11.461952993010419,77.42441712515021
638453,11.433580881121385,77.39475608869225
638454,11.433606595684745,77.29066699728888
638455,11.421058650019107,77.5529578211883
638456,11.382008599231536,77.40599559364256
638457,11.417146218581324,77.34530561492872
638458,11.355966014307171,77.32923146805767
638459,11.351145704320407,77.13233599115695
638460,11.300434459614053,77.28410498219995
638461,11.680235021039659,76.97815006642553
638462,11.351029237177105,77.2453923897759
638476,11.440430144179786,77.46041795890646
638501,11.750226216267682,77.54261120151072
638502,11.54449080186206,77.5267130996121
638503,11.641274681915936,77.30898931124773
638504,11.678705109454894,77.67489177251876
638505,11.54977586818444,77.46376387757012
638506,11.557349713614098,77.37954148309278
638656,10.739341764464855,77.52799699528548
638657,10.731766271962849,77.44635802570154
638660,10.94043991623568,77.44659318193635
638661,10.770633201614418,77.63016482606241
638672,10.669108428537998,77.45346599132623
638673,10.695542210447371,77.57412861740286
638701,11.010351897586789,77.56735773293383
638702,10.835690365893804,77.39659513194464
638703,10.884964712563642,77.51284214978361
638706,10.84673042742478,77.57953711842202
638751,11.165207110928558,77.49422256192041
638752,11.148114381399386,77.44323476655161
638812,11.195741990498854,77.42283095770621
639001,10.961137167376808,78.08065717808957
639002,10.92633160954628,77.98196853586056
639003,10.899312928553046,78.03155271571788
639004,10.975985693924372,78.13291905565868
639005,10.879050596639464,78.07368369840225
639006,11.008162216222413,78.0692649797247
639007,10.904696590730955,78.11725612281329
639008,10.993584681272708,78.03016888950629
639101,10.859597343602314,78.61839146479507
639102,10.90742243859657,78.2610772659148
639103,10.815893533348364,78.57866411901816
639104,10.940220815625613,78.42116677107126
639105,10.933470217783439,78.34347714683143
639107,10.889981264848144,78.44531222809411
639108,10.931168365127368,78.21436775343746
639109,10.825429306021023,77.99271842943135
639110,10.83016251297307,78.50455092883021
639111,10.972135637330691,77.91632550617005
639112,10.895703794093805,78.49175586895063
639113,11.065049214595655,78.05010208939316
639114,10.930595314795934,78.15915862859325
639115,10.881408433050941,78.57027803639217
639116,11.029189265109169,78.11488391467948
639117,11.058138316276324,77.96460951230885
639118,10.834831625428937,78.12347455374402
639119,10.824320131371103,78.30025298766313
639120,10.82066472772007,78.3898979607496
639136,11.017941289886116,77.99261485762752
639201,10.803332852358412,77.91095198598681
639202,10.8423086422637,77.82788874969451
639203,10.710974119515601,77.98078753603382
639205,10.673361622245128,77.85971091888226
639206,10.943775423624766,77.81783218112986
639207,10.724918219989382,77.88456524378294
641001,10.99507830303762,76.95641040929362
641002,11.011022175811558,76.94903385629966
641003,11.007831762747513,76.93202029591714
641004,11.03161730100339,77.0080799839421
641005,10.9960199237766,77.02718007667228
641006,11.040389548602004,76.9783795512195
641007,10.996958023279971,76.88968057628003
641008,10.954825764848994,76.9535665725658
641009,11.010904265371169,76.96301714252323
641010,10.952373160351957,76.8922556293049
641011,11.023977076240675,76.94346577914216
641012,11.021355615276034,76.96206931641248
641013,11.02033059324412,76.93220353558573
641014,11.038158899991414,77.03583034974812
641015,11.01067862142019,77.02414565826919
641016,10.958243235856013,77.08802584757466
641017,11.094442625923074,76.91723046078789
641018,11.003757716085362,76.97575917325648
641019,11.187453017285899,76.99386781738232
641020,11.151792416483692,76.87977295391644
641021,10.932343489025076,76.98069061518939
641022,11.113269623103491,76.95846560143586
641023,10.96866605599884,76.98163168693729
641024,10.956255021924791,76.97127901769295
641025,11.040424013424259,76.9255648840355
641026,10.983487716843417,76.94289748033738
641027,11.033918824611073,76.96052970992037
641028,11.009572901191211,77.00477779667483
641029,11.065279179338074,76.95002766951293
641030,11.044310553131906,76.94199198216587
641031,11.123668476010305,76.92477049462455
641032,10.849770915669028,76.9644234925152
641033,11.01327482971286,77.03874555763342
641034,11.075546823353173,76.9413515094588
641035,11.089589894289345,76.9955960102938
641036,10.981000888016863,76.99364481015856
641037,11.0156518129898,76.98570913847222
641038,11.031788273233925,76.94309523248235
641039,10.994696076849815,76.92113880591415
641041,11.025114451940292,76.90741591264171
641042,10.938791765796266,76.93274987859739
641043,11.025164304224766,76.95054906070344
641044,11.020110152517104,76.97558105279101
641045,10.996458768896709,76.99163149622517
641046,11.040581318716628,76.87286908073858
641047,11.184718568265172,76.93087103918386
641048,11.080090446840389,77.05695281651607
641049,11.066531741775627,76.97755824738424
641050,10.919309053171174,77.00315393512629
641051,11.051819577554424,77.01797615980324
641062,11.054761261950741,77.07778534105927
641101,10.933150132869379,76.80072037552938
641103,11.022054002502685,77.07860800960613
641104,11.221637512929806,76.84187685963906
641105,10.88685964991005,76.88139992174794
641107,11.135773440639511,77.07041868654977
641108,11.090069596348252,76.82280323838164
641109,11.004550120018871,76.79709191420851
641110,11.141873137348925,77.00324615618268
641111,10.96972985165672,77.01690922601682
641112,10.896650135067212,76.90425203732057
641113,11.208621933629807,76.84912018371463
641114,10.955283189159637,76.71499894245913
641201,10.909332171682628,77.06019572919264
641202,10.840971062058998,77.09892733992524
641301,11.30695013810533,76.94413289405286
641302,11.357006749165544,77.03457721578074
641305,11.31130514462442,76.89156579746934
641401,11.028157201087101,77.16583635273119
641402,11.009125433035152,77.12663926556017
641407,11.087539643591503,77.11955694966363
641601,11.106970107123562,77.34339179107957
641602,11.149004131344878,77.35198424060903
641603,11.133120719815166,77.3279592986415
641604,11.075314094668729,77.42200682109913
641605,11.03352551821446,77.33592480978173
641606,11.095859097336126,77.4293526443546
641607,11.129320022638225,77.38349173998805
641652,11.156129787414736,77.30924616365631
641653,11.246439840465973,77.10243657212477
641654,11.199342976318743,77.27085863367175
641655,11.269813713964963,77.21164365268595
641658,10.946157885662224,77.1801333378764
641659,11.142481272873091,77.15333131692807
641662,11.005340980415909,77.23434043638551
641663,11.087566300709563,77.25335218194746
641664,10.948800729439682,77.3016838646174
641665,11.026082490243487,77.43213788947504
641666,11.19535053509006,77.36187498554636
641667,10.945390784040434,77.37357789729043
641668,11.080864994069433,77.19868745070114
641669,10.878911537532625,77.18385665960746
641670,11.206781509392096,77.1915727514381
641671,10.85205483322984,77.25734438521857
641687,11.081637442275328,77.29965238659648
641697,11.238063118750846,77.03635819499783
642001,10.66352433121388,77.00310362259061
642002,10.698457370653985,77.02294407000875
642003,10.637017303768378,77.05600954104834
642004,10.637831592636758,76.96793746923736
642005,10.692880178660063,76.9225617559154
642006,10.63549695508764,77.00776824751831
642007,10.527414007782827,77.02294795789794
642101,10.434521885531545,77.00636169524067
642102,10.364888609851793,77.27468290095908
642103,10.615088175415115,76.87558715853221
642104,10.59665556653364,76.9223079028944
642105,10.407288697086095,76.9732937205485
642106,10.277357914309698,77.02064480203578
642107,10.62070507536265,77.1143271463541
642108,10.357440759111995,76.97639391116306
642109,10.803488427810493,76.99612698798802
642110,10.74833578028483,76.96605441710683
642111,10.560452312367307,77.33606965133988
642112,10.437009036126597,77.17004660163352
642113,10.552716643832863,77.36663586835694
642114,10.537292783864155,76.96317221523884
642117,10.266996061820358,76.93198931568723
642120,10.744649752764175,77.11171433970289
642122,10.594465174079486,77.17968619268825
642123,10.590537302735587,77.02981990983051
642125,10.316599699078486,76.86147355032902
642126,10.591267223189064,77.24793688889521
642127,10.323301592332905,76.97278750640862
642128,10.579127497482713,77.28729293709463
642129,10.543590145711317,76.89913854083734
642130,10.331499216224266,76.99876155793208
642132,10.549258943199066,77.19235655401855
642133,10.445074001482435,76.87372917046689
642134,10.58149948449899,76.97575677683781
642154,10.546489397342144,77.26373212984566
642201,10.718812114194366,77.28542596735765
642202,10.785809391876281,77.17059061861252
642203,10.624631122484155,77.34186017590814
642204,10.500034133448667,77.33695343308321
642205,10.684376779275885,77.17512046227124
642206,10.732397281183324,77.3318822545462
642207,10.51923536779122,77.09261727229486
643001,11.407004366759853,76.70211046796723
643002,11.423979383127723,76.7581344890781
643003,11.344198894314475,76.68719131148764
643004,11.377754782213042,76.62275721119153
643005,11.46229918988018,76.6677019390507
643006,11.414673365754613,76.67439348019
643007,11.453849376116716,76.702180531408
643101,11.350477901111766,76.8079422126413
643102,11.344147161436899,76.80442499313664
643103,11.377334629754339,76.82128204782525
643105,11.348919886938802,76.77221557413189
643201,11.375653850645634,76.87338049080896
643202,11.370551404328374,76.7616846563372
643203,11.321862676236615,76.68587150688143
643204,11.296446798129145,76.67649962459635
643205,11.518290658607024,76.26869863531651
643206,11.484618531525983,76.74480741594633
643207,11.536615692530845,76.43111484540724
643209,11.303764661499399,76.58737622845773
643211,11.56434319264455,76.50812684138984
643212,11.580343839060232,76.50302526478131
643213,11.324160640090524,76.73859767453837
643214,11.423662704602451,76.8097653367054
643215,11.372821973387087,76.7266010617639
643216,11.451616899105398,77.0029044859035
643217,11.482747167628553,76.89825020000256
643218,11.272031444089006,76.76113687415301
643219,11.235436071852693,76.57187634574365
643220,11.496794762743647,76.30857904675979
643221,11.281341845908834,76.69902878546078
643223,11.558923169431983,76.74207466169688
643224,11.466602728088407,76.54727429644893
643225,11.526677357887431,76.39959840837744
643226,11.411966032715956,76.48804846450105
643231,11.37020869280884,76.78966522633732
643233,11.479175899526492,76.33612476487396
643236,11.410804051977562,76.94183976680667
643237,11.475574018997131,76.62568367608978
643238,11.307277146537002,76.797161303906
643239,11.562566960842977,76.2849260346461
643240,11.599235313860511,76.41024835391984
643241,11.52234684839698,76.36455569491218
643242,11.366170779220674,76.927399544838
643243,11.374711361477766,76.74328817897138
643253,11.533818734050099,76.32797621004323
643270,11.463058226813798,76.38740178554595
670001,11.871564077348655,75.36130355587741
670002,11.877022553741135,75.37304424860743
670003,11.858755944308415,75.38701795959237
670004,11.897864014846334,75.36609264522455
670005,11.90019471622994,75.38541948803098
670006,11.872214477666375,75.39812440857878
670007,11.842482184425863,75.41239864439991
670008,11.894611001973306,75.34500839740942
670009,11.92566929336473,75.32408375808764
670010,11.921052456636621,75.34802384592388
670011,11.927449483765548,75.37286928778923
670012,11.870123478594863,75.38663381986173
670013,11.857828153399653,75.36484215085959
670014,11.883209034001293,75.3535897267271
670017,11.86054939182067,75.37134490369004
670018,11.86920683324851,75.4160020824185
670101,11.756233694870513,75.48603676885055
670102,11.731310826035694,75.51484417241103
670103,11.750650729662667,75.51800016984961
670104,11.75621286370061,75.50080242224575
670105,11.782678442193898,75.4915350165842
670106,11.77349739755602,75.46476796119596
670107,11.771831883480251,75.51051612695612
670141,12.038916004329174,75.36264873933737
670142,12.06348836406558,75.4168599318954
670143,12.024996548815752,75.3268768055155
670301,11.988346941485561,75.30458009905963
670302,11.968022609604391,75.28750885995487
670303,12.036558644309164,75.27316480987436
670304,12.020584158183643,75.24266739893153
670305,12.050429851864587,75.23037140716893
670306,12.159482375959474,75.33325264471445
670307,12.140195043910825,75.23206691054838
670308,12.044716195730711,75.2052779711537
670309,12.077131169848272,75.23145409273312
670310,12.037616856340996,75.19426298704694
670325,11.995545037297584,75.26731359033629
670327,12.101056985762455,75.2416544632428
670331,11.983001201394291,75.34273313933333
670334,12.047575376946925,75.29649259690046
670353,12.204116981018197,75.28675312960017
670358,12.017725467957723,75.25847719271901
670501,12.060204441721554,75.25874294585365
670502,12.078076901586128,75.333607151376
670503,12.084414344998494,75.29777930363862
670504,12.089138667998615,75.26981577591893
670511,12.26862299145839,75.39416326283573
670521,12.192183851046954,75.20824369322719
670561,11.95293422238694,75.35990151315366
670562,11.999154558172197,75.36850749939792
670563,11.995196419010119,75.39577972236037
670567,11.985084230470902,75.36838158395203
670571,12.200079573046978,75.48232674581465
670581,12.164187341834307,75.40231275155102
670582,12.137927184810877,75.51664939358893
670591,11.92182892058198,75.44235546279722
670592,11.938191479108635,75.47186538859984
670593,12.006320168533376,75.5647568907453
670594,11.899439725307648,75.41625300951794
670595,11.947586115319766,75.52284833572118
670601,11.96189199360253,75.41217420471136
670602,11.990453257946484,75.45005731471522
670604,11.936780191322326,75.40964845878054
670611,11.90380657379898,75.50130710906714
670612,11.885175917689747,75.52110985681922
670613,11.879748298482564,75.4598079067928
670621,11.848848894296163,75.44594193347785
670622,11.840544535498763,75.48492482788674
670631,12.048983447285648,75.50993822164959
670632,12.098929520848603,75.56605470565506
670633,12.091741038288346,75.61162290271345
670641,11.77219377718895,75.52868333638322
670642,11.797244511864646,75.52981171298616
670643,11.841045240226487,75.57182582952784
670644,11.816590234738047,75.88092894481326
670645,11.770539840721005,75.99388656045242
670646,11.886094245929586,76.05318753928348
670649,11.779714557633627,75.50294275751023
670650,11.838306478955648,75.70431190697542
670651,11.89538184567815,75.9046441394907
670661,11.795367279630259,75.47217335888867
670662,11.79507656296244,75.4522045389301
670663,11.816692941165236,75.44182951511321
670671,11.74062878561522,75.54576706047462
670672,11.72946105979565,75.5705929418367
670673,11.920378607959154,75.7346660908739
670674,11.914047764541136,75.82112994617304
670675,11.708429132715093,75.58529084029327
670676,11.735911488875919,75.6088299400454
670691,11.80074183708251,75.56635572544583
670692,11.772962294316253,75.59578138689953
670693,11.776215026571252,75.64800262528432
670694,11.765810070448069,75.55815856750776
670701,11.865217433967217,75.58961461461912
670702,11.92895417621356,75.60409431075541
670703,11.987579648857196,75.65675558745028
670704,11.989144847931076,75.75384188934598
670705,12.065939492243281,75.66082160141679
670706,12.048841684435747,75.74329576503138
670708,11.915118170811132,75.54556217156328
670721,11.741451343079959,76.07692901922309
670731,11.732849336345648,75.89738167773791
670741,11.832799852231721,75.50410918598806
671121,12.503336981865507,74.98948421570577
671122,12.482467713255664,74.99228674683125
671123,12.529330731121727,75.0263130594789
671124,12.546903066442944,74.98708911426165
671310,12.175656088693033,75.17640396321566
671311,12.115133400728332,75.17550405334691
671312,12.164711321953247,75.14333025567011
671313,12.248699282096807,75.22522540842128
671314,12.295324217022017,75.20285422154733
671315,12.310390626481253,75.08951274565761
671316,12.380898313837017,75.06649964244907
671317,12.47617549880513,75.01673639433716
671318,12.424693820392754,75.0522430668375
671319,12.446734810454538,75.04142788115152
671320,12.416222757171365,75.10838312666758
671321,12.6007740651302,74.99460622170946
671322,12.694730040577722,74.97187121517054
671323,12.735984440643886,74.93629663024288
671324,12.65617423425964,74.98306049939178
671326,12.319672022264891,75.34550390168911
671348,12.689950000837008,75.00386314361454
671351,12.220076664031284,75.13093198909891
671531,12.365540575169334,75.15623621595432
671532,12.448112549954883,75.31904695009064
671533,12.367113948760258,75.25742429819043
671534,12.372633928584456,75.34653843297632
671541,12.477437488518932,75.17585044177711
671542,12.50575977555205,75.1349077703452
671543,12.563865846046355,75.19743915606252
671551,12.597466678929832,75.08901235451476
671552,12.649266077426317,75.10507578257358
673001,11.25354540255221,75.7790242709911
673002,11.244733346324299,75.78901409963302
673003,11.229482568961616,75.78803452304643
673004,11.256909449560114,75.79125865251297
673005,11.295238690527121,75.76839683517211
673006,11.27450640898505,75.78137055310053
673007,11.240792543662808,75.81245398811862
673008,11.269292339804396,75.86894502119962
673009,11.287017286190702,75.80598480571771
673010,11.300893021818709,75.79423525700558
673011,11.269971791712935,75.7714668935704
673012,11.304572537155854,75.82856730074214
673014,11.240298536867918,75.83395561633446
673015,11.183418427209556,75.80525274245802
673016,11.2613946512477,75.80788097582132
673017,11.27125944945831,75.82227291900502
673018,11.214720985500904,75.7934883801969
673019,11.231451335294722,75.86171109407434
673020,11.28163353083548,75.79054663883532
673021,11.311753437923041,75.75799087396055
673027,11.213644109665521,75.81339823141558
673028,11.203463811635867,75.79739327570103
673029,11.225933878469421,75.8035859926754
673032,11.257805275620617,75.77196175979533
673101,11.595675339201877,75.59142326385842
673102,11.646867279617211,75.56910571544763
673103,11.591817017563649,75.58329939956734
673104,11.605532718867819,75.6191392807454
673105,11.573029845592286,75.6263756713759
673106,11.624285394115015,75.58311320321747
673121,11.607551425961784,76.08142609598741
673122,11.633047972620608,76.09286329684758
673123,11.574478150560193,76.06628852849933
673124,11.676415258262425,76.06140994771715
673301,11.152147241247999,75.8175107417201
673302,11.137137505370559,75.83103218772024
673303,11.339532062751505,75.75060503690872
673304,11.391254079411798,75.731348661665
673305,11.44493118080896,75.69660607696366
673306,11.421808401795083,75.72120188199038
673307,11.48557235663932,75.67668313217514
673308,11.667168852125211,75.56951500905582
673309,11.692381633255822,75.54997375645208
673310,11.727441486518446,75.53957661492174
673311,11.714326960264486,75.53216463563167
673312,11.710800561731666,75.54539505477338
673313,11.705743214596078,75.56336506859782
673314,11.12309726491216,75.84721499469154
673315,11.393008558637241,75.77276200703731
673316,11.689490041031021,75.57462780888999
673317,11.356998138628303,75.76240189828741
673323,11.44164178257201,75.75903083594228
673328,11.15224105751754,75.83998882165292
673501,11.665804388933616,75.59504674222127
673502,11.68051186959529,75.61247582433599
673503,11.672115299941881,75.6350419657995
673504,11.688104929783565,75.65215738095827
673505,11.712258080649221,75.61844875975717
673506,11.7454445112053,75.72109444741548
673507,11.692548170006834,75.72669506140903
673508,11.638718660534904,75.74661952004516
673509,11.731312855159386,75.64888725411092
673513,11.68559130166213,75.81714105819447
673517,11.751515206596391,75.68623816585514
673521,11.549724717570387,75.61581368565375
673522,11.515457915162642,75.6314429824745
673523,11.53177716799061,75.66806115114656
673524,11.54910469212888,75.71501651784281
673525,11.565627004180893,75.76519340563678
673526,11.574552365699994,75.81343708757485
673527,11.537343283620684,75.87156036983556
673528,11.602100709399359,75.86803763331403
673529,11.485319650187625,75.6326097841641
673541,11.593537400025795,75.67443702083239
673542,11.633319147371008,75.64333374538582
673570,11.293216615777903,75.87438311753122
673571,11.305232104595232,75.8754144208415
673572,11.37636259455111,75.90403275635558
673573,11.440197214337571,75.93956000242011
673574,11.4731483283382,75.88758259070974
673575,11.633773042142117,75.9670403756903
673576,11.544392061944892,76.02067518287902
673577,11.531921462858378,76.135938888005
673579,11.8084082307803,76.17121822553553
673580,11.44833078246306,76.03426328937033
673581,11.55354258462851,76.21259005230738
673582,11.365103410750583,75.96839262787321
673585,11.365333379390727,75.85633051596308
673586,11.496485636461802,75.98639900328004
673591,11.671858484544899,76.15771691251112
673592,11.702397962463742,76.29628735964708
673593,11.615233653565744,76.2092636728874
673595,11.626530934287878,76.35471054525742
673596,11.728139399752129,76.1567725531656
673601,11.31041742846598,75.93587886388836
673602,11.308293772979468,76.00067026253772
673603,11.403013980420111,76.04942555605686
673604,11.364719513146888,76.11403484699524
673611,11.331424309621223,75.807518438351
673612,11.456460362700394,75.82740782867315
673613,11.40458728076143,75.82344219653162
673614,11.494767835753086,75.77934923865384
673616,11.360083873171373,75.80042051587857
673620,11.471321762297784,75.71651203679495
673631,11.172645360792838,75.8373191577075
673632,11.202498726405427,75.86415291270758
673633,11.201315641601095,75.88734006468519
673634,11.152898287585106,75.88834944017962
673635,11.13568418311183,75.88490463115002
673636,11.118632051793439,75.89570868213168
673637,11.186275822870414,75.91431499942183
673638,11.139352865503911,75.975344176421
673639,11.244872822311489,76.06647048167794
673640,11.23567898680549,75.9346484275624
673641,11.18226513423146,76.01480691814055
673642,11.131135565752608,76.03544938485317
673645,11.232596704728682,75.98160205885554
673647,11.147739681468014,75.94517984029177
673655,11.200407551964592,75.82458189268813
673661,11.263694410468586,75.94585364827907
676101,10.914679880043701,75.92785538012872
676102,10.84606208706162,75.93645523951844
676103,10.930035709217051,75.94630041965318
676104,10.906847947865158,75.92587058351674
676105,10.89574794704084,75.91432655958286
676106,10.957786778606941,75.9478342987473
676107,10.92018218717448,75.90980941898626
676108,10.860088020728986,75.9562604805584
676109,10.92727498958767,75.89585673184986
676121,11.10569483186879,76.1224621208598
676122,11.122788765765279,76.1467434620427
676123,11.16738279096103,76.13197047060002
676301,10.894792009679843,76.00387696234601
676302,10.985623503932825,75.87919605174926
676303,11.043238670765907,75.86721269442207
676304,11.057308537504467,75.97573012335639
676305,11.081863636762028,75.95167578380305
676306,11.055078285482248,75.91582365592173
676307,10.959393948938501,75.90669589859215
676309,11.017420944956912,75.90435092014849
676311,11.061257049894994,75.8929198738771
676312,11.095025564806653,75.84891477519989
676317,11.09731354631923,75.90248175138973
676319,11.077011169101093,75.86171246888233
676320,10.992594738524838,75.92224351400512
676501,10.993878141385922,75.97296361998073
676502,10.892056990293728,75.89404884992732
676503,10.993805391056293,76.03024235850958
676504,11.018578871173887,76.07360699501449
676505,11.040525428476313,76.08767195605412
676506,11.038528360366483,76.10421789247201
676507,11.023789562324584,76.12086976647294
676508,11.008415543049631,75.9478697508337
676509,11.07884544098517,76.11272050751984
676510,10.964689872323962,76.00408816750362
676517,11.085187426534837,76.06388124873772
676519,11.057270480088949,76.03327972341536
676521,11.098058209586304,76.20218290642062
676522,11.097933489890023,76.25037626353446
676523,11.132040648577531,76.36423470417793
676525,11.177641331031468,76.34592809610112
676528,11.028575746747487,76.03046916009924
676541,11.225293222992901,76.13093436402814
676542,11.257157517155182,76.1731205444315
676551,10.927975474328116,75.97552760614062
676552,10.905837785378074,76.07187179921343
676553,10.942920365235937,76.05742097051619
676561,10.838525359659192,75.92052510035393
676562,10.832458812037132,75.90370705158182
678001,10.773158996937946,76.65942414170084
678002,10.79917063440203,76.6406317247581
678003,10.79103576929021,76.64770372510262
678004,10.768683156544649,76.6140212192032
678005,10.790012811520521,76.67598565007538
678006,10.78679332809525,76.61531737152008
678007,10.763261748343314,76.70594693182134
678008,10.824651421682459,76.65171780241471
678009,10.886289120155137,76.63560208906094
678010,10.79003260135421,76.65698643009958
678011,10.797433475788226,76.65431290618638
678012,10.78627291583251,76.63674251193652
678013,10.760475579081746,76.665304816828
678014,10.77072310474894,76.64974285639646
678101,10.688208640744492,76.7971013069125
678102,10.676592265115863,76.70915173594192
678103,10.678000651360842,76.7542376741522
678104,10.692946671141724,76.7255563122635
678501,10.685922956262889,76.65784070455452
678502,10.669376182745815,76.6163410548578
678503,10.670131660199717,76.67755637938004
678504,10.638642029491033,76.69647272846491
678505,10.635778875523291,76.65457533335022
678506,10.592127408191093,76.70174623735308
678507,10.597856227567942,76.78512185850987
678508,10.525899292572673,76.68035444037528
678510,10.550364122324781,76.57495496135606
678512,10.652558081095405,76.63866328133392
678531,10.701079916248785,76.68643716075303
678532,10.648527364915493,76.7263270681953
678533,10.647877887263954,76.86555455402957
678534,10.653364239482398,76.7892814498473
678541,10.649703482200753,76.54180041953387
678542,10.63090830680379,76.54569049749021
678543,10.668833919890238,76.50652625746933
678544,10.681597426541618,76.46947140757372
678545,10.63427294348422,76.56231844065238
678546,10.666446548123762,76.56448837956833
678551,10.740091202477677,76.69417075185163
678552,10.724141442038814,76.73643296097323
678553,10.721003396707134,76.78851006499926
678554,10.728158792421278,76.81860923424473
678555,10.725604185632482,76.85979772756937
678556,10.776915662730755,76.84532734118997
678557,10.796821384688657,76.84986439284887
678571,10.74347842471266,76.5800350919508
678572,10.76970410001696,76.5490928552107
678573,10.75493556412059,76.51879983750811
678574,10.73372849109743,76.48859634940334
678581,11.107621374539546,76.66004479736667
678582,11.10497020442625,76.49910299078509
678583,10.983285747537638,76.39088425102393
678591,10.983258471235384,76.5979467935833
678592,10.876009491446847,76.58608750701475
678593,10.97191751317359,76.51415535142891
678594,10.816043422120028,76.60241601010854
678595,10.932567799764884,76.4748357611412
678596,10.894484673480486,76.54776074308795
678597,10.933200963410165,76.55347317029234
678598,11.013223067568218,76.52712311871139
678601,11.055505911870569,76.37217651179994
678611,10.79099308164733,76.5773318542466
678612,10.806746360903556,76.55380797646573
678613,10.79755869162164,76.51004940936339
678621,10.825128255299033,76.78109595245249
678622,10.759815195899673,76.76504622143273
678623,10.831137901322125,76.74062331398372
678624,10.8419319466542,76.82704937161847
678631,10.863945501501057,76.51515696111176
678632,10.900812302264791,76.49083001542738
678633,10.876352240088996,76.444424082016
678641,10.832587412955306,76.48917907966879
678642,10.798675640685618,76.46915984034561
678651,10.859383896566515,76.69671816846812
678661,10.419770544584038,76.7751524047212
678671,10.700845173161229,76.6313932866295
678681,10.645618376540234,76.59208962676358
678682,10.623810542593958,76.50470020352834
678683,10.584512817841931,76.44577063308527
678684,10.539221593364124,76.47951450237834
678685,10.628269873594146,76.47237556819904
678686,10.608814490923104,76.45099057943949
678687,10.642758940249827,76.44644846547801
678688,10.625066208091031,76.62725495960758
678701,10.733582570894354,76.64739775297565
678702,10.702676201421351,76.58772224914169
678703,10.61315514574929,76.58161350221627
678704,10.60534704400834,76.54666114286115
678705,10.59479716525085,76.52090538256874
678706,10.492680695429554,76.55011231304096
678721,10.712195166532997,76.54006564061069
678722,10.709585385670186,76.49995586217531
678731,10.80661379690054,76.62295843288018
678732,10.800464182735217,76.68978257480616
678762,10.969839099232196,76.4434292366312
679101,10.776496039578525,76.38401016948556
679102,10.798959647513328,76.37406819750474
679103,10.765831121316578,76.40754989582695
679104,10.774225311738816,76.36252044486855
679105,10.753309197946674,76.37704157442897
679106,10.721905003641213,76.3947018748683
679121,10.78035354510732,76.25311024194384
679122,10.804611077814888,76.27804243902914
679123,10.757190663269945,76.25843177143263
679301,10.765337964872705,76.43398809401653
679302,10.766683523531675,76.46707434995841
679303,10.8198789391496,76.17212491283861
679304,10.862742422973222,76.12419380624837
679305,10.832495385271617,76.11648638383146
679306,10.819383085904846,76.20392313198477
679307,10.865226760954366,76.1851473974643
679308,10.87780114590938,76.14864186211592
679309,10.894199440226474,76.1796872769742
679313,10.795682890480707,76.218370499475
679321,10.979068558403812,76.1693557526697
679322,10.974318253604618,76.24887265515335
679323,10.918762384989908,76.19032605469326
679324,11.036147099669213,76.1571273889813
679325,11.032265789629758,76.23628999309071
679326,11.058797017781936,76.29496104231043
679327,11.133426369838721,76.28410264276592
679328,11.194419101300749,76.22054808697601
679329,11.298662377771599,76.20740572620329
679330,11.282580714144332,76.37483716504754
679331,11.369722730754582,76.30869016582852
679332,11.239514515942748,76.35067296335805
679333,11.363550908227433,76.42606392296283
679334,11.411822529068324,76.22835452482181
679335,10.87060124469558,76.27459394113289
679336,10.835031430446149,76.23908679776527
679337,10.880523418868878,76.22726768404561
679338,10.94670135521228,76.12610673286878
679339,11.198423788109718,76.25996734157634
679340,10.917922362553004,76.23895563242355
679341,10.971105341354297,76.31651149687114
679357,10.93075699196664,76.28714908519827
679501,10.825544360289634,76.35677780562446
679502,10.856141511509763,76.35295725818911
679503,10.876455883201064,76.33818503731126
679504,10.902134222878036,76.34211432080181
679505,10.836001406558083,76.30555816404303
679506,10.902614388331477,76.29679636279982
679511,10.798024098025348,76.41182876696877
679512,10.824640734623818,76.41528090467692
679513,10.932030921620338,76.40389235574037
679514,10.89219206160502,76.3859058597296
679515,10.85105577898386,76.4063133005399
679516,10.82787539551547,76.44430493335543
679521,10.766851668705142,76.34717389879816
679522,10.794983483026577,76.32335474535998
679523,10.766163658309443,76.30695998343184
679531,10.738537828507422,76.28884202494841
679532,10.755987838141861,76.22602146738271
679533,10.765645670320628,76.15124097045285
679534,10.792148474355223,76.11781465589604
679535,10.736648428971542,76.14903836530405
679536,10.748032859945017,76.08920750018429
679551,10.81200223102123,76.05745953935038
679552,10.773449782609559,76.06015546099694
679553,10.831881916158007,76.04723476794192
679554,10.825500600184121,76.07794217414757
679561,10.678748858881333,75.99731459130955
679562,10.661080214483071,76.01046231051653
679563,10.645415674583214,76.02078332220998
679564,10.68062867877563,75.96661953670498
679571,10.863425014947007,76.03663863148718
679572,10.858833238790595,76.08672827678322
679573,10.836937020587348,75.98583063149012
679574,10.727969294825934,76.00488013144609
679575,10.714397640250539,76.0210109046045
679576,10.78104353978268,75.99292314641062
679577,10.780705301397202,75.94036322250057
679578,10.79745444294074,76.02996091072683
679579,10.724191779832354,75.95102429545011
679580,10.702190831623753,75.9801425536342
679581,10.737945937123108,75.97652222377818
679582,10.821081106141767,76.00657186559921
679583,10.781106369283096,75.91832645964142
679584,10.762125030089752,75.9641172289298
679585,10.752370046251189,76.02528994218996
679586,10.75619499857,75.93133156584958
679587,10.718333372603484,75.98103349991905
679591,10.728447731961765,76.05014849315658
680001,10.519132830738611,76.21657944425094
680002,10.54026762853981,76.19904563101737
680003,10.531001223137965,76.18537044064733
680004,10.52160342871986,76.20361585610674
680005,10.519964430633575,76.23536886759946
680006,10.502251661896318,76.2337592310126
680007,10.49794994982776,76.19834508643062
680008,10.546698579979013,76.2288463648863
680009,10.553628219723267,76.22462505276569
680010,10.562010916880345,76.21462020390864
680011,10.52821733434278,76.19735180664439
680012,10.507646965814736,76.16528640310273
680013,10.568959920131242,76.19695174565169
680014,10.48980701229321,76.30931523607698
680020,10.534409329973037,76.22062445440822
680021,10.515534101887072,76.21035752624034
680022,10.54081075591531,76.21212785886807
680026,10.4973563483546,76.2233029463679
680027,10.472904939952112,76.21109800356527
680028,10.590761235545221,76.27668601872583
680101,10.594894328212785,76.04036816157299
680102,10.600396202743733,76.07037693596489
680103,10.613901190665166,76.04554788442277
680104,10.587232600230704,76.0665488610361
680121,10.345105436080921,76.20540231719934
680122,10.33539480469611,76.17006252849788
680123,10.284746032308243,76.19969560404954
680125,10.365622751702373,76.21130708398482
680301,10.424516781729533,76.25961527172136
680302,10.434518136460044,76.292687485099
680303,10.432208138265798,76.33676239813433
680304,10.428260099071412,76.43119304960499
680305,10.384660294660623,76.27354581384778
680306,10.469587354791132,76.25199198688632
680307,10.301564731878496,76.33065554400483
680308,10.259340519450632,76.359134391424
680309,10.276445285830281,76.32964412941911
680310,10.40122642031798,76.24595094982035
680311,10.295596210943083,76.37804673317487
680312,10.406727092885108,76.3362169837543
680317,10.457282202159583,76.30976879135288
680501,10.640436058413988,76.11699510753081
680502,10.62715176617273,76.10045633169983
680503,10.650056429163476,76.07010105258168
680504,10.614628133850346,76.09242012482022
680505,10.62352183031654,76.02729587059589
680506,10.584463315184633,76.02178536096011
680507,10.557297218376796,76.05434494607799
680508,10.555360164818289,76.09505481115468
680509,10.53641182859599,76.08845509066279
680510,10.520788584866107,76.109654640292
680511,10.570327399170445,76.08256015962233
680512,10.553442578248076,76.02539602799844
680513,10.506934826043672,76.08036557967036
680514,10.538895059017687,76.03281233860797
680515,10.62275399204043,75.99521559519155
680516,10.59888311744073,76.00395375980564
680517,10.624656330355528,76.07204996565311
680518,10.643807965873483,75.9924001042648
680519,10.696904712965265,76.09503166995215
680520,10.639876666089952,76.0356781160078
680521,10.632998878682221,76.04841354199708
680522,10.576637606651788,76.04907157650655
680523,10.652496911876487,76.04603837181111
680524,10.533574814431521,76.0635252022525
680541,10.599025764972634,76.18512501561321
680542,10.685865660127252,76.06183782677132
680543,10.720336604835548,76.07472130376154
680544,10.686992830620662,76.0318870451327
680545,10.577907186858571,76.16421750509876
680546,10.59936498679231,76.13904481421231
680551,10.542757020469056,76.14558434188797
680552,10.569314132501818,76.12754630728094
680553,10.549525889253657,76.17834587740796
680555,10.563405274211583,76.16665740048221
680561,10.435708158622989,76.19631310414479
680562,10.430410790936008,76.22498913381412
680563,10.46612358088218,76.18521942568456
680564,10.414512841707742,76.16535026021648
680565,10.41312408498144,76.13164542229588
680566,10.420881201442816,76.09751882112948
680567,10.394888728813859,76.11341801306939
680568,10.369886686500035,76.11516634561966
680569,10.449170603568698,76.08422355930655
680570,10.428246447186167,76.11812377438132
680571,10.43105835910457,76.14633806209481
680581,10.603829393469184,76.23543134459632
680582,10.663646071729158,76.24183704604823
680583,10.703607378480337,76.27329074364447
680584,10.685260980679992,76.16235150672033
680585,10.715124020280252,76.20772053586478
680586,10.673973478681365,76.3563131992632
680587,10.677489032369259,76.41316730573534
680588,10.736241892560049,76.44788711180988
680589,10.63204630263678,76.30871969930233
680590,10.680034209978535,76.23548273476052
680591,10.71721675478203,76.3132759585053
680594,10.73993794026406,76.41039966407955
680596,10.623823376316569,76.20072889898178
680601,10.632562498356837,76.15654905452743
680602,10.594554565038408,76.10254415755314
680604,10.68276221342853,76.11587703395492
680611,10.505185685924557,76.18221840490689
680612,10.475904011336274,76.12584563792304
680613,10.477343236468565,76.09420991066052
680614,10.481868104202059,76.0653878678425
680615,10.504915780388414,76.05556963550093
680616,10.521123284700929,76.04901192648012
680617,10.49357221314089,76.1008970337426
680618,10.513832062517311,76.19840964650811
680619,10.483728891341688,76.07552039130312
680620,10.494705967482771,76.13475888321419
680623,10.64894623199164,76.20744732005157
680631,10.559192364922618,76.24021842238247
680641,10.454162642848372,76.13924780727616
680642,10.441097906146007,76.12552077936458
680651,10.541099685746362,76.26171770303952
680652,10.561264910645434,76.34454796701532
680653,10.498202364694409,76.4013050088282
680654,10.566129856535817,76.2882356058917
680655,10.528535841743684,76.2483112268424
680656,10.54822818113156,76.28045236237857
680661,10.324694778360048,76.2179103516402
680662,10.301355217399083,76.23671453213205
680663,10.240407312353803,76.21511630827351
680664,10.226335205714646,76.19698603712604
680665,10.273270397655146,76.16978647516149
680666,10.211451495527418,76.16802334074333
680667,10.201880222002073,76.21306517254364
680668,10.253471904727112,76.18612041882247
680669,10.204763696653242,76.186070689203
680670,10.264238518831831,76.20699092658336
680671,10.250511083689355,76.15597888918384
680681,10.33512885915614,76.13764367996129
680682,10.264070593668562,76.24059474977189
680683,10.344136510328498,76.26987712009357
680684,10.374337663580803,76.32548383360313
680685,10.289585486977344,76.15969996782836
680686,10.308678215576988,76.14638783149204
680687,10.355576113896669,76.13193039868789
680688,10.313584617037446,76.19093450057144
680689,10.35620181741039,76.33241487746633
680691,10.283915755200045,76.14008488466204
680697,10.31079065358647,76.27326198751739
680699,10.37285759060916,76.39915027593747
680701,10.373187149127634,76.18050507355765
680702,10.384451451029966,76.15654789810495
680703,10.374182965203834,76.14195499631681
680711,10.399930989521877,76.20428064079327
680712,10.375902832994829,76.22958887020387
680721,10.317151915287415,76.6460858321372
680722,10.327835249727364,76.32591679840017
680724,10.37787229657003,76.53717222002525
680731,10.28425531433936,76.28907308462468
680732,10.236560834878238,76.26937865417588
680733,10.209015449857745,76.25195389861877
680734,10.200364809780233,76.28806063162173
680741,10.2373799795425,76.31137652029898
680751,10.51668315378237,76.2924543173556
682001,9.961805165375313,76.24179763057127
682002,9.953466465916412,76.2536377422913
682003,9.959480788936595,76.2691672252328
682004,9.947039259855691,76.27961248642359
682005,9.938286154879581,76.26031863626108
682006,9.91293703495796,76.27328133956374
682007,9.876546538498436,76.28268853882751
682008,9.853276180031054,76.2707542872034
682009,9.971887604326067,76.26140466948324
682010,9.909242884606726,76.29334605841497
682011,9.972885301155967,76.28217524212887
682012,10.003355827145173,76.27940278640514
682013,9.93513360540266,76.29800744113524
682015,9.951902713624227,76.29076221407274
682016,9.966150638446134,76.28829137625848
682017,9.99148131333447,76.29520643693763
682018,9.991695499879073,76.2796167055733
682019,9.968239782971315,76.31693926817118
682020,9.961318107128175,76.30364995441994
682021,10.035074027326345,76.34423890230366
682022,10.044122800543645,76.32803423634121
682023,10.019281155810404,76.27141323377522
682024,10.025054203134099,76.30715260990378
682025,10.000056564825325,76.30558363725056
682026,10.0171001438161,76.2891412089206
682027,10.046841986737075,76.26487495765608
682028,9.994376769442894,76.32269830154506
682029,9.932577598382533,76.28087065881985
682030,10.019680813905376,76.35621854091217
682031,9.979793294031058,76.27308346017561
682032,9.984981944289638,76.31102660612257
682033,10.038977509571223,76.31909983577809
682034,10.05785143123109,76.28708847683833
682035,9.980520550990892,76.28307931126069
682036,9.958373850353022,76.2960307461945
682037,9.997751493042587,76.34447855633695
682038,9.945928039362757,76.33347688022063
682039,10.000811708681681,76.35887160530254
682040,9.92908547739734,76.3130014465634
682041,10.03500523791207,76.29586568192147
682042,10.008914209932136,76.36594639431696
682301,9.937808378842183,76.34867376638864
682302,9.96866978316005,76.38150906681967
682303,9.988260890390592,76.37826707988647
682304,9.935379284222162,76.32510730441231
682305,9.937566025611838,76.37969859917486
682306,9.970511289263813,76.33620402631652
682307,9.884231161492385,76.36699961178758
682308,9.950429815797866,76.43477969275524
682309,9.972070789072013,76.35668225040395
682310,9.9908554744211,76.43213998321566
682311,9.983102644793743,76.47695863720054
682312,9.927524151983713,76.39582201917658
682313,9.868675493601781,76.4429378951245
682314,9.901681384768038,76.40482756559035
682315,9.861597643319525,76.40600369011948
682316,9.982789417786812,76.5350798080029
682317,9.836660026495771,76.41935770466505
682501,10.115532090369879,76.1987973689124
682502,10.091862981492973,76.2066699724916
682503,10.030317617859483,76.22778719801703
682504,10.004656442231257,76.25414740142494
682505,10.043412763121088,76.22468904685184
682506,9.89845105503506,76.32421320362282
682507,9.927714665680428,76.25346436787673
682508,9.992290310374996,76.2313657345625
682509,10.06557406601496,76.21726110574211
682511,10.019439686441485,76.22625477421728
682551,10.812627130355267,73.67705762362529
682552,11.127137728892974,72.72424765495438
682553,10.88393063714835,72.22400308862137
682554,11.683837640887347,72.65787467227686
682555,10.49349732755468,72.5885275547042
682556,11.230624554228179,72.77725912684639
682557,10.083609155672438,73.64594009313622
682558,11.486524037889932,73.00561284872211
682559,8.277699591792533,73.0464063090871
683101,10.101352062707779,76.36203177395697
683102,10.126949042665403,76.33967946653263
683104,10.055910237091442,76.31650064780825
683105,10.102708354147103,76.41111375706315
683106,10.080214262944427,76.34235727059847
683108,10.111272076213307,76.34397190306353
683110,10.097483025730947,76.32131916929549
683111,10.153847088889592,76.39708657932336
683112,10.0926234544156,76.38655043984483
683501,10.071986239116738,76.30391798331226
683502,10.086736289817702,76.3031420277618
683503,10.057135409922985,76.34292320104313
683511,10.125211539364882,76.29655275053561
683512,10.168340647986613,76.23890545340737
683513,10.121763964679728,76.22758042579774
683514,10.140819171241885,76.19015330814102
683515,10.16849097159293,76.17644286635094
683516,10.183256491170571,76.20271651486067
683517,10.078215779015704,76.2641653266044
683518,10.108599040411791,76.2645899653362
683519,10.111188750339966,76.24361013454318
683520,10.14432189951426,76.25618385846735
683521,10.17638481377762,76.22268141362548
683522,10.161762470480765,76.20284685845974
683541,10.053998491749027,76.52143432376488
683542,10.11570302314257,76.48167310722637
683543,10.128448486676245,76.4650555530134
683544,10.16373775938242,76.49749332965169
683545,10.11802702597037,76.56118923430942
683546,10.16076151588848,76.55458784273087
683547,10.107126707150664,76.4466405010844
683548,10.10880302826339,76.50273319925158
683549,10.098395188014154,76.55088609076007
683550,10.150791993881189,76.45281934358744
683556,10.07343157139128,76.46766575207266
683561,10.061385675515591,76.4041341238068
683562,10.035371257709386,76.43188401760533
683563,10.06682854824069,76.36449138669407
683565,10.013321641671977,76.40700444990891
683571,10.135342430653315,76.3842052532822
683572,10.194634118416271,76.38725786830945
683573,10.18261452911045,76.36943576622434
683574,10.17805633004882,76.44317674015431
683575,10.138376765487962,76.4335225099444
683576,10.236503774453594,76.37636995140119
683577,10.249435539685674,76.41590854213075
683578,10.157758634939164,76.31730634423779
683579,10.184800744589806,76.32460452006814
683580,10.131460617145429,76.4118232200963
683581,10.242908022679021,76.54028533412372
683585,10.144320879061997,76.35616064994923
683587,10.201781668359041,76.5183049369922
683589,10.165208510434045,76.36510854371551
683594,10.177030609279074,76.26254692653872
685501,9.654056412672668,76.9608100290684
685503,9.718700793683654,76.90783790158802
685505,9.730244135777998,76.99280887660794
685507,9.706598992641807,77.0638705157604
685508,9.759108743369413,77.11469634002916
685509,9.482761643562457,77.26288696653687
685511,9.749359133312932,77.05288266129962
685512,9.669785309540737,77.17130649484078
685514,9.819859217283101,77.09962537084812
685515,9.781060370012272,77.07773254133441
685531,9.585643115302144,76.99859521046085
685532,9.53978474927494,76.9595125366746
685533,9.505608589499966,77.09675962332695
685535,9.659532811115595,77.11250375061748
685551,9.720672134642276,77.16761528373968
685552,9.810839887838897,77.20425145975534
685553,9.846829243304434,77.14415411910218
685554,9.901257132687203,77.181863873772
685561,10.038292358047,76.91169395654896
685562,9.96576996867215,76.99086402536187
685563,9.965930279966603,77.0412149226624
685565,10.071056065116844,76.99390591294514
685566,9.948503937991907,77.11044339640442
685571,9.928221860754311,77.05575754951192
685581,9.931191205914725,76.8044882096298
685582,9.960046505853542,76.74808645353629
685583,9.870716551464701,76.65135962929114
685584,9.892578528012267,76.71295156206669
685585,9.86880489575668,76.74814304153928
685586,9.849088171834751,76.69667118287322
685587,9.840576046823042,76.73458097109459
685588,9.860554186388187,76.80796424771215
685589,9.770496129806038,76.85264549745058
685590,9.8155544788911,76.79622267376244
685591,9.806621344746697,76.83418160396188
685595,9.883438760067799,76.86898849666845
685601,9.800179117334682,76.9033734304075
685602,9.880044990042167,76.94047647978134
685603,9.835659476014714,76.93886468738751
685604,9.904863559803871,77.01751130716046
685605,9.920004435496237,76.73994966806993
685606,9.958121878399007,76.91858708344743
685607,9.988761895190281,76.82223528613852
685608,9.908026047055241,76.68246602318611
685609,9.858409232810986,77.04051598054431
685612,10.150723145485696,77.02263278454853
685613,10.039631455539748,77.14384252735893
685614,10.216707229631423,77.09832133548962
685615,10.175871663818848,77.2218278478596
685616,10.093982536656346,77.14092036289532
685618,10.053280552134582,77.21269309914733
685619,9.967263079076337,77.2002350524935
685620,10.28251360510196,77.1747339713763
686001,9.592588411731883,76.52088604216935
686002,9.590028952538235,76.5362426463086
686003,9.574772841802517,76.50203351992164
686004,9.588568801378992,76.55012816258532
686005,9.595857708604075,76.49718294480898
686006,9.608638907155962,76.53465377046182
686007,9.522655131429692,76.49921068901837
686008,9.640668176845617,76.49872355586777
686009,9.575566899326962,76.5733627658179
686010,9.59375325188916,76.5595495867206
686011,9.554285948309726,76.57656061555066
686012,9.556184597754246,76.527219975177
686013,9.56264346161339,76.51615930154992
686014,9.612155403963998,76.47846725308212
686015,9.625011982494478,76.48413422227406
686016,9.621863424998487,76.54120901733383
686017,9.61430126679013,76.50892057184205
686018,9.571985273740703,76.55803648490624
686019,9.610827323948959,76.59173491219025
686020,9.55932498668805,76.48209612403926
686021,9.536862760576795,76.58846930359623
686022,9.597482890776135,76.46914514713593
686041,9.609840107462357,76.520129295589
686101,9.44609153093611,76.53490976404795
686102,9.431930160644399,76.51305483684109
686103,9.458230306187174,76.51062807349794
686104,9.466636579109782,76.54724463999378
686105,9.4453598967322,76.57197517923969
686106,9.472412565975615,76.56337372535103
686121,9.694547530739037,76.78923012305594
686122,9.681837471483318,76.77334330511297
686123,9.65902016610316,76.77356448993332
686141,9.752683354178382,76.39778812625727
686143,9.78028459898269,76.38856638724239
686144,9.669708059093798,76.42460212728282
686146,9.768691939839488,76.41921929140362
686501,9.58964139677566,76.61404383153142
686502,9.58787254058784,76.6460905426346
686503,9.605119143637276,76.68268970107228
686504,9.565954077063342,76.71226218101721
686505,9.552272957877674,76.72052914980118
686506,9.56897129865664,76.75784173142361
686507,9.558597580285715,76.79133207001746
686508,9.610900756234555,76.77981231261178
686509,9.481518810708058,76.8454573306013
686510,9.438284880808114,76.91649699389392
686511,9.427444879395928,76.85233170355089
686512,9.574897971158245,76.83745133527827
686513,9.502377768036324,76.9195480963619
686514,9.60206428564112,76.89282179404428
686515,9.549180588891858,76.69025117233814
686516,9.55009713398429,76.61785346450344
686517,9.536053199348693,76.7246115690821
686518,9.532154032041278,76.82123257231552
686519,9.531575877709603,76.75882914932608
686520,9.514976491372337,76.78765936740808
686521,9.544881423079234,76.65467943764529
686522,9.602186558631015,76.73420972306238
686531,9.51871333889501,76.52355802792279
686532,9.504108657658904,76.53645607175397
686533,9.529592460261712,76.54245103177097
686534,9.493321405940117,76.49395244613879
686535,9.483015936095724,76.53237579258538
686536,9.48907527966571,76.59523860852312
686537,9.428404817737455,76.58392267410365
686538,9.507070649742058,76.57207992854384
686539,9.523715524432657,76.60603461502663
686540,9.50293324073473,76.63558666740026
686541,9.498031025194932,76.71085422667777
686542,9.51175480277694,76.66163057576446
686543,9.499153781551492,76.74496964023182
686544,9.471146970111125,76.77525623245448
686545,9.473933598232584,76.62774112357295
686546,9.463350709946276,76.59456038332216
686547,9.453977470108011,76.74405471015653
686548,9.422115469376731,76.5611102162357
686555,9.53161943171719,76.68053628879366
686560,9.658093016006003,76.5333852189998
686561,9.649405295461964,76.52586330763084
686562,9.667988479507898,76.53532721229254
686563,9.603957877851451,76.43122864927072
686564,9.645635361365892,76.62103492513583
686571,9.713673109202787,76.62291029722931
686572,9.685371078892583,76.60410725632006
686573,9.673651578631988,76.66866719325697
686574,9.736449593113539,76.6669317121228
686575,9.713403193203327,76.68516717277839
686576,9.81397969375909,76.65593233390527
686577,9.654767506201992,76.72429529354655
686578,9.695060609442978,76.73007124074215
686579,9.719449703521867,76.75788105355706
686580,9.712176911699816,76.83853682421125
686581,9.645223957833478,76.80771686082505
686582,9.651993562291382,76.8467574912275
686583,9.666898397232341,76.60936375597588
686584,9.678567103416293,76.6393982973446
686585,9.623917478721767,76.70426632088196
686586,9.760235610251272,76.79571689261282
686587,9.71709213772271,76.5844312405317
686601,9.677630978135655,76.49173022391459
686602,9.667797437024362,76.51089883737238
686603,9.726107868684197,76.51403922217354
686604,9.780092214695848,76.48943766071308
686605,9.79280290670136,76.44575537704605
686606,9.714425314858564,76.39212525019899
686607,9.715404739189136,76.42438082595366
686608,9.807479711120603,76.39748543624815
686609,9.830544065185927,76.4564593730176
686610,9.828845657141983,76.49524684085307
686611,9.707684168612227,76.4686273981835
686612,9.790462058240681,76.53086483643399
686613,9.747515497432785,76.48250548762357
686616,9.829028666913079,76.46795671512365
686630,9.641075323519878,76.5469408706723
686631,9.672512624806965,76.56779712249148
686632,9.702277259992508,76.53617291841171
686633,9.746263785501192,76.56266509121589
686634,9.79675094101711,76.61251190908678
686635,9.74686476988553,76.62547073205381
686636,9.803082263183414,76.57986806396706
686637,9.642102129970224,76.56570980124897
686651,9.773502656117119,76.7100016233089
686652,9.778444287880818,76.76014252016637
686653,9.785661815252675,76.70227757352457
686661,9.977200929966141,76.58820036205553
686662,9.87439403259822,76.58435057326147
686663,9.941027957859921,76.50215133567703
686664,9.878499116724768,76.48151491727529
686665,9.835757559966408,76.54539246236084
686666,10.052890207554663,76.61792742359162
686667,9.913591597155397,76.53106154760897
686668,9.970749208672371,76.67823559139809
686669,10.016711787590504,76.512282964541
686670,9.940854174906681,76.64946092629107
686671,10.012227895208424,76.70013811880905
686672,9.920684105254255,76.60122041031809
686673,9.989406651952986,76.59075996637998
686681,10.17466538717843,76.76771216300658
686691,10.054511467298202,76.6170591842773
686692,10.113005819182359,76.60223192885945
686693,10.050396055596785,76.7557118075323
688001,9.493332042889351,76.33331665404916
688002,9.475630478535676,76.3298343137164
688003,9.465636100124627,76.34557525691585
688004,9.43463277962391,76.35107650627684
688005,9.407454187388119,76.3647479379118
688006,9.529269493625044,76.40990307173507
688007,9.508394124628976,76.32312090030943
688008,9.51963695251447,76.31915556125914
688009,9.483685918817036,76.3527241884276
688011,9.49768302556993,76.36464803570236
688012,9.491577745340816,76.3222171321123
688013,9.509795056106052,76.34623361389633
688014,9.45095941451738,76.35306674325561
688501,9.47992245941758,76.38957191574164
688502,9.474150616448592,76.41941994154656
688503,9.434880813064856,76.4067870291713
688504,9.45261376131871,76.4427320848452
688505,9.417659306840148,76.40093082423874
688506,9.48417447482165,76.45707239917111
688521,9.540051399315793,76.31877812772751
688522,9.579148568092732,76.31641961740804
688523,9.610285706227337,76.32039963317351
688524,9.687495797943164,76.33230460625468
688525,9.614877181298871,76.37238175198351
688526,9.813140319829822,76.34804469631791
688527,9.666693078031843,76.37845046000658
688528,9.772377564255253,76.3452173190185
688529,9.71057355783932,76.30236635460513
688530,9.665989443872991,76.29874431486019
688531,9.736038279985282,76.308618116366
688532,9.769844655477344,76.32094713293431
688533,9.801337458699656,76.3187870655474
688534,9.873763743652123,76.30552181725068
688535,9.863271885136811,76.32985078293332
688536,9.724445916838352,76.33898241614924
688537,9.825906000235133,76.30371596623348
688538,9.569709780443848,76.36176660184832
688539,9.672125777130622,76.3486510243338
688540,9.774978946095228,76.29310849010861
688541,9.739143548665057,76.36271402151533
688555,9.647033312311136,76.37046914005678
688561,9.362019281984212,76.38163341007534
688562,9.365988664293287,76.4185997099237
688570,9.852304047708323,76.35704440163005
688582,9.629206710993005,76.32803712884477
689101,9.38023469696452,76.57307280478854
689102,9.368146927635951,76.5585376559656
689103,9.409380944019219,76.58280582918222
689104,9.351736130784174,76.53879356546459
689105,9.385666989372533,76.59289902265878
689106,9.35846121370154,76.58513276095272
689107,9.404928407909471,76.56164349798067
689108,9.383996249251734,76.5410165743297
689109,9.346614415255157,76.57038903836073
689110,9.369435110358863,76.53713426079715
689111,9.397465141016252,76.5810596621791
689112,9.385906658136296,76.52147266710769
689113,9.406085211685188,76.54216564592224
689115,9.368428702948757,76.584728578176
689121,9.320549734587313,76.61189662913769
689122,9.30952433874162,76.6301976298657
689123,9.326148024902338,76.63572492597497
689124,9.336815130797167,76.59493936399831
689126,9.298734338759228,76.59840139549671
689501,9.205004819203923,76.68440567686848
689502,9.21731323922116,76.71444683085723
689503,9.25092613235681,76.68710940739925
689504,9.276417575712532,76.65770845814667
689505,9.293433833787468,76.63914142603501
689506,9.324814664887992,76.57629929783354
689507,9.283584753426133,76.69677191849075
689508,9.271588930117355,76.60945943284209
689509,9.246153363305464,76.62304985403317
689510,9.307941832390512,76.56948236237601
689511,9.280270312373826,76.5774106590413
689512,9.187107373478186,76.67122275895612
689513,9.220839206469927,76.7418975201205
689514,9.29337336798823,76.68589139270773
689515,9.202742548730118,76.67511997144663
689520,9.289084406029911,76.61397210973855
689521,9.262514281587567,76.63529566896787
689531,9.337936470251131,76.65580138043914
689532,9.315220461525728,76.66552414184058
689533,9.317929840212045,76.68982434417251
689541,9.375952338667409,76.6149897339448
689542,9.373207010924807,76.63927288954493
689543,9.396076330686261,76.65054884634249
689544,9.401729068118382,76.6843603956514
689545,9.382423587545913,76.70832754653593
689546,9.34770596529908,76.63050292142742
689547,9.359645215949454,76.65854254742062
689548,9.35968564865236,76.67781350542847
689549,9.34263679659659,76.69205530673828
689550,9.361510878353895,76.70334238936536
689551,9.355602880197145,76.60962229209385
689571,9.378630530522155,76.50413398173256
689572,9.362895241867733,76.49637426863802
689573,9.379739870239366,76.45694694327152
689574,9.398168526014478,76.50278735354422
689581,9.43846577052083,76.6131260540176
689582,9.407204635206824,76.61021159433513
689583,9.404269322852437,76.63304734428252
689584,9.447596879749396,76.672316383832
689585,9.455558700132318,76.64782277370566
689586,9.420880958179003,76.7166878768205
689587,9.433031195250486,76.67894284341884
689588,9.448685521488208,76.71055984102217
689589,9.475163522875576,76.68083067474328
689590,9.44632606660168,76.46736111912021
689591,9.402292183322166,76.52769435924971
689592,9.430751014157051,76.75587171535186
689594,9.437168673313208,76.63783509941362
689595,9.417593561065106,76.4708000997054
689597,9.418613499511375,76.65663646357422
689602,9.42468703914331,76.63745832319937
689611,9.361058605385809,76.72432799804454
689612,9.377910394544388,76.74278298936578
689613,9.395233945533578,76.7319638955512
689614,9.358214626055053,76.75335667317918
689615,9.410306510648164,76.75107699628066
689621,9.34082924959778,76.50522271028946
689622,9.31655918979322,76.52529593696187
689623,9.302413894118096,76.54401900368647
689624,9.282315603418713,76.55588544206617
689625,9.26003451699917,76.71153708238906
689626,9.332207233068004,76.54429056884207
689627,9.313716515495125,76.4912791042605
689641,9.340243347190766,76.71558361459087
689642,9.319247324864984,76.74510208191298
689643,9.289688010220209,76.73555138213734
689644,9.298008217924284,76.70516236340438
689645,9.263892016189967,76.7822682037474
689646,9.240385856568702,76.80326010941896
689647,9.247381625439852,76.7531304885526
689648,9.21143834204317,76.77749765449296
689649,9.305146625240372,76.77536565430036
689650,9.33950047093179,76.74346860127876
689652,9.31241772897748,76.70927659472451
689653,9.268282077222274,76.8231434790483
689654,9.323178997296209,76.71418023209006
689656,9.200953698659799,76.82022541265397
689661,9.320064214358391,76.81358069982173
689662,9.35102227955972,77.06767681565665
689663,9.312558728790037,76.9296957433898
689664,9.286600738357079,76.86757977164658
689666,9.289465507260022,76.82493864245926
689667,9.301920934479439,77.00487268067401
689668,9.287777398031682,76.76501410387333
689671,9.287840186878583,76.80495783296749
689672,9.346404003603318,76.7884050212076
689673,9.380358624646025,76.80441746161915
689674,9.388343869142828,76.76787986267004
689675,9.42054865565184,76.78022682383433
689676,9.43737599673674,76.81326585081324
689677,9.406867809903513,76.79425608441046
689678,9.30470551793843,76.79533999790236
689691,9.190667637647092,77.09458429633361
689692,9.251718646984163,76.87071738806185
689693,9.154029070415902,76.86548273282727
689694,9.122072095547775,76.88378858205456
689695,9.094139587202388,76.88008473343982
689696,9.072098242230231,77.03982043969185
689698,9.190251519987024,76.86018826453545
689699,9.256651586624184,76.95546876639885
689711,9.383040630562258,76.87002144581544
690101,9.2402794953217,76.54093692935756
690102,9.259030087754548,76.55885089080108
690103,9.256730289172841,76.52056862040017
690104,9.27229023839658,76.53749900465984
690105,9.284144226493243,76.51796447911333
690106,9.228621551678225,76.51073923487884
690107,9.208194656497781,76.56326559616933
690108,9.250313984571806,76.5727339833251
690110,9.232234898785986,76.56675499786172
690112,9.228380095806761,76.63133868410237
690501,9.133017093710116,76.57176874879738
690502,9.17534091630309,76.49801261297225
690503,9.170562073317424,76.55631647201447
690504,9.160363841677855,76.65786538501501
690505,9.170649536093435,76.59604299027241
690506,9.222902530918022,76.45172568388297
690507,9.242031163191507,76.47356278245176
690508,9.218761428677988,76.48627009444448
690509,9.252563515644596,76.58973920475873
690510,9.199319368489157,76.53263941259588
690511,9.251793161459544,76.49114227003315
690512,9.277013664549482,76.4886900577754
690513,9.263055827692902,76.46583247708543
690514,9.306245503087062,76.46316650070756
690515,9.275838463307593,76.40952283549663
690516,9.261143085822729,76.43667965987784
690517,9.322872183415384,76.42639715164455
690518,9.056437422759775,76.53524750908885
690519,9.046947575745442,76.57510574424218
690520,9.073032719728818,76.65003329578272
690521,9.036950457032408,76.61770922369487
690522,9.090175176527435,76.62708644321525
690523,9.081891704065805,76.56007592353707
690524,9.013770096667855,76.5715815915579
690525,9.100881845776247,76.49664138283121
690526,9.125231011215913,76.51955680602006
690527,9.151840120731906,76.49069483507789
690528,9.10529239569091,76.51949829988567
690529,9.202646671941732,76.62996769807664
690530,9.142696315007669,76.61425046521971
690531,9.215009358094925,76.4739155282698
690532,9.244123932431314,76.45407694729671
690533,9.144179973598021,76.52522776199038
690534,9.205865662267902,76.60053069410218
690535,9.181093373193509,76.46028356673499
690536,9.032548657652352,76.54665236014725
690537,9.15957147922427,76.53636732514924
690538,9.005282327642973,76.59399450776974
690539,9.095555325067037,76.56904968063628
690540,9.048385483406141,76.67252008750727
690542,9.078172160092699,76.50775693334255
690544,9.088288202650102,76.52926534533213
690546,9.08861303862391,76.48682146449885
690547,9.123153641209075,76.48545213289296
690548,9.288549571912931,76.42823022793755
690558,9.22664225401318,76.60045001472665
690559,9.188273963670278,76.51816684409744
690561,9.117461290972917,76.62517757850729
690571,9.169456161109153,76.62419833213316
690572,9.20075563557918,76.49837662554995
690573,9.04517049974502,76.51671848789408
690574,9.112364017803264,76.58517505609653
691001,8.881227617980157,76.59700043292938
691002,8.89943055532298,76.59208264403593
691003,8.915812544875712,76.55820277351975
691004,8.89779694706086,76.62752289287562
691005,8.913519535455235,76.63702496359878
691006,8.879194512227146,76.5864818990816
691007,8.885107029907916,76.56661705647228
691008,8.89465854852456,76.60588897416682
691009,8.898131625140191,76.57783953767115
691010,8.878270578796121,76.6235637254291
691011,8.85949477039873,76.62446123698794
691012,8.895034166681215,76.56333954296734
691013,8.887520187326768,76.57710885180555
691014,8.930291857690145,76.64230461725315
691015,8.918394935366102,76.61749379524402
691016,8.868976806636953,76.61268863015324
691019,8.908221066311176,76.60565385117057
691020,8.863029429544426,76.6394627940802
691021,8.886552819117863,76.61958178206876
691301,8.817174061714597,76.6682710197916
691302,8.805119396023171,76.70525106836072
691303,8.836318582690236,76.64622707336343
691304,8.852351466316058,76.65677171708569
691305,9.02439907049264,76.91400491083193
691306,8.920935838399338,76.91070970504936
691307,8.996330338192484,77.00924346647327
691308,8.96883766840308,77.06144941262721
691309,8.986358014435389,77.12435526490131
691310,8.870242775552512,77.1171231836988
691311,8.88029092013283,76.96362560240411
691312,8.935395007523372,76.97753339233225
691319,8.791996352758929,76.66903955010713
691322,8.99236715438243,76.89501877940324
691331,9.003891427691777,76.94955741964382
691332,9.038049154774464,76.89004965593112
691333,8.988368162503305,76.92303009669101
691334,8.835974617101316,76.69105564062896
691500,9.020449718001155,76.63487268013141
691501,8.964184165348613,76.6796929760126
691502,9.006037571745189,76.64648432922394
691503,8.984482758362127,76.66607481256906
691504,8.938086989047692,76.67782075838284
691505,8.987054531453618,76.72853107511148
691506,8.999338040542247,76.76896209949524
691507,9.040420126261134,76.71763709619447
691508,9.032842457949137,76.84947197851267
691509,8.942837542548112,76.72054874517342
691510,8.875724192899616,76.77074721269977
691511,8.95758994991091,76.64614879044392
691512,8.945940735588557,76.76880989941604
691515,8.928630941265528,76.70665642633057
691516,8.87216625300342,76.80830368441748
691520,8.938655700874785,76.80214829903693
691521,9.068041818556546,76.74015643971467
691522,9.072744710376694,76.8050334592754
691523,9.156255766475127,76.73160631387766
691524,9.132690238377773,76.81643517006195
691525,9.19104323904941,76.73908606466682
691526,9.103790191762032,76.76282747489228
691527,8.966358408937735,76.77806031612228
691530,9.093146123191783,76.73253406180568
691531,8.99018962664042,76.79075779152969
691532,8.949948324226467,76.83981117153073
691533,8.9013256614572,76.85134073641227
691534,8.859765575156452,76.86720890634551
691535,8.827788518601515,76.87668658455642
691536,8.817400891656698,76.93190381900837
691537,8.901600390528511,76.76200698768398
691538,8.986695875041733,76.84658929676108
691540,8.923376439173744,76.75924254355945
691541,8.81287373740285,77.02566043680969
691543,9.021850142302254,76.68277052779993
691551,9.130579386364237,76.71176617024476
691552,9.102935705821135,76.68814199421686
691553,9.080455260896196,76.68871061811875
691554,9.148895407178504,76.75149320832347
691555,9.182877142681074,76.77919878902865
691556,9.120418472926243,76.78952098042404
691557,9.020238374998124,76.81607784246496
691559,8.815361930273962,76.96872142157288
691560,9.046713186842346,76.78233594909283
691566,9.029808372514578,76.76601314024492
691571,8.861052165574941,76.67816218891642
691572,8.8576255077373,76.71237063832028
691573,8.88079466761287,76.71706593658605
691574,8.813967414177895,76.77023655994411
691576,8.901345416272418,76.69609815282239
691577,8.905639245561497,76.66204743742513
691578,8.833081766763005,76.74909138351661
691579,8.851563979651067,76.7382562936476
691581,8.93150352540805,76.54952116699765
691582,8.952054838751272,76.54113645924295
691583,8.99767483114275,76.53988766064562
691584,8.961617954542705,76.5661579327856
691585,8.979378659481146,76.55478274666766
691589,8.875134126878738,76.6551161402436
691590,8.987865541320955,76.57833629118588
691601,8.944508039650541,76.60555237579835
691602,8.951872331332577,76.58884091755462
695001,8.494384980693434,76.94925966439024
695002,8.467759891916577,76.96791416776811
695003,8.521476329444363,76.95794563357403
695004,8.522988490997726,76.9393219902077
695005,8.536048278169405,76.96813502967838
695006,8.502093604987783,76.98842172506272
695007,8.491291529345062,76.90962010895011
695008,8.471256088942928,76.93042287265533
695009,8.46718745612866,76.95075468890296
695010,8.51022257796752,76.96852718364039
695011,8.524926304845236,76.92434823491564
695012,8.487794174509144,76.97798117654303
695013,8.539725891892157,77.0038166766389
695014,8.4961108572193,76.96104090678007
695015,8.551967561409697,76.94110272496458
695016,8.545263594646974,76.90810123874476
695017,8.546433923982297,76.91439295759147
695018,8.470048937248691,76.98085188200707
695019,8.471202959092091,76.99686687648145
695020,8.448947669695574,77.00315204315343
695021,8.507560475228436,76.89391550527597
695022,8.531019486659458,76.874385409904
695023,8.483790984704598,76.94354371463135
695024,8.492791699462215,76.92836377141074
695025,8.532749517500303,76.94826732435881
695026,8.448046505202003,76.94809480911232
695027,8.433707593948085,76.96539030568354
695028,8.596723192805038,76.94916299028367
695029,8.50986237376891,76.91231628649301
695030,8.518552448261262,76.97848575898549
695032,8.486066587431917,76.99738373979095
695033,8.508393507639582,76.9535454533347
695034,8.503361761228568,76.94900379532635
695035,8.50054722822072,76.94065352919769
695036,8.483892628023993,76.95392143531653
695038,8.511169867343273,76.9865518400954
695040,8.472235326969527,76.97178357341801
695042,8.423312064308684,77.01140645325789
695043,8.560925652850118,76.95847254972132
695099,8.515395782021722,76.96342453000464
695101,8.696489711356953,76.81506044703461
695102,8.722155373625839,76.81543086573737
695103,8.697277654149694,76.85904822280911
695104,8.672217384034608,76.83243336968127
695121,8.39690671909228,77.0830676274591
695122,8.372014830748316,77.11403168958323
695123,8.396541665299331,77.06222324558804
695124,8.4397242198726,77.12518085315158
695125,8.483806898470748,77.14732697931943
695126,8.432025925494749,77.08603925525371
695132,8.371320080065146,77.10139132735901
695133,8.35967530872108,77.0719341418657
695134,8.352600066034176,77.09546996724907
695141,8.738730805126062,76.71803284706486
695142,8.726181059940577,76.75880282267326
695143,8.747154935141458,76.76261329648759
695144,8.716972715940681,76.77856571117383
695145,8.755789243291737,76.74308053023225
695146,8.778906254434958,76.74809651222134
695301,8.586890239647596,76.84047634230646
695302,8.612440990527231,76.83437328653844
695303,8.61675754342313,76.80832622077816
695304,8.658064581758,76.79302847245464
695305,8.639341698387176,76.81547249489523
695306,8.681239607051817,76.77970391549394
695307,8.697596384050462,76.74181903036234
695308,8.691417535687833,76.7601505850774
695309,8.669395034552585,76.7607588505587
695310,8.785934849633115,76.71994940400975
695311,8.76933439127036,76.6975295459161
695312,8.715164052623788,76.73356663490071
695313,8.654066201635489,76.86335191284208
695316,8.603245632061281,76.85405646735828
695317,8.632234944413165,76.85239478612276
695318,8.70775646387611,76.7550051356943
695501,8.405530029819221,77.03774015471535
695502,8.341913157074481,77.15107048645932
695503,8.392697456561748,77.13731661963963
695504,8.407157886059675,77.16724881768872
695505,8.51834185241797,77.2074139107777
695506,8.322818572461623,77.10184560304742
695507,8.460026764152357,77.05427945910334
695508,8.369167609218831,77.14547282419767
695512,8.471468291138201,77.07810858858038
695513,8.303527170760791,77.09133800321612
695521,8.379197683181362,77.0000010800001
695522,8.428167839571703,76.98056548357161
695523,8.402912664960708,77.0020088055888
695524,8.368403235315917,77.05079178028139
695525,8.33113199745285,77.07455754602141
695526,8.344354444777938,77.04631887995475
695527,8.400529586325757,76.97843187977463
695528,8.450894218459844,77.03597506318974
695541,8.619919932544974,77.02505457316308
695542,8.609817438295334,77.0884179665389
695543,8.56286753492164,77.05067075242829
695547,8.625280074429813,77.02833020755286
695551,8.679903160019787,77.15355367459445
695561,8.643074416784437,76.98974483338276
695562,8.722785668925804,77.02038341937771
695563,8.740408629105744,77.0673484904019
695564,8.570698014272221,76.99082977517443
695568,8.669536487065235,76.9864654668038
695570,8.472269379089493,77.0343703057716
695571,8.488372812842949,77.03728740654765
695572,8.510973688011976,77.10877688670547
695573,8.51977939147806,77.02936096998832
695574,8.580421847588092,77.14809935848258
695575,8.540796808094152,77.09428717456174
695581,8.565853624157016,76.89306316445779
695582,8.566504413183331,76.86928180803434
695583,8.537122104667208,76.88906852829317
695584,8.608301400991776,76.89385088801623
695585,8.585643285697467,76.87271071347598
695586,8.561131741600807,76.84973759323188
695587,8.574636807298873,76.91020855521222
695588,8.572460217863513,76.93097332824121
695589,8.635849930987654,76.89606847013707
695601,8.755108243757993,76.85799676694077
695602,8.8040701114501,76.82264492062059
695603,8.789062810396828,76.78610894230707
695604,8.830348381179743,76.8243873627468
695605,8.757543634608487,76.80902269225479
695606,8.711708411441489,76.89528301609863
695607,8.674167314324231,76.92014406458317
695608,8.747608124475772,76.94380680499474
695609,8.761568499245397,76.98018496448468
695610,8.718333811872318,76.95048819285952
695611,8.744947300990594,76.78515969140167
695612,8.747641105246288,76.90384456013696
695614,8.795385357025129,76.88611016663266
695615,8.6415785225853,76.94635003952926
700001,22.574276543158252,88.34767516874952
700002,22.618612606855965,88.37342625852871
700003,22.60458662276074,88.36588216919877
700004,22.597958531965574,88.37502111972812
700005,22.59798020258611,88.36018262568993
700006,22.589280410343864,88.36553437784269
700007,22.583508338747585,88.35639667147146
700008,22.481367009230148,88.31833544567077
700009,22.576385223184335,88.37163967963893
700010,22.564737643575096,88.3980105413378
700011,22.576779787718397,88.38086024306062
700012,22.56906853556877,88.36069378715878
700013,22.56353844866522,88.35682084823333
700014,22.557684653106566,88.36924490751083
700015,22.558885435062283,88.38356208912768
700016,22.554189813962065,88.35622398378514
700017,22.543056801382516,88.36349746458961
700018,22.53862045964256,88.25529166301158
700019,22.528387876794888,88.36526244840239
700020,22.536770412934743,88.35198309077165
700021,22.556753574546867,88.33937612418016
700022,22.5469470199228,88.33023453725573
700023,22.536658133752344,88.32033653313039
700024,22.54225514443069,88.28675876061189
700025,22.53179350184303,88.34515896176454
700026,22.517684343415773,88.3463488169263
700027,22.52401574447152,88.33154967420798
700028,22.63219244814993,88.41932450450298
700029,22.517104245141127,88.35777882296344
700030,22.622764549282927,88.39448482597179
700031,22.50783960621085,88.37333771907146
700032,22.4927686035543,88.37125967168272
700033,22.498857053508317,88.34961598859829
700034,22.49572833116195,88.31768999211815
700035,22.649617270202274,88.36279919170582
700036,22.636841861519265,88.36974654166285
700037,22.606873813812978,88.38664102246655
700038,22.506187501649812,88.32661580156613
700039,22.528556145170192,88.38523661592322
700040,22.484589763935062,88.35139638960604
700041,22.48256007126252,88.34035825805785
700042,22.517817919718894,88.37996277640258
700043,22.5422791463078,88.3098690279444
700044,22.55276812701773,88.25348109235551
700045,22.50595348403821,88.35876009096677
700046,22.544651183067778,88.38534535127481
700047,22.4750981895048,88.36985698153819
700048,22.602498657798282,88.39802308399751
700049,22.668100453377104,88.4100594553592
700050,22.62891140135774,88.38499830093089
700051,22.66379541342453,88.42852474192253
700052,22.644461914340987,88.44146395411464
700053,22.50476570597794,88.33305781500643
700054,22.58016715363647,88.3923361456485
700055,22.609382890056303,88.41297973553733
700056,22.66285724228408,88.38430190808613
700057,22.667886475101394,88.36600807087909
700058,22.67919590686973,88.36991140049611
700059,22.6172424215227,88.42850575681572
700060,22.505446409202772,88.3020852397586
700061,22.4735484488684,88.28676795712859
700062,22.567622493161394,88.34745826937295
700063,22.46445900058174,88.30787649925729
700064,22.592788709986532,88.40894684457909
700065,22.643509479102573,88.40557499041044
700066,22.526988897704804,88.27307610912082
700067,22.59313678891291,88.38573721492497
700068,22.503928665096183,88.36363903812914
700069,22.563330018265937,88.34962473096223
700070,22.465840964455982,88.35490488412678
700071,22.54382677555758,88.34327936622354
700072,22.56537228178038,88.35558783911962
700073,22.575686855229957,88.35994149249808
700074,22.620844401672485,88.40573658979802
700075,22.494109745401108,88.38640235817401
700076,22.6607365588592,88.36271750124018
700077,22.631374818547975,88.397224038164
700078,22.50531221322722,88.38857128860565
700079,22.648631868504264,88.42710666878392
700080,22.628284075389416,88.42429414993575
700081,22.65427409856485,88.43507720142198
700082,22.476612021510395,88.33373892105428
700083,22.672377314235746,88.39494070145054
700084,22.4627068091395,88.38864292070313
700085,22.56878422280101,88.38435765473714
700086,22.480105815516026,88.38300295209004
700087,22.560014742624325,88.35388165334021
700088,22.521211495292498,88.30398602646052
700089,22.607483585896183,88.40426471233516
700090,22.639431324324075,88.38761510604377
700091,22.582961639558274,88.42677221712593
700092,22.484424765989548,88.36717395242219
700093,22.467080644454967,88.34346122108151
700094,22.477309161201013,88.39873917802812
700095,22.496341855825143,88.35978168872951
700096,22.457960056093622,88.36557442276934
700097,22.575824957700384,88.40696017494275
700099,22.491480278557543,88.40478702840271
700100,22.52685182665607,88.40541660477369
700101,22.60390426984474,88.42468113255964
700102,22.584892381550365,88.44158180813201
700103,22.42058674654372,88.36016281087691
700104,22.43476999815934,88.29135488702369
700105,22.547007232767807,88.40024928361935
700106,22.572459042574554,88.41461685839036
700107,22.542881969345878,88.4367878750655
700108,22.64892287995204,88.38052868738114
700109,22.68398889608548,88.3907357449949
700110,22.700900696242034,88.41285736105688
700111,22.690707201564173,88.40902830188273
700112,22.715538887499015,88.39679357340928
700113,22.710291450502318,88.41168972603909
700114,22.695040678988224,88.37254693733577
700115,22.70988939843198,88.37156978342418
700116,22.719106339964412,88.3702961342808
700117,22.724850898592415,88.36772369202899
700118,22.72482649127672,88.38746157087901
700119,22.73722549408407,88.39289623451401
700120,22.770723511418606,88.35208759145613
700121,22.76949348147914,88.4228604822529
700122,22.76894980247343,88.37908196610076
700123,22.75189292400373,88.37572203415858
700124,22.71378701146592,88.48622875309766
700125,22.744497959680356,88.49733153261865
700126,22.731975440346407,88.44889017307449
700127,22.71096833909945,88.4688869433085
700128,22.667517042432202,88.52989095670902
700129,22.694554773365322,88.46565617737662
700130,22.708979927355102,88.44951721313885
700131,22.6877502720946,88.44235867401419
700132,22.668515625129572,88.46319440316167
700133,22.676639473791138,88.44488642518179
700134,22.669160535148986,88.4337665050085
700135,22.590113354212306,88.54164528882973
700136,22.63924675064882,88.45771904962176
700137,22.452021107799318,88.19207481995977
700138,22.463211678647244,88.14269586110727
700139,22.493975944507323,88.23096687847314
700140,22.48016419257579,88.23073481597075
700141,22.488020659131465,88.26200787376094
700142,22.51728425458726,88.26774648107063
700143,22.509511745837774,88.28499292933074
700144,22.356978740971993,88.4350501322259
700145,22.38613546134403,88.40664091466431
700146,22.41069165171182,88.42621016871323
700147,22.413405509984486,88.44478116324808
700148,22.414157187807323,88.41736419660262
700149,22.422364252358783,88.41532298184454
700150,22.473983764188223,88.45394262680585
700151,22.418006701463177,88.38483426185898
700152,22.47486972604103,88.4179617470052
700153,22.449922881976885,88.38376378474972
700154,22.450469733112506,88.3590733244243
700155,22.67788703244801,88.48451882933416
700156,22.576283502181834,88.4739149423386
700157,22.606462359634943,88.4513246597134
700158,22.6760710665645,88.4338876691032
700159,22.608600154648244,88.43216956088459
700160,22.57071001741123,88.49051116099031
700161,22.612130199343973,88.46570088357582
700162,22.596308694361962,88.4495741898514
700163,22.585831315948955,88.4550380389109
711101,22.586895348108555,88.33000114226783
711102,22.56670040367169,88.32367922046585
711103,22.557860314207478,88.30401586674459
711104,22.582386006855597,88.30590704865408
711105,22.60342923659353,88.31439289073842
711106,22.60381825323327,88.34213834893812
711107,22.61277639962545,88.35212777418728
711108,22.61043164009548,88.31603735065566
711109,22.5639971565428,88.27925015465298
711110,22.574864730026786,88.28887052346539
711111,22.58173760960004,88.27822628678095
711112,22.592519362780596,88.28839229745196
711113,22.60650733912381,88.29669511113022
711114,22.632046678585557,88.28948088470027
711115,22.65387181187764,88.28873145402109
711201,22.646007896426624,88.34773073282867
711202,22.627904022467128,88.35343539326881
711203,22.62643090772262,88.3212694522218
711204,22.62215451613033,88.33392014284424
711205,22.653709766142306,88.3173657873376
711206,22.638182265321717,88.33264425839285
711225,22.701481448726966,87.94956255081263
711226,22.717018617861406,87.97361020666672
711227,22.643982630635048,88.32483850444872
711301,22.289682366642324,87.97143767499887
711302,22.58696026615648,88.18836893369551
711303,22.495816339065144,87.94573000369061
711304,22.564698440227826,88.23873379268748
711305,22.489893269667512,88.16575404037131
711306,22.467070578606354,88.02029801700847
711307,22.499333402031173,88.13867379503807
711308,22.48991446151718,88.13670406378272
711309,22.532009922342095,88.22050370790578
711310,22.516461486436445,88.18042768328291
711312,22.38449397149986,87.99428379358888
711313,22.55676102007902,88.21035322518861
711314,22.272844181376012,88.0318700685412
711315,22.372326243020417,88.08507979706633
711316,22.46852052554221,88.07442947741237
711317,22.567420038367185,88.25663413441262
711322,22.543496427737445,88.1295346805131
711331,22.562285761089356,88.16804850629576
711401,22.584626020686045,87.99464337815932
711403,22.605371112699068,88.27582571992565
711404,22.65069672631783,88.14539763886636
711405,22.648040922317858,88.22027876940307
711408,22.685031472394673,88.09067345956913
711409,22.621220043393528,88.2554096630353
711410,22.653565029381742,88.05826503704459
711411,22.60844751563694,88.19130856521826
711412,22.659666414452115,87.96008030152238
711413,22.550093194361846,87.951085900638
711414,22.59820770132524,88.09162668679683
712101,22.88521945916036,88.39337906464716
712102,22.905679402102805,88.33231457479145
712103,22.908411345686687,88.39375711956517
712104,22.934863534481103,88.39512993706005
712105,22.877844866577167,88.38109173268751
712121,22.95471879093721,88.3776359940494
712122,22.88158627902373,87.55334716044253
712123,23.10429039001605,88.3964442787765
712124,22.828169182647283,88.31175136308136
712125,22.835032614612835,88.3647663932985
712134,23.112605690829554,88.18161472681365
712135,23.117153639136447,88.23343441305792
712136,22.863301888201015,88.3655385500687
712137,22.84252051313767,88.36945643820182
712138,22.870678777451065,88.32539762653151
712139,22.848385174738166,88.3390089938527
712146,23.11826077101635,88.33368809384375
712147,23.04007433131958,88.32786811470642
712148,22.985372419086776,88.33363584240755
712149,23.039972131611442,88.25157245191755
712152,23.03636603395372,88.20444666865248
712201,22.750167453880437,88.34881868647935
712202,22.734559692930862,88.35352815929922
712203,22.743088290380715,88.32183547086511
712204,22.763257667330986,88.33174970079284
712221,22.81426408226465,88.3480723879788
712222,22.7979029528132,88.33195308064141
712223,22.81363547088022,88.26183604565689
712232,22.676032291965,88.35050916568093
712233,22.685719301731414,88.34697496725693
712234,22.699798906883142,88.31719490889161
712235,22.70310608405057,88.35252201547459
712245,22.675493486416084,88.32237095230734
712246,22.703420102072016,88.33514557262085
712248,22.722223193409594,88.3508172649438
712249,22.73344845909747,88.33833107015128
712250,22.72091615693665,88.31100976132119
712258,22.66190155343817,88.34785799895181
712301,22.916603451372104,88.10467759943195
712302,22.968505756305454,88.11411223714018
712303,23.03461143586216,88.13506799218827
712304,22.726628980049927,88.24708718114948
712305,22.922484149534128,88.22368385486764
712306,22.755472943803635,88.26028864625697
712308,23.01392881082545,88.0524934505614
712310,22.70071025550474,88.29401812711957
712311,22.67527034552263,88.28484732533478
712401,22.833510754158187,87.97823890572339
712402,22.961355223132863,88.03016980903712
712403,22.797744821945003,88.07160969774984
712404,22.716380775893963,88.08969055400445
712405,22.855012977886116,88.11259234656237
712406,22.71984650869483,87.84528738019111
712407,22.843093197046365,88.18016313253398
712408,22.753304207482156,88.00721636097164
712409,22.831797314011514,88.24092326591966
712410,22.91990511025465,87.98566472443082
712412,22.767029197310887,87.91609239836934
712413,22.880116207186084,87.86712180476839
712414,22.890854358864217,87.93646732259312
712415,22.83155573240176,87.90473415633846
712416,22.65430758160783,87.90166698767801
712417,22.645900807069946,87.84459837665456
712501,23.095621623431427,88.45066494139904
712502,22.963497224256177,88.39669900291054
712503,22.98860514639797,88.3918501608124
712504,23.000492679506497,88.40633387830486
712512,23.18595783268201,88.41720787963015
712513,23.02115706088587,88.41290218528405
712514,23.12347459063383,88.46442284192105
712515,23.06043185934807,88.4317496592675
712601,22.89750896027805,87.78393898106923
712602,22.941204521882614,87.74533181889174
712611,22.966443457548518,87.68349211597976
712612,22.886349530343452,87.62991375437716
712613,22.79660640157569,87.8042574118011
712614,22.87910289068252,87.69403591959555
712615,22.91368529390284,87.85592407236646
712616,22.830381877295228,87.74034256637786
712617,22.76586967243614,87.76606302986832
712701,22.71256747146504,88.18447965378788
712702,22.696879543740103,88.23481528699755
712706,22.766103290303743,88.15234672772915
713101,23.23749668737847,87.86142805663945
713102,23.232706586388,87.82533726921217
713103,23.19690469283065,87.86938819229653
713104,23.274203814970114,87.82628576244599
713121,23.461431956209143,87.8693662375664
713122,23.184065089313666,88.29187535307706
713123,23.73163557866374,88.11494037609093
713124,23.13517645239972,87.96084390389616
713125,23.371007245333754,87.95174917577083
713126,23.568389936190492,87.6885855016239
713127,23.390996352053044,87.81804395260568
713128,23.469259878219756,87.73961842055671
713129,23.752012419787135,87.98016121333366
713130,23.671747071211172,88.1578755444984
713131,23.526598357271695,87.81787652584919
713132,23.585867498871817,87.99844696281181
713140,23.68375119236546,88.05930801981445
713141,23.342190639241267,87.76176971131301
713142,23.2067853064603,87.73101718362722
713143,23.507453708880956,88.03987631953534
713144,23.444560521677936,87.612238721908
713145,23.438395773057756,88.13748669285698
713146,23.197022894772044,88.17516160552888
713147,23.543711841818485,87.91635859890286
713148,23.484415672792892,87.4664768699387
713149,23.210514922545176,87.95596847667922
713150,23.590889120757293,88.07840024451764
713151,23.197538657253887,88.03239926351412
713152,23.545169513332993,87.61871530569609
713153,23.500957604944297,87.56064268938435
713154,23.222948459519856,88.09728793175235
713166,23.08786942224449,88.07712938874485
713201,23.50202771584498,87.31159466525902
713202,23.490398977741794,87.29899749696588
713203,23.565494666199967,87.25918940261649
713204,23.582370764229193,87.29444575610465
713205,23.600774351389845,87.35592652885862
713206,23.540970720244168,87.353470396376
713207,23.52695308623893,87.24478162943423
713208,23.52653183070808,87.28406914702418
713209,23.549869701295293,87.29820975887974
713210,23.527533822376885,87.32025486457297
713211,23.483365142360736,87.33716085292927
713212,23.55201812267038,87.41647917959072
713213,23.552943372188,87.2750676088442
713214,23.54503108499814,87.33076186697674
713215,23.506101973418872,87.27759330275872
713216,23.53973667965011,87.30329566815954
713217,23.55942536931571,87.22782039945848
713301,23.678717207867013,86.96946676220365
713302,23.702701325938325,86.97483310665423
713303,23.67495117864169,86.98868999503705
713304,23.692960158930862,86.94387591185242
713305,23.707193907534,86.9517821903306
713315,23.819932595109588,86.99703770570446
713321,23.594871371527795,87.21097636632092
713322,23.659999783427057,87.19880390160544
713323,23.596109307998297,87.09874804602467
713324,23.743637230729743,86.82329466024277
713325,23.6500874522336,86.94988720066125
713326,23.68712293049799,86.91458936310646
713330,23.733836751095826,87.0407549347348
713331,23.8621293316229,86.89837320307888
713332,23.669483713459705,87.06420977410815
713333,23.702746401965126,86.82817165282343
713334,23.769127551427907,87.0547124581411
713335,23.8112977568282,86.88752541564905
713336,23.7298500643252,87.08281090630024
713337,23.643683554595107,87.0726751624529
713338,23.62866534442561,87.18905732606346
713339,23.649607000772075,87.02145998367253
713340,23.706053645827343,86.99302729562278
713341,23.73191676249544,86.9533042557781
713342,23.670238006637955,87.17067774692393
713343,23.73347602624962,86.84927414491008
713344,23.710520083961438,87.09826453460155
713346,23.721903836726245,87.26072476347593
713347,23.60953450068963,87.13031487121079
713357,23.770624370010832,86.8675452890915
713358,23.639826753270903,87.10714835955056
713359,23.750737984237976,86.9248324934435
713360,23.69513268183602,86.86060457098155
713361,23.655194045947344,86.89951209478077
713362,23.68924004125242,87.13184355858691
713363,23.644917314104546,87.26451672121719
713365,23.859238302770105,86.91576698464911
713369,23.777810958473786,86.83794456803885
713370,23.673456839366175,87.03727419856156
713371,23.679417699957398,86.88313225257772
713372,23.68779488198363,86.85825553672315
713373,23.69968840676521,87.03836199370868
713376,23.624514878510777,87.15849779031657
713378,23.714200614856622,87.19821862311912
713381,23.689209112770868,87.34940355061528
713384,23.653563439934562,87.15923450429017
713385,23.656530145904124,87.31664043579701
713386,23.81849679860767,86.88712022571295
713401,23.14347302899479,88.04955864433326
713403,23.354921098926056,87.55803065503773
713404,23.000594878688126,87.99419475149998
713405,23.287073632106402,88.29657187982804
713406,23.345774358223306,87.67756832835458
713407,23.27801742723098,87.96174865192026
713408,23.063921394511503,87.98915051582833
713409,23.228891892871378,88.30474333418002
713420,23.399956641656516,87.4880236794793
713421,23.045439797779974,87.91283556497284
713422,23.327105502446702,88.16436087253311
713423,23.07689774014997,87.79040760341978
713424,23.081580827597485,87.86045423951506
713426,23.33442336795975,88.04995709254764
713427,22.99237545930941,87.78905624938349
713428,23.28098990515151,87.6378179940305
713502,23.585268989035058,88.18337132196282
713512,23.54181417816527,88.28768612973177
713513,23.450440971690078,88.29128717454017
713514,23.518746626937652,88.19061459776965
713515,23.372280923730152,88.24812552344949
713519,23.356097485486703,88.31725530440137
713520,23.459354611422537,87.9450494086184
721101,22.41928963100228,87.32450514486028
721102,22.4575068354755,87.20153928689696
721121,22.736941208370702,87.11523848656685
721122,22.567888200642265,87.39882925934563
721124,22.342941846164567,87.57070010899808
721125,22.05593466199456,86.97852523561576
721126,22.406021323315002,87.55890351262796
721127,22.86311073338742,87.41001132381083
721128,22.71800834276717,87.13744550188832
721129,22.528447273375907,87.2878356755934
721130,22.498241062343062,87.8712936928429
721131,22.323092628750278,87.670298325727
721132,22.612754024104188,87.29974132961362
721133,22.125347397952527,87.24264527781428
721134,22.43119233374621,87.88570006414659
721135,22.17339125623735,87.16480616852824
721136,22.45646543004169,87.62750733836941
721137,22.386076821443524,87.87918925975048
721139,22.434809562351706,87.70427258507341
721140,22.271047905456925,87.57441838612684
721143,22.18080106071404,87.09049529924067
721144,22.14717729772978,87.64024630569445
721145,22.260490843365172,87.27890303480079
721146,22.536476463594404,87.7352995609887
721147,22.641074928663,87.27464788731596
721148,22.559206726714603,87.8128323439942
721149,22.370154058822614,87.46513629263649
721150,22.51305480481694,87.45745260192824
721151,22.40178082211529,87.80924003358034
721152,22.34839582037207,87.72546662393943
721153,22.52102804808294,87.83325711803565
721154,22.464882012773458,87.81875742420756
721155,22.225867934531284,87.66750756212252
721156,22.4971329926868,87.58107972846537
721157,22.811761907314253,87.19803379205906
721158,22.49160512219063,87.83559851730358
721159,22.04449294630825,87.1181754401564
721160,22.350275033129932,87.61378267860756
721161,22.168222991476625,87.68812172473865
721166,22.202060192004677,87.533741841048
721171,22.432525059332804,87.85609569795808
721172,22.34563863389099,87.89469692759369
721201,22.72668204253221,87.52137437587547
721211,22.581281409329964,87.68587835454936
721212,22.663989490155245,87.72855776500951
721222,22.74127012146058,87.68232980560029
721232,22.7726189199615,87.6399365331303
721242,22.82140523413646,87.59386430081753
721253,22.750316130651747,87.33085068599128
721260,22.6483852676942,87.48148732923266
721301,22.31708410052245,87.37266836871844
721302,22.314924863604585,87.31001124828956
721303,22.331123775517135,87.23151315711227
721304,22.320878045709676,87.23891199909887
721305,22.385682759226672,87.36025376314076
721306,22.30592711789987,87.29535122600683
721401,21.790135963469574,87.73863412134887
721402,21.726976834011083,87.74483102674317
721403,21.735923805588154,87.7153957782858
721404,21.794902665965278,87.69039514886329
721405,21.811642176445122,87.788019878018
721406,21.78452581243201,87.7728270177467
721420,21.84363096050795,87.47894417072168
721422,21.87014569803742,87.62927322907153
721423,21.700300514220793,87.61793794042262
721424,22.086328985148203,87.36879096148988
721425,21.99895433185189,87.71692694544261
721426,21.924189635306426,87.29285939595907
721427,21.869774382209787,87.79602470870282
721428,21.632689896722265,87.50017879809053
721429,21.8879454437776,87.52949771265556
721430,21.957454569852587,87.82469300383886
721431,21.862280177351362,87.92707703170827
721432,21.921562049168518,87.89680549661072
721433,21.757819423554892,87.68074514959804
721434,22.08516329969657,87.62864096498919
721435,21.933378444393927,87.37368518882214
721436,21.837760968115855,87.41624604225645
721437,22.179714317069244,87.41291916520966
721438,21.963538408513912,87.55003762221376
721439,22.032501475347885,87.53092115408995
721440,21.97674559835962,87.59871754728601
721441,21.66681533628845,87.5407570921499
721442,21.824975661597918,87.83905870130387
721443,21.935669947011803,87.46039674439909
721444,21.908671111415863,87.72478342040199
721445,21.99418398603248,87.42559091945526
721446,21.703399108593832,87.49156099736176
721447,21.805124933325903,87.46326145485506
721448,21.777117229171335,87.52550288918317
721449,21.823975928558372,87.72761315268234
721450,21.745359670994468,87.80364205985742
721451,22.016486359666363,87.30536058399585
721452,21.801132111920797,87.61693507171682
721453,21.730418634843144,87.56837761218303
721454,22.05703699252043,87.61187400345663
721455,21.68671298545993,87.68750100776937
721456,21.968632422404887,87.64420332446004
721457,21.828410425250368,87.33521295854027
721458,22.077263228505075,87.69205185532124
721463,21.63092131255081,87.5294441709392
721467,22.12049287357612,87.52771509030063
721501,22.682187401038732,86.701854670146
721503,22.416400169485442,86.86399145548643
721504,22.60002727759505,86.94624092501185
721505,22.53693844268412,86.87625020817633
721506,22.212463093192124,86.88019708523262
721507,22.4458980313349,86.99732948141168
721513,22.33062673608977,87.08489129838809
721514,22.46221352187186,87.02892658337551
721515,22.609233218123155,86.80092239585069
721516,22.60077382429702,87.12198645310264
721517,22.241614617531518,86.99623972048666
721601,22.11830866203488,87.74608194160922
721602,22.073162107128773,88.13346187562476
721603,22.185196437522123,88.04349009595292
721604,22.041659702652233,88.08947827089243
721606,22.04883493410115,88.11119787741508
721607,22.03058806387575,88.06312649973376
721624,22.13238766255741,87.95060467751689
721625,22.065862587951415,87.88639178132749
721626,22.042620692495376,87.763512709116
721627,22.32135341410531,87.87480488610613
721628,22.179487799551392,87.97667382330306
721629,22.24784887767521,87.78038723714022
721631,22.001463945525135,87.99009857849657
721632,22.17494615864978,87.90723548252872
721633,22.133651760564028,87.83631467477478
721634,22.351703463313996,87.77964904848476
721635,22.11959966539437,88.13664325479803
721636,22.287833735508585,87.9262364096456
721637,22.330494533574495,87.9336746625962
721641,22.48326838626021,87.74595501073986
721642,22.194210981987826,87.76613510479068
721643,22.203291035860644,87.89792504014189
721644,22.256254128036378,87.73065322131279
721645,22.104127555087064,88.05844295264822
721646,21.92991865119786,87.98404391307473
721647,22.299837819657157,87.77253251300452
721648,22.245392376212124,87.93877214760286
721649,22.272626428132067,87.8654377577224
721650,22.017877171244802,87.90205573803422
721651,22.26563405189685,87.8160458046739
721652,22.21017810134912,87.84875043707235
721653,22.3221099361694,87.82233412369014
721654,22.123189018757348,88.01966435675517
721655,22.02844465192047,87.82352603307268
721656,22.078339396330357,87.95309934345435
721657,22.064244151823747,88.06764759984982
721658,22.16690152076167,88.1099591186579
721659,22.080853260034914,87.8366113103971
722101,23.23017292915678,87.06948997193555
722102,23.257289766232237,87.02138359336091
722121,23.07243435766177,86.87622865984325
722122,23.08946628296539,87.32717811449658
722132,23.33179672997464,86.97858680607196
722133,23.414976798318865,87.07188870545956
722134,22.783051617180888,86.91426303563335
722135,22.88860481397983,86.72280805890124
722136,23.16341380902496,86.87374354237207
722137,23.316289195483748,86.85730543585949
722138,23.017791276984372,87.45806686420829
722139,23.2581892653567,86.92901870406695
722140,22.950861976776757,86.86628390848428
722141,23.000449036100598,87.61443102020277
722142,23.477510843014024,87.20968754297084
722143,23.55470370078087,87.08143941166894
722144,23.13634443037304,87.19312482385087
722146,23.20702563991459,87.00575086557244
722147,23.09926911740168,87.26241538289368
722148,22.83156128576479,86.78177434681231
722149,22.943411261505876,87.26739124467171
722150,22.778353885395173,87.00402684916183
722151,22.91655372854848,87.08696825372733
722152,23.068628791044272,87.06898116892047
722153,23.58897428239322,86.91881679373637
722154,23.05875267797262,87.52961932421482
722155,23.273745156828014,87.0999203311094
722156,22.955368945413365,87.18328570845479
722157,23.211709624745435,87.32187715358509
722158,23.472554194367913,86.93957344891757
722160,22.93006235394055,86.98073857251329
722161,22.92998941292391,87.60336809222493
722162,22.728946243003573,86.83095743956007
722164,22.98486382052837,87.36806733977618
722173,23.173373323020684,86.81091179346917
722176,23.26562019557263,87.16093348616737
722183,23.46672146195942,87.14356349358545
722201,23.07336100668289,87.72047820845988
722202,23.424636402042026,87.26526021501215
722203,23.33059028367724,87.22839473809552
722204,23.39080587413876,87.3088155732361
722205,23.129185089871378,87.63417176814774
722206,23.18444553995402,87.51985114696056
722207,23.283866904339924,87.42622208129443
722208,23.395194077538537,87.35611606683506
723101,23.334532424024687,86.36168999129458
723102,23.258114669565842,86.38650586177293
723103,23.378208644525774,86.28285569787889
723104,23.347470813195194,86.58734890694772
723121,23.511648490485058,86.76540037574327
723126,23.462265490487106,86.50487977745168
723127,23.067392358859983,86.39870370858759
723128,23.150338123138695,86.5263640381679
723129,22.8374641242177,86.52762374763448
723130,23.28520226495149,86.68304603032325
723131,23.007453173104803,86.63906981239057
723132,23.40229017757223,86.66896376758388
723133,23.56587112665905,86.73612863937075
723134,23.597084339844987,86.66433729714295
723142,23.5850458545891,86.77070320636555
723143,23.095745703372778,86.18702541546999
723145,23.605067302298124,86.55927882997464
723146,23.586521936351136,86.47397481889254
723147,23.40094289913185,86.38988762542508
723148,23.343306459899253,86.50017836653367
723149,23.38416861141285,86.32967417586691
723151,23.178973162425304,86.6715525469151
723152,23.221946730057592,86.06728152840623
723153,23.193339766551382,86.27518389537079
723154,23.29111967713195,86.2478032493403
723155,23.522063090018452,86.48006337835744
723156,23.574482649136304,86.8305610110759
723201,23.36866905797788,86.14459008866464
723202,23.37320996563218,85.97620660498391
723212,23.267911999230616,85.89926951414894
723213,23.47748410609703,86.06613177158468
723215,23.494586765896635,86.08506438685819
731101,23.923075773209042,87.52800249641196
731102,23.860297919816738,87.52770628842195
731103,23.905591229170092,87.51551020815543
731104,23.851024373263336,87.42868841944022
731121,23.772539727616223,87.55650311010652
731123,23.845338618082884,87.32511917981023
731124,23.733242028333674,87.44108397333446
731125,23.803416441133336,87.19088709200874
731126,23.93583024178036,87.41122223749895
731127,24.00454781658157,87.53001287523063
731129,23.858620246731018,87.60072688964092
731130,23.97967291340115,87.30265497742909
731132,24.037266434865863,87.62909451359697
731133,23.75736270138733,87.31250793437717
731201,23.82475663206777,87.70264800450056
731202,24.214012218151325,87.84895412923665
731204,23.68781362890496,87.71007031590393
731214,23.651234386682912,87.53470400733981
731215,23.61897658089034,87.91385798467087
731216,24.09226458021767,87.69203037171944
731218,23.961793039441538,87.79658319974322
731219,24.463766009589385,87.86915432557811
731220,24.310085132571988,87.87076266328094
731221,24.44924162607667,87.9376562073033
731222,24.53512369587616,87.84925162857354
731223,24.21596187004823,87.72257667942128
731224,24.144800493455254,87.83951694604048
731233,24.127786603236927,87.77863698005798
731234,23.928870948790124,87.67339936654453
731235,23.691947882002065,87.69283725319022
731236,23.703218783325962,87.62376105931205
731237,24.280738056224422,87.95916045458385
731238,24.375781478059878,87.87954667888708
731240,23.607721863800354,87.7826140143633
731241,24.185568599612584,87.93638866732365
731242,24.249935115458143,87.88118212027945
731243,24.287587973994146,87.77595978107635
731244,24.150991933730555,87.90879337211187
731245,24.050521833238438,87.83765941306815
731301,23.685898704833868,87.85110180982832
731302,23.760014615266257,87.89171405116143
731303,23.80105043563546,87.80866910240493
731304,23.842157168407155,87.90252582691895
732101,25.003116914882728,88.13812918354853
732102,25.15843828350492,88.07553117512704
732103,24.94426953365064,88.1300060834067
732121,24.93557203306049,88.27528321049905
732122,25.014460620447135,88.3219427332857
732123,25.39648988001719,88.0054379407285
732124,25.229987898084445,88.23322372007783
732125,25.36030000265053,87.85965666302307
732126,25.3802577867362,88.07473110349562
732127,24.853971328553307,87.9376681337528
732128,25.122821207885764,88.12426449846645
732138,25.14492368084353,88.35597531755667
732139,25.272932210468475,87.99192812254768
732140,25.479968158475934,87.9306272998497
732141,25.069062524639236,88.20069481538623
732142,25.003574935323936,88.17564436224407
732144,25.044442533230278,88.09385781048769
732201,24.812755363401298,88.0358063126913
732202,25.057437291833235,87.91445442224607
732203,25.14802362864023,87.84760348726763
732204,25.127947816747653,87.98873112134626
732205,25.20725338335598,87.90873236550878
732206,24.8981995377348,88.08354545484981
732207,24.949203983610637,88.0184514654931
732208,25.03976566417296,88.04054418843332
732209,25.033919969669125,87.98206515896062
732210,24.77720323469744,87.98766461728557
732215,24.813741393535707,87.95519551219843
732216,24.84697570296541,88.1203335045181
733101,25.22112055796253,88.76822903496506
733102,25.250208316094156,88.71796175001823
733103,25.233555279524147,88.81767894890814
733121,25.442080163663594,88.42131989430341
733123,25.587252263644473,88.11482216782925
733124,25.404623624792713,88.50410692110059
733125,25.371465068289744,88.28745489615446
733126,25.283524346619775,88.95675218103308
733127,25.262958293400718,88.58482558813617
733128,25.38880323504924,88.16595066754341
733129,25.628442391772595,88.32556252380554
733130,25.681556149418604,88.1818633302937
733132,25.523821071543686,88.36712577943331
733133,25.34642292316832,88.80122987229424
733134,25.622529632002472,88.12879116982933
733140,25.38313666077955,88.63439744569996
733141,25.443503037293535,88.74353210757438
733142,25.2943208518179,88.48631575407848
733143,25.507937304758197,88.16135323461343
733145,25.25611467918234,88.89750584152434
733156,25.759640901541957,88.14287079407353
733158,25.32232427951793,88.71208277656513
733201,25.884555992881328,87.97424029884287
733202,26.253845541189165,88.22213132947178
733207,26.379949817240465,88.37005293023707
733208,26.045713022782518,87.99874357064897
733209,25.976555226166933,87.87933391327718
733210,26.031582679318248,88.08579843486534
733215,25.798568666597554,87.97597982329195
734001,26.727773432508517,88.45671292896193
734002,26.760298524359147,88.38750456389711
734003,26.78863498254781,88.41309312362804
734004,26.698051197318932,88.44333894920965
734005,26.700752118182326,88.41470879480693
734006,26.714440835869723,88.45199045711904
734007,26.68490292490201,88.43411746233954
734008,26.858274200610254,88.4429638757795
734009,26.79041910065637,88.33960242885551
734010,26.74059053047534,88.35804745366764
734011,26.703173752724172,88.36509500165512
734012,26.68394366180597,88.38576613131433
734013,26.724598124698364,88.34366138441044
734014,26.67341061881904,88.31867900819788
734015,26.63228328037304,88.42925232746974
734101,27.04364805549826,88.25459456836825
734102,27.019987031563943,88.2453124698468
734103,27.036435636236536,88.24506795339643
734104,27.087012383169387,88.25895553932064
734105,27.0710901780388,88.29468937236284
734201,27.099243446794677,88.16064442647026
734203,26.87277759911875,88.28349302866472
734204,26.887068896712783,88.28891735856521
734209,26.95338643378609,88.25204161828037
734213,27.072942266320894,88.34988896295276
734214,26.892291496395412,88.18163979244538
734215,26.920728904054418,88.20568713278435
734216,26.96093409344498,88.1618120320009
734217,26.82050467517496,88.27160478630681
734218,26.83522483270587,88.20109566580592
734220,26.897724157275963,88.26359003274075
734221,27.08670240036627,88.07767394753175
734222,27.040749586936567,88.37173344009824
734223,26.846283694001826,88.35183269910371
734224,26.929887254809678,88.29132419672987
734226,27.015018569564596,88.37353896004416
734301,27.011238794899658,88.500169305834
734311,27.14416677962179,88.62525316662484
734312,27.055448184191565,88.40740996634153
734313,26.970901387745432,88.3510642250323
734314,27.045703564623583,88.60950113785599
734315,27.153691290920534,88.56083195719594
734316,27.103444463370007,88.51601694661906
734421,26.684498201584578,88.32784419716342
734423,26.775270968683472,88.22385645479932
734424,26.735310974103864,88.2864695204316
734425,26.50993659327136,88.23302844555052
734426,26.589873716632194,88.27317272244663
734427,26.56084873042328,88.16462603946235
734429,26.656224218324184,88.21179103078039
734434,26.573565266707764,88.34188602444004
734501,26.872928131309415,88.54638639574355
734503,27.081230572702417,88.82383168824286
735101,26.52733254884554,88.72431864618045
735102,26.519070503917504,88.65212337985962
735121,26.594350380708086,88.67765959544828
735122,26.32829320906409,88.81758043504323
735132,26.439407604968697,88.70272752633542
735133,26.634975638237876,88.58960884608757
735134,26.528576317616267,88.53336201860068
735135,26.646134344389722,88.50253694431417
735202,26.815442162364,89.0102141176003
735203,26.760978142344296,89.04942857959944
735204,26.707653441273244,89.1131637509696
735205,26.899988116788123,89.00047744454692
735206,26.836398179049446,88.8274719117826
735207,26.861303295721733,89.069166522575
735208,26.78303295649219,89.39160041496794
735209,26.842730537634957,88.67564814576737
735210,26.60217091745675,88.99933164039875
735211,26.526952072103587,89.21122332683889
735212,26.69713539978576,89.02279281179679
735213,26.681626204492026,89.19510358492003
735214,26.64582765443556,89.41529874847863
735215,26.708925819131256,89.35563065409364
735216,26.596273326126934,89.13884908517726
735217,26.685955503528444,89.467231446393
735218,26.697619135410783,88.68689496785376
735219,26.705570175212785,88.81573666845281
735220,26.710020782113393,89.2850245221948
735221,26.858856834531082,88.74140264262883
735222,26.8657111686597,88.63313336918041
735223,26.958025917892435,88.81425976703314
735224,26.56532816539493,88.86621247452396
735225,26.86164935220649,88.91723482487147
735226,26.811206711268742,89.44327513755984
735227,26.679596457302647,89.56672208842318
735228,26.76794887447391,89.2086314808482
735229,26.90410102716638,88.69253126917336
735230,26.781056999600946,88.74469438787776
735231,27.026810016261553,88.70528032141917
735232,26.75539369959189,88.98077541486653
735233,26.73332970569595,88.91798461473321
735234,26.77743258230939,88.61391363116249
735301,26.448266209370672,88.91150173295844
735302,26.6093103590921,88.77087870980951
735303,26.456532673324627,89.04947195480527
735304,26.30618133332742,88.96633295580253
735305,26.473498756294056,88.81949739013761
736101,26.32504590754832,89.44691204121715
736121,26.47536298590031,89.51060365195819
736122,26.52156209866927,89.5070284932078
736123,26.537876519132904,89.53759165366058
736131,26.371653951944435,89.78557840439353
736133,26.411246883445198,89.49673558350244
736134,26.212386771724216,89.52166368727735
736135,26.094948598541446,89.46206225736918
736145,26.157181131956097,89.36329131864326
736146,26.35898957087962,89.17375848414503
736156,26.299772151623124,89.55616398515076
736157,26.301750330044275,89.31487846545436
736158,26.157072887153024,89.22410641232908
736159,26.345065716005863,89.67090832573211
736160,26.278644997240548,89.69839908905922
736165,26.407381592770832,89.37625518764837
736167,26.07573029824523,89.3384595671506
736168,26.038580562700734,89.55977562804497
736169,26.11566586723212,89.53172275953236
736170,26.283636423373505,89.44270717720724
736171,26.433596518029766,89.2890690624905
736172,26.232908713807806,89.21075749104104
736176,26.11297358153953,89.59812186022293
736179,26.36379927018114,89.46758552783574
736182,26.83321662833993,89.3861059137204
736201,26.67310390613844,89.71281976284274
736202,26.50682088177435,89.74709983537294
736203,26.593994281834586,89.83198103861014
736204,26.552793255854528,89.35046736068942
736205,26.674879790499844,89.82252063967061
736206,26.558570094390703,89.69095439892634
736207,26.483285866676084,89.82539696933695
736208,26.51492692993379,89.61184248371971
737101,27.342596874004855,88.60782133025103
737102,27.330549144701788,88.7647195465935
737103,27.36331937894705,88.61640471457044
737106,27.2383066323642,88.6249037509737
737107,27.434281190289543,88.47108184692553
737111,27.416561827663536,88.31676856973196
737113,27.444363329837394,88.16617086173066
737116,27.511143496605555,88.56237304266263
737120,27.81553549837349,88.5437528301977
737121,27.18151210202992,88.18817772465233
737126,27.166697989540836,88.36618856081377
737128,27.11192656669522,88.41769626899125
737131,27.22118737528663,88.734085368038
737132,27.18168425717293,88.49979852906519
737133,27.196057930376778,88.63976741174868
737134,27.289550355155416,88.48132842593776
737135,27.285785403116257,88.59494170844812
737136,27.193443204008343,88.50049720891747
737139,27.314953486035442,88.36718747551028
741101,23.403511799881223,88.48012511205584
741102,23.360293024938585,88.50446403762137
741103,23.527939961246776,88.50060992166424
741121,23.296088588672124,88.53358091731923
741122,24.022041621051102,88.68401932339395
741123,23.544255066298152,88.58907887862712
741124,23.622167365868552,88.51337903506159
741125,23.465041482085454,88.43671927233865
741126,23.6222596638063,88.40601223479415
741127,23.253237579001024,88.56494855581253
741137,23.670956022175762,88.29807744106648
741138,23.562281969507218,88.38691639298317
741139,23.487612643553124,88.4529205814886
741140,23.502254675943036,88.48748134911536
741150,23.72204630914341,88.22343774543283
741151,23.385089682997364,88.5715494092991
741152,23.950268106483822,88.61598179899163
741153,23.635036686401975,88.21465823556598
741154,23.543040219407253,88.436009234941
741155,23.805889353106153,88.46727492150661
741156,23.769525472612255,88.37775402629092
741157,23.769270295374916,88.25992654437495
741158,23.980420485263565,88.72813508543818
741159,23.26115229203422,88.5323713813331
741160,23.736978978852083,88.51713119472868
741161,23.431529003910143,88.58667986130334
741162,23.55555223756727,88.33508500660909
741163,23.81725232426479,88.5524430181524
741164,23.474372570110468,88.53761448507186
741165,23.90287082855566,88.56314464035007
741166,23.495305665138254,88.57427451486811
741167,23.44148892240785,88.64542263871655
741181,23.731697140001906,88.31083910621223
741201,23.182980808554163,88.55411469401743
741202,23.1898509861041,88.61258935561051
741221,22.93724310024504,88.55318730736717
741222,23.056762309968455,88.5713128735196
741223,23.075906373199803,88.63771947956268
741232,23.156218327953827,88.58630229165944
741234,22.95889754592212,88.49572462121785
741235,22.973749284377295,88.4446051721174
741238,23.137802723296232,88.65091337248992
741245,22.997389217996123,88.49164054831843
741246,22.949806171512623,88.52407267798135
741247,23.129948357446885,88.539408907453
741248,23.03652975268038,88.50016740231348
741249,22.9687079330544,88.57420256988061
741250,22.94377364957323,88.47513512879286
741251,22.97296541133627,88.43276453999059
741252,22.947950917606395,88.52940612750425
741253,23.182254617029084,88.6944693167056
741254,23.21741026190322,88.56021674113349
741255,23.15131686255085,88.49612930624707
741256,23.137392718138972,88.56972926231482
741257,22.951603150014144,88.63769023587521
741301,23.39296748210929,88.39364799360078
741302,23.410373751149894,88.36608653763095
741313,23.452980199719622,88.3878020865687
741315,23.410349382495713,88.41604414396858
741316,23.350727826556945,88.35160941631914
741317,23.34300453553976,88.39652558202658
741319,23.39966150735182,88.32643800087912
741401,23.31943859827729,88.45815863725942
741402,23.206907958400286,88.50751222596524
741404,23.262671237626016,88.41581807392612
741501,23.24842360244771,88.63361232352129
741502,23.345608420576625,88.65927808199456
741503,23.462691563398508,88.76802683167323
741504,23.251582426831312,88.69576020195449
741505,23.36588100691344,88.59958620735829
741506,23.454584743246905,88.68564811209997
741507,23.39365000160577,88.72760575310534
741508,23.49331147232763,88.69917637638744
741509,23.419183996969025,88.67692760592571
742101,24.087111473176673,88.25223534607812
742102,24.095400010363,88.29073890846894
742103,24.116341555256213,88.25445511899183
742104,24.188593627547355,88.22077324129276
742113,24.28038523448618,88.25324607807566
742121,23.93167999295303,88.47061866808347
742122,24.260675332441316,88.19247524677573
742123,24.243679623913614,88.30848288055137
742132,23.92240252357336,87.95540689233772
742133,23.94172938301756,88.29070878549585
742134,23.999599520626443,88.27310217826188
742135,24.321062917433917,88.37556247630508
742136,24.075080470957676,88.11793625271352
742137,23.959061564753956,88.03782039568823
742138,23.95804231581455,88.09674700907391
742140,23.947608310284917,88.05982695791397
742147,24.02340841165742,87.99048613653565
742148,24.416462370052656,88.2448778500204
742149,24.171807718998533,88.29226590950576
742151,24.368027725088215,88.21578827668968
742159,24.10944931828525,87.97946732578791
742160,24.208139658014968,88.27399224691523
742161,23.8657137683779,87.96887705694164
742163,23.822497234078813,88.20952216545588
742164,24.154463322745332,88.308461010644
742165,24.036959453802286,88.31992436100165
742166,24.046333291432433,88.43992895390116
742168,23.99245468413196,87.90575904623086
742174,23.868924926615698,88.36307916877307
742175,23.94003557250608,88.38419012023952
742184,24.1944997293772,88.05323160166365
742187,24.12240541562063,88.2020537529782
742189,23.8801606084346,88.25816083630772
742201,24.587425455062768,88.03707500968113
742202,24.655371982057442,87.94251599976268
742212,24.78889789374788,87.89480826012723
742213,24.47619660764479,88.12022511637359
742223,24.522600836426733,88.03435471240103
742224,24.626148494113078,87.98728095243447
742225,24.454984392036973,88.06733771103102
742226,24.285689194188443,88.07126602614676
742227,24.40026708143669,88.08464125102192
742235,24.42786257078511,88.00498188029343
742236,24.775823588406876,87.90450314706996
742237,24.34865151906563,88.12826054617551
742238,24.188263475742904,88.14155621376443
742301,23.881872117813078,88.10481743786364
742302,24.15705576525647,88.38468697411768
742303,24.129310469581792,88.60226679692788
742304,24.205777672618503,88.473243099872
742305,24.147571253866236,88.68923635441853
742306,24.260788210103918,88.68178643660148
742308,24.264975132070717,88.56458844977854
742401,23.802200813681864,88.08432890588922
742402,23.777904054173767,88.14584815195363
742404,23.817009400089972,88.16006319500683
742405,23.973721638443223,88.17321762089786
742406,24.061455862874173,88.54680064872775
742407,24.06838649701169,88.25570707781706
742408,24.023171952984846,88.24854072671205
742409,24.243650346047584,88.56723840129578
742410,23.880674026070707,88.2857765162095
743122,22.78526828702019,88.37620513103445
743123,22.875017458312406,88.40663385623746
743124,22.850339580712465,88.38467128115971
743125,22.856935571636168,88.38306488370486
743126,22.838325743267813,88.44361391827906
743127,22.817010243060498,88.40231538795484
743128,22.842384264761122,88.38121331904617
743129,22.864777076196393,88.41044746366154
743130,22.870054405520765,88.44144214049314
743133,22.821333107568236,88.36822380404824
743134,22.940615511847298,88.41387010368834
743135,22.914549478045654,88.42795972570738
743136,22.930032821277273,88.42796929941865
743144,22.801078939438497,88.36710244959743
743145,22.92572359630444,88.4709863620413
743165,22.88547449891395,88.42120747667087
743166,22.888367481732804,88.44937863390933
743193,22.923736451090697,88.46788283380849
743194,22.861893155647007,88.39042943697814
743221,22.82453120529165,88.50750906643316
743222,22.84015629546599,88.5936449876986
743223,22.837789870934195,88.63490769508763
743232,23.19414179938458,88.9205573390124
743233,22.817411651479016,88.64247375678576
743234,22.791266249751466,88.57436756875158
743235,23.064806533128916,88.82603905328625
743245,22.973245212237934,88.8042403378394
743247,22.8457816589999,88.80711475497692
743248,22.765738105740866,88.5304320457916
743249,22.923928406997863,88.70654387307711
743251,23.145857199078062,88.82198581364497
743252,22.882760432278342,88.74284527043937
743262,23.070808740860624,88.75175856735072
743263,22.855378963500353,88.68518725316956
743268,22.841140338107724,88.6481178840258
743270,23.208321591229225,88.84244757529632
743271,22.808561746932213,88.68790883941887
743272,22.87372611906523,88.61347337385614
743273,22.88795653868781,88.86883096317244
743286,22.830295192504796,88.87407886133008
743287,22.924480881798868,88.7848897493537
743289,22.844656896271914,88.74458335539799
743290,22.99313106589013,88.69683302755472
743291,22.63960681239123,88.81327433388125
743292,22.689142351852187,88.91159625354967
743293,22.719980313567476,88.73226965818327
743294,22.739524880416873,88.56169105100402
743297,23.20097285598937,88.74959230040152
743312,21.87446799744841,88.74527792633444
743318,22.389192424557926,88.14390639444018
743329,22.2928406997733,88.69676029675739
743330,22.429305162768728,88.52320138663876
743331,22.19343166152554,88.19632169881461
743332,22.163692281089293,88.25437501195134
743336,22.11243671186059,88.31111207731067
743337,22.21188986913005,88.51269814550358
743338,22.1117719303416,88.5483496822958
743345,22.1029296160524,88.30285232512854
743347,21.85816023750589,88.2546902476293
743348,22.011006092934895,88.24392938156994
743349,21.980818604377628,88.4727534066716
743351,22.081016507878157,88.249774961199
743354,22.086804287442764,88.41044509282601
743355,22.231643593590164,88.37321876343043
743357,21.667948835414602,88.25093379766612
743363,22.38549884905219,88.55349410331756
743368,22.22444861821993,88.17189568812789
743370,21.930174260453285,88.92975079271277
743371,21.704926085457707,88.47896687039967
743372,22.261395471383857,88.46892228649331
743373,21.724416036832483,88.11481996687054
743374,21.951852596113262,88.2115434506183
743375,22.244371809220752,88.27605204208108
743376,22.342526170824755,88.60230572916512
743377,22.37900874780337,88.20180253582706
743378,22.22503693043217,88.89780388713986
743383,21.900808002948054,88.49108251468584
743387,22.33367675446152,88.48869151281068
743395,22.161593091186678,88.35975544528408
743399,21.993202452113078,88.31378259785107
743401,22.758504553024057,88.79993146990084
743405,23.052917857615505,88.86396917819336
743411,22.66255814913287,88.88450534283253
743412,22.677499615961114,88.8474212734993
743422,22.614688306537566,88.8556110660334
743423,22.68391254677246,88.61430689091308
743424,22.7126477412625,88.68868083809107
743425,22.553171808226956,88.69355936434087
743426,22.5316699475915,88.91320346215268
743427,22.755801338727185,88.88263833280962
743428,22.675024088182887,88.79963578752498
743429,22.611824740932484,88.91380479700899
743435,22.444325201388704,88.94564767790251
743437,22.693467588518764,88.7620923087352
743438,22.785359425136768,88.7423331920919
743439,22.259576778192148,88.9925061346417
743442,22.43801665162976,88.82842346459452
743445,22.619372659953626,88.74909590270327
743446,22.317227025874473,88.89128515433934
743456,22.547162779737366,88.803172777385
743502,22.487272207098883,88.60657443155799
743503,22.36141139741826,88.276700467304
743504,22.29111157768706,88.13704072652683
743513,22.30486546063515,88.26318079800267
743609,22.268895533941283,88.33197095570837
743610,22.328536128880636,88.40225857802045
743611,22.251071746027712,88.79151567229853
743613,22.418590681060383,88.47753079594864
743701,23.02466469171373,88.75261303621463
743702,22.82668355023233,88.54509374149924
743704,22.786994446944014,88.63019738435268
743710,23.124788697232866,88.71803395861328
743711,22.890220882621787,88.54357505742446
744101,11.667562556772072,92.74011411768107
744102,11.672828861601765,92.72423935732873
744103,11.71138518176573,92.59138495865443
744104,11.831111551969862,93.04403810970642
744105,11.46949548040771,92.65991941049244
744106,11.656875967518857,92.74798629431415
744107,11.721134742875165,92.73213685776204
744112,11.643429916166912,92.74342211902606
744201,12.71187000009589,92.85896616909345
744202,13.350801260236327,93.19702266554683
744203,12.395310187125451,92.93902746551184
744204,12.881931574980051,92.80033703696782
744205,12.539087565334778,92.81797000835961
744206,11.893153933119349,92.69105587112276
744207,10.688102410312124,92.50274470653176
744209,12.359229857140182,92.80135563364162
744210,12.195527160216741,92.7924994106845
744211,12.164716829640575,93.03946100613709
744301,9.178788861415413,92.77752850375443
744302,7.082504431200616,93.80358256163423
744303,8.15337028794622,93.36174443743002
744304,7.941469864488372,93.38851864820846
751001,20.27146089122813,85.83127003446369
751002,20.21290033927179,85.83830114994109
751003,20.274209902765698,85.79843978951713
751004,20.302941299082452,85.83875751611689
751005,20.313256102997848,85.84020360295072
751006,20.264732930732965,85.85615432247897
751007,20.28723441837292,85.84860169143859
751008,20.271654543600178,85.81837685718133
751009,20.260839538707636,85.83337873012053
751010,20.31359689966236,85.85584538945892
751011,20.285424800379936,85.80138527052642
751012,20.282179025267514,85.81723506352712
751013,20.304089207858535,85.82406741321728
751014,20.2501091641277,85.84349577474906
751015,20.29554935958322,85.80700345971455
751016,20.325404010689574,85.81686682755478
751017,20.325413747853958,85.83349235084849
751018,20.248231752274897,85.85341375327172
751019,20.2362465418628,85.77939212407475
751020,20.24711317143691,85.812241235355
751021,20.332756031735855,85.80736815471397
751022,20.287677987829543,85.83535698875626
751023,20.313000623861132,85.81405415691044
751024,20.38008755883934,85.82046843636233
751025,20.289593116662974,85.87261953447633
751028,20.24091698671687,85.74659300954055
751029,20.304289277280958,85.77143151576652
751030,20.25873241143412,85.7894737512962
751031,20.34848577323932,85.84775214703231
751032,20.346160644362413,85.89102744146824
751035,20.32568502713004,85.87442826412091
752001,19.800549274381137,85.80882318405673
752002,19.818235271753153,85.78151955544865
752003,19.815056493899554,85.85976335114428
752004,19.872983460673648,85.9295736481197
752010,19.746072478398784,85.479415478348
752011,19.82698219356941,85.63868333185626
752012,19.89836879269046,85.77201929830204
752013,19.860177224225335,85.7301557137657
752014,19.944016438772568,85.77664622678589
752015,20.073957357668622,85.71487109960155
752016,20.02170388602381,85.74922826762452
752017,19.968887103478487,85.63402495481759
752018,20.064522163119264,85.58329443345141
752019,19.961646654527883,85.54377802554178
752020,20.0450890976826,85.51714539926235
752021,19.952966325561878,85.47476992330834
752022,19.871856603730123,85.42734296805241
752023,19.909856877804167,85.40377021190346
752024,19.967151446077466,85.41013881530723
752025,19.96957489422162,85.2658384569218
752026,20.075913528924588,85.33694906696799
752027,19.861626805841322,85.36288315280538
752030,19.749384509278382,85.23755088380518
752031,19.79466409993466,85.13116647705138
752032,19.608013385486156,85.26679035601066
752034,19.827909223938782,85.3051705919366
752035,19.87116466153305,85.09195633084892
752037,19.68215891645998,85.20114943882982
752038,20.077472697807256,85.42659850389575
752045,19.950639510328646,85.90162086807125
752046,19.997960716015623,85.82427634207382
752050,20.145795281070825,85.71686692929606
752054,20.26317913825081,85.69706979243372
752055,20.182774465033038,85.61903112120882
752056,20.153769658659215,85.55757490746733
752057,20.23336034631353,85.59176961259793
752060,20.086145995851993,85.62227168559845
752061,20.24511746001748,85.4837769981561
752062,20.148812989714862,85.45974728666349
752063,20.300259538589355,85.29849590481129
752064,20.208225709907378,85.39012239284361
752065,20.13610339241823,85.30281936229417
752066,20.186319264334927,85.27712217991498
752068,20.166262204314403,85.16748896070997
752069,20.13158313399038,85.1186745358557
752070,20.122230999400397,85.08376679661086
752077,20.271910510773907,85.1366433683676
752078,20.36073689033082,85.18241076981099
752079,20.09014879615294,85.18015931451842
752080,20.002593668442742,85.08986384152622
752081,19.980827999882635,84.99989224514688
752082,20.109006979550983,84.91073479580879
752083,20.227460585254853,84.93346351498275
752084,20.426456567400866,84.80078512458968
752085,20.436733749050084,84.9833678054967
752089,20.339029782248783,84.64297865696966
752090,20.00748049888887,84.91935589278626
752091,20.268520980465087,84.80418402558183
752092,20.033776572868113,85.19706336451473
752093,20.352805965545073,85.00427287542034
752094,20.15006341654659,85.00907878095852
752100,20.2177566022931,85.91031400519512
752101,20.300818449727313,85.90676379610309
752102,20.17771209469141,85.9611269375067
752103,20.149798667392712,86.0156695537647
752104,20.114640742227447,85.84081004334372
752105,20.02922291329065,85.89199794374632
752106,20.052195877507096,86.00994066458856
752107,20.01868151284994,86.14533180359733
752108,20.006479678894493,86.19153806903286
752109,19.963753891323247,86.2845822612289
752110,19.95847096710273,86.02082644225064
752111,19.903392371190904,86.10027609540035
752113,20.050616551265794,86.07736896320742
752114,20.09685605056022,85.93888055216686
752115,20.27120518961935,85.93894188802719
752116,19.980785594994593,86.07731916980542
752118,19.949927179224265,86.18077096105101
752119,20.02154452247594,86.25323317772609
752120,20.039125820606348,86.11997171986746
752121,19.976472789517082,85.94823360557466
753001,20.47598611131283,85.87779857260061
753002,20.46740301238054,85.85867479406181
753003,20.46860267539289,85.90193528338804
753004,20.456562117021047,85.91873848486918
753006,20.46026558991819,85.93864280738961
753007,20.47686471195498,85.89486901453911
753008,20.482808235327,85.85370934185038
753009,20.459820885524525,85.87432447376284
753010,20.441488946685567,85.90527214137444
753011,20.40265905289226,85.90662948202782
753012,20.45383711186147,85.88895739022169
753013,20.4496071526501,85.90721469628906
753014,20.482014880561525,85.82592366326072
753015,20.484751161067123,85.80757130273594
754001,20.35035457177062,85.92345247745247
754002,20.28106209251299,85.96627648578311
754003,20.330164897458765,86.00044242881614
754004,20.12404839178075,86.10214863728854
754005,20.437748228451724,85.83570781740225
754006,20.437348444151457,85.75520279779778
754007,20.37224737743107,85.63721304445637
754008,20.350577391779694,85.51957819233587
754009,20.316427170140514,85.40938915692112
754010,20.222432874128092,86.01530916524001
754011,20.21804174127958,86.01539273250563
754012,20.37080138998901,85.74319920509862
754013,20.4336441001924,85.77537063674534
754018,20.275034838525922,86.01848457713356
754021,20.490930205896788,85.9205572935095
754022,20.612264913188042,85.9728240440944
754023,20.61245273371069,86.0668502174522
754024,20.66529696164331,86.07712264174799
754025,20.543871473604785,85.95664017731507
754026,20.508405658981225,85.89604176420715
754027,20.51130460467165,85.802692124624
754028,20.601910251192052,85.85181435686746
754029,20.511795453550853,85.62200706572138
754030,20.463951525036293,85.51746098492127
754031,20.426542040618358,85.31062079298093
754032,20.522373320936417,85.03936356765976
754034,20.44650252817285,85.40236982119626
754035,20.4345251598284,85.46702391161284
754037,20.46819825427013,85.19062612184631
754071,20.527098744597897,85.90886813145528
754082,20.67647118589622,85.99264950097273
754100,20.416085115378305,85.99069629223133
754102,20.310200016574893,86.09198520064174
754103,20.258388755263994,86.18172482015049
754104,20.30180202217378,86.23145508923457
754105,20.218631985464757,86.07229779074488
754106,20.21969224530369,86.25155998439382
754107,20.15688731590882,86.20932579363615
754108,20.152938600218892,86.2809953339363
754109,20.169562354530232,86.16568677622483
754110,20.11695715510683,86.39610290580144
754111,20.335159869822974,86.04412977979347
754112,20.398280012403596,85.95194372943517
754113,20.087942807627535,86.20483338106752
754114,20.264762986803913,86.11712407435208
754119,20.04761858459596,86.34651611220625
754120,20.30430994336395,86.65559474079025
754130,20.40288864837854,86.05930949394435
754131,20.427352489352764,86.10207241669855
754132,20.338840722201436,86.1551847435414
754133,20.342539283988504,86.23843589898067
754134,20.39362993544488,86.27947033157707
754135,20.350292991754138,86.27608484944868
754136,20.26287392228934,86.29861398233264
754137,20.322704308860313,86.33058979657994
754138,20.20832756150786,86.36761051374559
754139,20.188208350307725,86.45938672139359
754140,20.29118165215486,86.4388478653597
754141,20.2918889489094,86.5488740029251
754142,20.339130103424473,86.72802281248717
754145,20.26974954767273,86.62639434837189
754153,20.386683908347372,86.37141130647541
754160,20.28855514071353,86.37261422054156
754162,20.35312327794438,86.39720288718107
754200,20.485476348924536,86.00430676332233
754201,20.539786510936548,86.06760830591914
754202,20.49054138334576,86.11282325268931
754203,20.457761372990205,86.14179578412508
754204,20.602650536163015,86.16918380347927
754205,20.62023624715919,86.25758737594678
754206,20.561331320827556,86.21465555259448
754207,20.517574138345587,86.22750804392508
754208,20.509331031050056,86.30945826857422
754209,20.458033698474996,86.24510591386682
754210,20.460508341239738,86.31534379159521
754211,20.503724424697232,86.41465644530885
754212,20.476471066109852,86.49907104592388
754213,20.408504350843216,86.491908654908
754214,20.606101603636393,86.38526247815538
754215,20.584672223379513,86.56967788384998
754216,20.515314873992676,86.57911804382255
754217,20.554893810224037,86.65004548107032
754218,20.641139483666088,86.54362155096445
754219,20.677765216430814,86.64002461612591
754220,20.7099542771782,86.74042946506232
754221,20.526801758257296,86.15859017450033
754222,20.583217839436184,86.48099426498057
754223,20.466299525784052,86.37258179731501
754224,20.41339597274785,86.64719685573358
754225,20.62173866407856,86.8473880262956
754227,20.754145406508385,86.64750358451126
754228,20.407931235560078,86.40667851013174
754231,20.653467397910887,86.68759788709274
754239,20.680659736868375,86.58270869879422
754240,20.624182432444616,86.4751446668807
754244,20.435196546557194,86.41661196221268
754245,20.495893788764562,86.66802791394473
754246,20.600587770270778,86.70862221075602
754248,20.722484369665647,86.88742652676578
754250,20.544038619282784,86.39664283977483
754253,20.382186122056208,86.4269248584145
754289,20.54961061512816,86.30526625554589
754290,20.565670705452117,86.11452879881655
754292,20.638765049400234,86.28353409561237
754293,20.41693649033064,86.18926248323984
754294,20.229996941425444,86.16294188705685
754295,20.493677851327465,85.65943480694696
754296,20.659855414651116,86.13883912937867
754297,20.58210262013037,85.74304553506892
754298,20.378785626981728,86.14971028458676
754299,20.456188558321745,85.57338627688108
755001,20.854557919077546,86.32493250601395
755003,20.683222207648356,86.34955520795512
755004,20.702229123598183,86.41923121512193
755005,20.719492410871037,86.26417214193347
755006,20.829296963742266,86.45565867656454
755007,20.85152768229822,86.31776467955952
755008,20.760779258770405,86.17693403616016
755009,20.805758996522517,86.23509809348032
755010,20.64380863957069,86.40382606449485
755011,20.80261002543003,86.55854064789649
755012,20.70898137324878,86.45406039457603
755013,20.76866882587479,86.48728928661464
755014,20.81727228628049,86.40887800109216
755015,20.87529254097736,86.13861565789185
755016,20.726358520248176,86.5504555098246
755017,20.764874230644185,86.30094525547263
755018,20.97207600053405,85.89146522897286
755019,21.03532257392938,86.07187407867353
755020,20.946606294124955,86.1081637199915
755022,20.988811866266968,86.18052990257858
755023,20.80943037537528,86.05933370286921
755024,20.73546063915816,86.12059826098152
755025,20.996866072696875,86.2389190959071
755026,20.94992140609739,86.02191070654895
755027,20.754833185413194,86.38065551855526
755028,21.07216637015803,85.76999954077328
755036,20.85409300762564,86.5361262966883
755043,20.89806121010707,86.24290194056236
755044,20.704954760908123,86.06439033523701
755049,20.686130917556717,86.18713026876192
755050,20.772547760540224,86.1384070037977
755051,20.843763209850763,86.16150696148043
755061,20.671572631509488,86.50845521207857
755062,20.798989674302828,86.3546278200459
755063,20.60374447317706,86.09671608844015
756001,21.492357724515706,86.92285750897815
756002,21.49112575294454,86.9724871748403
756003,21.541755978555997,86.94509796123802
756019,21.535740461852555,86.86991906806709
756020,21.57337931627964,86.78334901977514
756021,21.402806636692322,86.91684000883423
756022,21.680442823887685,87.13087678136003
756023,21.698241607335955,87.2098729806985
756024,21.588190593244104,87.18747875958766
756025,21.460829934285076,87.00745708357616
756026,21.676859186410635,87.24268834637353
756027,21.586326445687185,87.12538064683855
756028,21.640493386402706,87.01812669570646
756029,21.659027498560224,87.07016118523538
756030,21.741695520205464,87.12479248612024
756032,21.802585283417663,87.2310884691092
756033,21.896317830478893,87.17642777449608
756034,21.74890759814602,87.30141515095109
756035,21.73698887580808,87.38629095912466
756036,21.675791770975135,87.41789865087308
756037,21.59420184494787,87.39136290709763
756038,21.620985530048067,87.35175167501788
756039,21.645550963722584,87.45210543348942
756040,21.471357767423733,86.76584528177787
756041,21.48046790288194,86.69920011444107
756042,21.336440732997886,86.74719939354708
756043,21.395441635023975,86.80738777897025
756044,21.319119403345244,86.84129639991713
756045,21.303117832588747,86.6892605667906
756046,21.217920685965442,86.77019337505072
756047,21.35385624181743,86.58579469367983
756048,21.315512922606985,86.46728765388374
756049,21.329523690172834,86.51509900050397
756050,21.28445270886742,86.54765712722272
756051,21.254381925312455,86.82958433983568
756055,21.229703031370363,86.68976016525392
756056,21.481622521759235,86.8757116025747
756058,21.502050794637817,86.62634971799575
756059,21.300270332104674,86.40467685548383
756060,21.44613572074684,86.84284547137906
756079,21.691460673134305,87.32476302970367
756080,21.624502353756153,87.1324528629581
756081,21.685924057664966,87.17083652137607
756083,21.58288997846917,87.28289882526606
756084,21.790521650500665,87.29138706932477
756085,21.618314281102414,87.45825132665706
756086,21.768604614780745,87.2237426326763
756087,21.829822877653072,87.22100888384571
756088,21.724692032735362,87.22967121526176
756089,21.545987426110035,86.82776850025687
756100,21.061257061439935,86.5106816117546
756101,21.10922985087021,86.51955877744436
756111,21.14334102647767,86.55293008063423
756112,21.0206714300786,86.41575058618677
756113,21.106056818900353,86.43188897249897
756114,21.123892205772837,86.34006464939223
756115,21.226783384021886,86.40352711519037
756116,20.99320874606636,86.53259934988964
756117,20.92006711666324,86.45296323343067
756118,20.928271159772937,86.51389980410262
756119,20.887410712262174,86.59010096811481
756120,20.933922511327324,86.37418364991854
756121,21.033425454578204,86.29857789678353
756122,20.92638831492453,86.31045743049087
756123,21.071675238621673,86.61377813552613
756124,21.07561937586106,86.69876451007909
756125,21.08860922433026,86.79574517442455
756126,21.197409804295535,86.60775524201667
756127,21.03224930608825,86.5909346422468
756128,21.009355361305598,86.55119606644108
756129,20.932033030220953,86.8196400821596
756130,20.990354667342217,86.67255220622161
756131,20.948518984683552,86.72606120390462
756132,20.846560845357324,86.79620049791203
756133,20.79718292688874,86.75824531312576
756134,21.192426418013813,86.50472480073634
756135,21.12367521641756,86.41261081088818
756137,20.945911559829362,86.53138866422637
756138,20.825444745366063,86.65618708990878
756139,20.99340320307996,86.6118903957366
756144,21.156978087238844,86.29247144885302
756162,21.172517309644057,86.79429875852223
756163,20.959905145430753,86.59269546040831
756164,20.951699267000627,86.8787301259727
756165,21.114249288477716,86.68264028638148
756166,21.119182288798758,86.62262071979968
756167,21.038184109823362,86.62247983220553
756168,21.1652556804083,86.68603618082481
756171,20.82445343834228,86.93123031242865
756181,21.066145003865678,86.5031544645418
756182,21.227027988030727,86.48448070162432
757001,21.92814496226306,86.73596729098492
757002,21.95161891262369,86.73430052236463
757003,21.953144132999935,86.75036247898451
757014,22.080660563910744,86.764930131856
757016,21.772277651164305,87.04480671310395
757017,21.645852787210373,86.82325891920534
757018,21.834552858563594,86.91614037733254
757019,21.70345064797647,86.62148546053389
757020,21.822701506325274,86.99174707715687
757021,22.056662987344115,86.8374210183385
757022,22.02667736449487,86.96153735172325
757023,21.9384273575855,86.89347562360383
757024,21.860799352600825,86.6431713086758
757025,21.740754505730397,86.80826350697004
757026,21.71217802678225,86.73373770092334
757027,21.629050623321273,86.73650632428755
757028,21.64117907218421,86.92319938199526
757029,21.838885009089545,86.80375120664229
757030,22.06260404815511,86.63764964735661
757031,22.214725523003498,86.63687675041452
757032,22.161275210040294,86.56219699680881
757033,22.120505733322485,86.3491561011651
757034,21.867099681459393,86.27921026195061
757035,21.962116117045838,85.85568448959123
757036,21.771389613467836,86.09642192600978
757037,21.7490050524413,86.02471046482948
757038,21.49916301651165,86.2167451343011
757039,21.90966151374816,85.90151536482404
757040,21.500254173582956,86.51817517997014
757041,21.598808073004953,86.5571208317223
757042,22.330880998509954,86.27647369253526
757043,22.272681284788263,86.17679633427566
757045,22.26971048814951,86.06568757426193
757046,22.361497378572338,86.0995924515499
757047,22.049143230772096,86.05851978211678
757048,22.23067955093925,86.35936423987579
757049,21.944503735693594,86.61881925562139
757050,22.17194789538804,86.15507807647373
757051,22.272767775421016,86.55427755750469
757052,21.695788015100362,86.91822882815643
757053,22.477230333455044,86.04207430158795
757054,22.426064551269686,86.1679058227819
757055,21.80205274670947,87.12187726614728
757056,21.703905594755884,86.98883243896871
757073,21.84198956372204,87.05699873368552
757074,21.77217353385346,86.58647380225275
757075,21.796950365713087,86.653991131046
757077,21.567423288675595,86.44916228605877
757079,21.422822240488653,86.36933646226944
757081,22.120330002650714,86.68087638676606
757082,21.608268328030054,86.91345228459203
757083,21.630931303846015,86.77916622710585
757084,21.99063896668476,86.91613177536996
757085,21.62561946769189,86.66169125298853
757086,22.180368540617607,86.66781201691894
757087,21.678263988915965,86.49263521829717
757091,21.95196715771491,86.06982855439591
757092,22.071926805832483,86.49855050910406
757093,22.24498997216077,86.49480543009425
757100,21.749318806930923,86.87640855536841
757101,21.56219063227587,86.61732428162068
757102,21.645666911481797,86.70060860006194
757103,21.80143733257544,86.72329949690852
757104,21.738686469875983,86.54837892762824
757105,21.99784482779929,86.69225423744975
757106,21.41914721826938,86.4572721895413
757107,21.948021238304673,86.80780851544915
758001,21.648723185772035,85.60901360820468
758002,21.6452583616224,85.62263795467643
758013,21.722801362037483,85.5332470020119
758014,21.610488069002614,85.67146906000728
758015,21.32793231689143,86.04400444114974
758016,21.69629601099427,85.94483297754861
758017,21.706696422605024,85.78370987986825
758018,21.50507654366285,85.51678847223157
758019,21.357834124033758,85.41976811035686
758020,21.171945882882714,86.15257355321836
758021,21.304737144440917,86.18465991699127
758022,21.14448488261958,86.20597477130636
758023,21.243864432070637,86.30890162728099
758025,21.18415217026467,86.0089790222299
758026,21.11667938381298,85.81440376218917
758027,21.424274721213802,85.90915995899876
758028,21.29031929347835,85.70944017700758
758029,21.540945200353757,85.82328578911924
758030,21.609822117510358,85.88932345512347
758031,21.831134804727515,85.53615511912885
758032,21.824355834802915,85.69239009247053
758034,21.97203790032928,85.42096668933291
758035,22.051101935213712,85.37155898625718
758036,22.098939143860704,85.35522545745899
758037,22.104046706025585,85.3202311854717
758038,22.01632330389906,85.46996622208566
758040,22.04801406549819,85.2963271455599
758041,22.044314107653616,85.67792232547673
758043,21.114552409380842,86.11645142890376
758044,21.95181032033058,85.72012518952195
758045,21.749572321634208,85.86490106265238
758046,21.828915879625075,85.794250896789
758047,22.0026582096665,85.55501139712504
758076,21.231399586902654,85.49718586558686
758078,21.286630589652454,86.34105407907937
758079,21.431493520807468,85.61638009958268
758080,21.251593543899755,85.88225733266675
758081,21.635625252958974,86.03053983356472
758082,21.16023829074856,85.90049226508064
758083,21.16201809849071,86.24821617794524
758084,21.49276432153035,85.35812074706833
758085,21.690373574742026,85.35401632036195
758086,21.874581818830258,85.38473818380986
758087,21.47333730949066,85.71170927308688
759001,20.655831388151395,85.598994028256
759013,20.65969289710993,85.60165154385682
759014,20.786747371348824,85.70833900578221
759015,20.575253172380858,85.47553071112867
759016,20.75993931850289,85.8620544826324
759017,20.902533720189265,85.83717847020611
759018,20.974505336366274,85.55851530109851
759019,20.739126059260506,85.41995527905226
759020,20.712331361463086,85.29724653447197
759021,20.58871675762183,85.33270770730786
759022,20.648989024044006,85.18566090407862
759023,20.856435928715587,85.67405006723118
759024,20.917047724173077,85.70583727870759
759025,20.69489523488315,85.5047186004728
759026,20.8093174751826,85.51682665392941
759027,20.628133543424532,85.6662587501414
759028,21.05680597684621,85.4892530357906
759029,21.114123104743605,85.34155017359402
759037,21.068617942942094,85.12428514464682
759039,20.968086302371084,85.67730520959469
759040,20.72939718742147,85.18360750654129
759100,21.045231202739654,85.17002249572677
759101,20.901234750479983,85.220885987024
759102,20.943811863335412,85.20182218095582
759103,20.956923462676915,85.13235816143363
759105,21.226744646090886,85.01031799110459
759106,20.911405177844827,85.16275614721326
759107,20.95956993136613,85.22980238587998
759111,20.92476037256143,85.01277678075246
759116,20.915480412128353,85.1709097522278
759117,21.10667458517593,85.03962985942955
759118,21.24425530923729,85.23117014807937
759119,21.43480111762674,85.18488780813833
759120,20.92512183228439,85.3379131088577
759121,20.79814773605173,85.27505883226814
759122,20.84176031816148,85.09490302309159
759123,20.893771596324417,85.09401078153714
759124,21.06458765977042,84.88632137651604
759125,20.746404371453426,84.55527949236887
759126,20.95317612543901,84.5034128445074
759127,20.889982379689535,84.70830106540703
759128,20.82530480757138,85.20242432328426
759129,20.716176980612033,85.07437359430088
759130,20.956118188575903,84.9476425719572
759132,20.70321188992584,84.9265911940451
759141,21.081552848126332,84.7808882944314
759143,20.865205759161075,85.0273784682567
759145,20.842297875436973,85.15453842858837
759146,20.962111966844763,85.25739828442039
759147,21.089741771830315,85.10156176359087
759148,20.936309376766655,85.14704724576154
759149,20.841673898353594,84.82680122570714
759150,20.98429486458836,85.03435697076483
759151,21.16439491225017,85.1843829343338
760001,19.318853443624043,84.79643177608077
760002,19.308242905378727,84.7335832304499
760003,19.242376886678933,84.81232006096359
760004,19.313990926894256,84.81271967223888
760005,19.294825991382723,84.79851763355494
760006,19.324878320065167,84.76866351075
760007,19.31874328908022,84.87460018710614
760008,19.299699855928974,84.81612563863837
760009,19.31416247412976,84.77592603864487
760010,19.294361196224095,84.83829958755949
760011,19.316647923295363,84.85686542234684
761001,19.362907406076634,84.8134949494922
761002,19.274895898157126,84.88460810094156
761003,19.41907909065494,84.87828725594814
761004,19.13079598714116,84.5776642822568
761005,19.053648631432313,84.44986376546635
761006,19.072535440437825,84.61181539766807
761007,19.3313621890578,84.55879156585668
761008,19.227520092023443,84.74093141983843
761009,19.147581983290852,84.73993377055287
761010,19.205102070213318,84.62787602228019
761011,19.24024042724691,84.47853652512566
761012,19.386307718337243,84.58606936411049
761013,19.448480865317052,84.61410073289507
761014,19.440727692484415,84.4604671174626
761015,19.4833031779722,84.29564931986674
761016,19.159911667887126,84.18959777965414
761017,19.298493420549153,84.27027494178338
761018,19.5318195643642,84.89173918763112
761019,19.50890637831483,84.96310610919866
761020,19.359783702835692,84.98252683130234
761025,19.38964172117469,85.05671635377107
761026,19.410392076855352,85.00105742621658
761027,19.451136904360975,85.0854213306749
761028,19.53608911807961,85.08600969413227
761029,19.669553866834086,85.13204980126726
761030,19.6175909677713,85.05049478384844
761031,19.639103328100028,85.00887719892695
761032,19.6615394878788,84.927847999489
761035,19.740779982823284,85.04411237284575
761037,19.174189307937798,84.53370782250647
761041,19.562769282957248,84.85057520224414
761042,19.282471168443802,84.5532675773816
761043,19.511290601941763,84.82765188398137
761045,19.354939083834914,84.936236747444
761052,19.241880103034347,84.86425408141687
761054,19.368699945778676,84.67047480634618
761055,19.3581375468682,84.45079064077456
761100,19.395499311960798,84.73679765122898
761101,19.435656933913357,84.76630930567342
761102,19.479471592758077,84.76952140629481
761103,19.53084404558017,84.7179903401173
761104,19.590015809279876,84.76738598600375
761105,19.731417067141525,84.89837214885442
761106,19.534531833662115,84.59253576260555
761107,19.64166130744746,84.51815357594869
761108,19.788994177387064,84.45049610088203
761109,19.611523544882655,84.34998924050461
761110,19.613893942188255,84.65596942320568
761111,19.60773154327441,84.67709301473492
761114,19.649186983474134,84.6041237799748
761115,19.668067310583243,84.628783128405
761116,19.687220748201714,84.69103479242857
761117,19.72930534518973,84.72408375807582
761118,19.806280719727283,84.77776426881535
761119,19.893492633141157,84.66575146732602
761120,19.87448256902153,84.71001956909025
761121,19.980604138790245,84.81391343953474
761122,19.72172438537706,84.64732399347082
761123,19.770276170611844,84.60151745567086
761124,19.830244416923055,84.5718112143458
761125,19.958472803492448,84.43914609926378
761126,19.958825214220536,84.57946228141512
761131,20.095159965822866,84.69342349007336
761132,20.045680604149123,84.49463807943066
761133,19.8848637159081,84.54942430813314
761140,19.913908784752813,84.61407087362441
761141,20.122710921926135,84.58768355393134
761143,19.856047668642038,84.87459323884963
761144,19.460154907026915,84.66820744319479
761146,19.486282696953584,84.69291149852022
761151,19.828207809987838,84.3192181986325
761200,18.775906780857092,84.09226791414564
761201,18.823201128084758,84.0741385050796
761206,18.932479747463052,83.88257467697376
761207,18.955294252714253,84.03778722773497
761208,18.8773232477471,83.96667953290313
761209,19.15997062348328,84.43726784416663
761210,18.808963989557398,84.23132452960228
761211,18.83009264555833,84.15589315170972
761212,18.941737310612872,84.2906679789256
761213,18.9710093202012,84.1584364989631
761214,19.086860988410564,84.07340456270391
761215,18.854446027597486,84.28958488619871
761217,19.49672701809296,84.0714535809154
762001,20.478524625269852,84.24081777550224
762002,20.524959142619185,84.09002967119598
762010,20.245530450501768,84.363754846106
762011,20.35367750350642,84.06352027386536
762012,20.45533588180973,84.45790932972453
762013,20.66462529965006,84.45645900828367
762014,20.832898060939808,84.24652504708993
762015,20.756900854751727,84.0984144691196
762016,20.709688606645997,83.96287103252251
762017,20.57975778504389,83.80295080827449
762018,20.48317138074213,83.68274661795898
762019,20.2986031250238,84.25821810451771
762020,20.58454745991046,84.64761467490872
762021,19.70894990359937,84.04992022328166
762022,20.167208540411234,84.41203796427759
762023,20.55048444037162,84.45697387636534
762024,20.699851964657178,84.34978825957192
762026,20.707577332558728,84.247001253482
762027,20.343570922275575,84.35302939005307
762028,20.248384326307722,84.50066530611333
762029,20.397542407121094,84.26303345662502
762030,20.702242975513457,83.84784454260257
762100,20.081989306117524,84.34146389974137
762101,20.003700150854357,84.23313428332207
762102,20.100251412151902,84.04051731690491
762103,20.11195369690191,83.9575996394005
762104,19.883629308290644,84.07828826460437
762105,19.79205319045037,83.76595197525911
762106,20.19214596375745,84.14821693127958
762107,19.96560360785772,83.65402207710385
762109,20.090380088679126,83.7843163946791
762110,20.324858862592098,83.79331363165335
762112,20.166775224154954,84.27740276326081
763001,18.758414076595415,82.83850118533626
763002,18.721624960572896,82.8168975151769
763003,18.741458203398405,82.8582078995461
763004,18.746238426295516,82.79756908243152
763008,18.80941418754978,82.94851884015776
764001,18.85820295651295,82.57464948960663
764002,18.924175399848217,82.4028757034295
764003,18.754301641305155,82.56091085726861
764004,18.87299455696174,82.5669515318339
764005,18.838317713256853,82.50159830872813
764006,18.852025700884326,82.60007014872686
764011,18.820515284429387,82.61936777264454
764014,18.853195682935763,83.1288308977715
764020,18.810136241379706,82.70823827584051
764021,18.84207142804902,82.71855023353727
764027,18.926877822206624,83.29565567424991
764028,19.075193739927574,82.87608540307556
764036,18.632095172999623,82.90725969756113
764037,18.600451723744264,82.73114262212927
764038,18.36731064444975,82.68948365856598
764039,18.49294721234953,82.97313238956481
764040,18.563181698780056,82.49252689761794
764041,18.45948909401731,82.59816632319846
764042,18.500625079898455,82.3887870680945
764043,18.766045710064056,82.339336663744
764044,18.58533766304194,82.13915742098379
764045,18.380109568771992,81.89785875596611
764046,18.42166623073064,82.21418383315294
764047,18.108277502673047,81.70442785561669
764048,18.351915950017904,81.88669487834416
764049,19.365017757455394,82.66521995944979
764051,18.27441163832575,82.12071457032636
764052,18.14175658085198,82.15803536198797
764055,18.982694934208567,82.47542539467128
764056,19.06032462023697,82.54851836369835
764057,19.0883623551013,82.70893060078818
764058,19.106404005649917,82.31494481220695
764059,19.282033280567106,82.56161022624975
764061,19.2776339008508,82.23484454538888
764062,19.074006522540845,83.7894395828541
764063,19.198363839040756,82.52684912718372
764070,19.289056575069637,82.74436520742694
764071,19.413077586766796,82.52943150317444
764072,19.513125754378166,82.334639165262
764073,19.71650721746142,82.18426424151477
764074,19.916206133585657,82.10299096845165
764075,19.342071749776295,82.33927146020494
764076,19.69462658962161,82.40540955063635
764077,19.82094925487995,82.48929056686691
764078,19.223948581858167,82.67767005200116
764081,18.592037915195725,82.58647191695917
764085,19.280068244049605,82.8147490613918
764086,18.226235632366645,81.78464199828841
764087,17.915796511493713,81.54274198836578
764088,19.979481928662832,81.93798160360983
765001,19.17543464921022,83.41229212334379
765002,19.113469193187285,83.32642367899986
765010,19.257515405202298,83.479901102872
765011,19.59391481776545,83.84641247912342
765013,18.962852026499807,83.01364537663565
765015,19.314441327786973,83.08348959723479
765016,19.521980267231225,83.31644228678142
765017,19.260457884280456,83.38782686155375
765018,19.407665347874634,83.56500285371663
765019,19.460565413304902,83.4521855732606
765020,19.583444253395808,83.61624284729557
765021,19.850062108277143,83.49961020926814
765022,19.070714512759974,83.90420774077018
765023,19.09028467574247,83.73634784725768
765024,19.225662765903866,83.74971126437815
765025,19.30663174450023,83.90672075167132
765026,19.382024525171573,83.71936117047551
765029,19.227461374198707,83.61390653093576
765033,19.174179126824683,83.9060689877761
765034,18.98232084844846,83.75613204804861
766001,19.909086410870867,83.16555955227192
766002,19.88692433254,83.1941813198391
766003,19.93108689736673,83.05402748714678
766011,20.070231726796383,83.11189075091372
766012,20.214999267099504,83.28601070891925
766013,19.628092298621798,82.88286667536309
766014,19.798274153693033,82.97333348947492
766015,19.842107269378477,82.77881304178113
766016,20.051103422557397,82.84096588871955
766017,19.69895000959279,82.77350109139954
766018,19.481717474289628,82.7593238832234
766019,19.6347768622519,82.70783436935292
766020,19.781878890224807,83.33176541507447
766023,19.78434512678496,82.8579080109344
766026,19.33923950112954,82.87169206401813
766027,19.639062646443413,83.28134664084774
766028,19.597162133098223,82.60505202295165
766029,19.967526516486647,82.86119272482152
766031,20.38611235983334,83.46861738112483
766032,20.356243795783243,83.46874826588237
766036,20.143402255668818,82.98199514229395
766037,19.583482294104545,83.06131341809477
766100,20.08457203304598,83.46408620328954
766101,20.15195555060959,83.3394425169986
766102,20.24135062574686,83.58891316662537
766103,19.74956761472357,82.64552445819088
766104,20.939965851785434,82.60099354559524
766105,20.748444887850738,82.53487748376689
766106,20.54303784578273,82.534694089872
766107,20.304910489820603,82.77458480855486
766108,20.097452791684184,82.55987882853657
766110,19.990207540160018,83.35482190212689
766111,20.31992227098172,82.54757363773925
766118,20.19743187667016,82.71253931952201
767001,20.72220171082556,83.49313735959777
767002,20.692657940053206,83.56748777850261
767016,20.722469928033018,83.68248420039053
767017,20.85538732514113,83.81221573731575
767018,20.940335880695812,84.06834297069068
767019,21.00364718199706,83.74838775426016
767020,20.869157519455452,83.4981332198258
767021,20.94305817115973,83.55166799569268
767022,21.02899663758854,83.369470367022
767023,21.03774626906458,83.57065100953764
767024,20.737955860807922,83.34119336608887
767025,20.794656605060577,83.16097440944758
767026,20.609668969496852,83.0631901243631
767027,20.764644346746856,82.99816452131941
767028,20.817297706033035,82.88631511139505
767029,20.604086455785424,83.36371020420646
767030,20.466576132616208,83.48287331750208
767032,20.455173550450723,83.32630613110763
767033,20.310937417648645,83.19134358978712
767035,20.222360437702385,82.92439636596211
767037,20.406848358621417,83.07349158519301
767038,20.626812658661645,82.77740597161979
767039,20.481487454507167,82.96578050622753
767040,20.331624377795904,82.92059928419702
767041,20.740053993259156,83.18658304601995
767042,20.36762969950185,83.15163382863345
767045,21.10254082565065,83.714613671423
767046,20.431968093543535,83.58627076659722
767048,20.73584127248202,83.25171161256978
767060,20.460958699143777,82.82962468772706
767061,20.964669139642158,83.43706363728327
767062,21.011783794455802,83.89701060155706
767065,20.789093042892887,83.43487067562288
767066,20.23462816103123,83.09535353729916
767067,20.56280510006196,83.51178873483113
767068,20.926410261256535,83.67290860937959
767070,20.371928855659075,83.2862657687438
767071,20.800503565805254,83.54540397028981
768001,21.467028685169332,83.98465429285854
768002,21.473548340907424,83.96923231148027
768003,21.481920706275762,83.96068829710991
768004,21.48760976077789,83.98291601625407
768005,21.417902394224193,84.01418676856781
768006,21.534454634693304,83.9959233577498
768016,21.54801842632815,83.86058127761032
768017,21.499356916406928,83.84404309646493
768018,21.51125318708676,83.90172658262497
768019,21.474888609139803,83.88346975076229
768020,21.49379064600436,83.91512130261482
768024,21.423774088728067,83.89769626849929
768025,21.371566284064585,83.89597550507081
768027,21.403980455305014,83.77751247287057
768028,21.33212877369679,83.62536702957581
768029,21.183368086303332,83.59969307697602
768030,21.512030333052206,83.60142683400498
768031,21.609850955840226,83.49070606650349
768032,21.157851258386774,83.46797929507169
768033,21.307845667450252,83.41325507244622
768034,21.1932682497467,83.29447617632934
768035,21.096879075460507,83.26906178825432
768036,21.000731726455488,83.04545305348897
768037,20.938759308783187,83.31974633248653
768038,21.396509490969912,83.58899358681079
768039,20.934285275323425,82.8310389745256
768040,21.30869023780322,83.67209352207836
768042,21.086341732284982,82.76954752817988
768045,21.55630282102231,83.39913390271829
768048,21.1016314040438,83.38334675453844
768049,21.053977516517776,83.19581437756483
768050,20.831843292082237,82.72104923762102
768052,21.657450203697753,83.61160700049666
768053,21.37749127575885,83.72031793540529
768102,21.287616565853213,83.86515156282489
768103,21.264867924539697,83.79413000727203
768104,21.184837389305308,83.76905770978392
768105,21.210089019898263,84.08095460745756
768106,21.119481171576457,84.40515068819903
768107,21.572154362655695,84.42030496940856
768108,21.494845974277734,84.78409649128008
768109,21.306377578562746,84.72304950074935
768110,21.523715707495455,85.02809807375789
768111,21.421570015304543,83.85105391564298
768112,21.36993689075198,84.21940164385275
768113,21.303704777965006,83.92943627457481
768115,21.137164780441573,83.83875489933797
768118,21.251219654454395,84.54143383898308
768119,21.51289885174814,84.65381499606424
768121,21.371941908095614,84.436607415036
768200,21.518507682068332,84.11716032357356
768201,21.84465472947966,84.0399814009333
768202,21.845950055739127,84.02826818353375
768203,21.87927330546796,84.01357662311051
768204,21.9157372109311,84.04081578521964
768210,21.764524273020832,84.02181200858031
768211,21.66829534276884,83.91535765819025
768212,21.67616032046533,84.05296673604752
768213,21.82706475176829,84.20632010540821
768214,21.723869921483317,84.19905824539222
768215,21.92681199921827,84.28438367007709
768216,21.87739326808286,83.92019436385563
768217,21.81599678681762,83.82892048912744
768218,21.81884825626799,83.86884491960875
768219,21.75972462932964,83.72985133482281
768220,21.93093161804227,84.14331085892138
768221,22.046784811480354,84.31997955551235
768222,21.767695039755917,84.36049421238157
768224,22.106092742187116,84.44355652092707
768225,21.79785073976657,83.91276507921705
768226,21.75336754699978,83.54664852435968
768227,21.767964870514547,84.5011427139394
768228,21.932128147113858,84.45831812534837
768233,21.836054777780646,83.91546764020137
768234,21.667497539564668,83.80919535095354
769001,22.22794109523,84.86521481028744
769002,22.244930454828356,84.86538026157791
769003,22.287853302787603,84.8469421842752
769004,22.22418147737775,84.79727111043104
769005,22.260993809713142,84.87350351412748
769006,22.244305958902295,84.88323739408382
769007,22.199678547318697,84.88249172851332
769008,22.24790390802265,84.90326277231051
769009,22.257862429243396,84.82699308337119
769010,22.23530952791528,84.89126133002777
769011,22.213331374628332,84.86924368953527
769012,22.228551445640985,84.831208555719
769013,22.231980010482154,84.8561250743694
769014,22.257653137776334,84.89052569405315
769015,22.249812447171184,84.80968274140244
769016,22.178531809498875,84.89344368728693
769042,22.29600378969881,84.90126931871521
769043,22.17988021091041,84.83266340431139
770001,22.117042110305242,84.04813566545526
770002,22.177909404581055,84.06774448217027
770011,22.068822698170738,83.94138466113074
770012,22.181083917924695,83.77224731536053
770013,21.962677309085226,83.69227561822417
770014,22.30704611639741,84.14537605354931
770015,22.320471829857244,83.96134197613777
770016,22.21762256804056,84.26219325337728
770017,22.13615235343063,84.59714843443773
770018,22.262881203333567,84.40686406614091
770019,21.981291287397013,84.03777511538938
770020,22.193038032114732,84.0004269187192
770021,22.01476918074644,83.87261015241629
770022,22.042541782951314,84.18856579849808
770023,22.269767394934135,84.5218676415778
770024,22.052343694202147,83.66041274871439
770025,21.965179369484105,83.90842498514982
770031,22.200036234595,84.73295774789074
770032,22.224314292280546,84.92301465989107
770033,22.378910546056236,84.62302767043599
770034,22.237016400392463,84.66067684010363
770035,22.396430539181004,84.95898935799057
770036,22.27642048877942,85.0120168784074
770037,22.076338432894822,84.85924305800053
770038,21.809474164066007,84.89456370072381
770039,22.318145737505173,84.75042072210962
770040,21.955759243569815,85.01161245859345
770041,21.828788332682322,85.1429081954235
770042,21.90771226626651,85.14278487204358
770043,21.86912817752806,84.67529946278124
770044,21.718235341586603,85.07843950840206
770046,22.4111081163503,84.84679893386688
770048,21.910200156738558,85.24846502088133
770051,21.687737165692532,84.83699290130568
770052,21.97318641845421,85.19770823875885
770070,22.20852705898542,84.49048815656981
770072,21.983772409485013,83.92463578572418
770073,22.078914638047692,84.0667513121069
770074,22.42453081657669,84.10025769270392
770075,21.871251782153298,83.70363074895913
770076,22.08630082487117,83.73045806388295
781001,26.19079095028899,91.74613638293877
781003,26.186507127130266,91.76932956471525
781004,26.20417208677064,91.7711115651344
781005,26.15879261639416,91.78190632310408
781006,26.14097792817872,91.79318050705321
781007,26.17369060286954,91.76115434270952
781008,26.17484984693349,91.74797722820989
781009,26.172195816209577,91.72515594841113
781010,26.169003417012757,91.70375259432133
781011,26.137263940759333,91.68903285209294
781012,26.16726839287134,91.66795122482876
781013,26.143199353345416,91.65880443347487
781014,26.147722159809522,91.65823128647052
781015,26.086968642690078,91.60353449946945
781016,26.162948687625907,91.74837420472635
781017,26.13932737272873,91.61163377867096
781018,26.149671922517708,91.73851079143981
781019,26.140958480093083,91.76332412047843
781020,26.199158483234424,91.80201160658348
781021,26.186063815083408,91.78718826666413
781022,26.122104266443905,91.81992241028563
781023,26.115868979202762,91.8478675408823
781024,26.16936553380392,91.7885058394179
781025,26.143982057229827,91.72163122859736
781026,26.208847886757358,91.84592684982579
781027,26.152255091714338,91.86212613365586
781028,26.125282556870914,91.79615036924702
781029,26.007167305364074,91.69899478848816
781030,26.244361742779194,91.75513034335515
781031,26.191588343214846,91.67744254949633
781032,26.15819972469386,91.76502086340497
781033,26.101877645925068,91.87464802169119
781034,26.1388571613936,91.74527752857658
781035,26.108253180727015,91.67308108568454
781036,26.152895286677097,91.80777582337828
781037,26.138330696664607,91.83310647107133
781038,26.13098875066059,91.77941413993052
781039,26.19196291694027,91.6947491353991
781040,26.07231856643959,91.68670130464993
781101,26.27272864122713,91.70366851475234
781102,26.266653915928106,91.51406882934864
781103,26.181536002227148,91.55059936843638
781104,26.2514843928755,91.62653400440173
781120,25.912505873973103,91.44009275196962
781121,26.343363440208527,91.79102207367622
781122,26.11753390880356,91.47837609876127
781123,25.900860056627035,91.24698728632839
781124,25.999800403852355,91.37699230875316
781125,26.031290733032133,91.49300268193014
781126,26.22480227682448,91.35370994299532
781127,26.123419639742977,91.02010918960312
781128,26.13179487067617,91.5504531242063
781129,25.80034970659966,91.19314466076553
781131,25.996676700208788,91.57217341964537
781132,26.08703455978263,91.46331954470905
781133,26.38733574414313,91.71494711041676
781134,26.087793966801467,91.424083961062
781135,25.939731309252316,91.11851147614931
781136,26.09706831515056,91.16479917634857
781137,26.12272632370348,91.29040926927577
781138,26.287202516208936,91.31458222905346
781141,26.005995289970944,91.31623793751017
781150,26.225733392070754,91.91193278277798
781171,26.164755245981866,91.82765401531299
781301,26.328769940800687,91.00711028915147
781302,26.22926275143027,91.13174052226022
781303,26.40688077935011,91.38420751886063
781304,26.38047220472592,91.3550385645319
781305,26.273802225663985,91.18702158497909
781306,26.418819385207502,91.32911945045758
781307,26.368755704712058,91.2213338997383
781308,26.231596488706582,90.92572164858686
781309,26.278720223994497,91.05946593630885
781310,26.350733377562612,91.38186681090373
781311,26.346916033982698,91.14735982283752
781312,26.284643562369297,91.25801172979907
781313,26.485408022353752,91.02764400602115
781314,26.33569340816153,90.99178210099826
781315,26.681332933343427,90.86448886500537
781316,26.428436714773976,90.98118689585064
781317,26.52551046335773,90.87914223009147
781318,26.554773788230467,91.08069391059628
781319,26.36556995576781,90.8781041344233
781320,26.718769864164756,91.10131797952099
781321,26.207992474137008,90.7860722775097
781325,26.517125227290443,91.16326684977682
781326,26.517176275209614,91.22949654071977
781327,26.679451513785075,91.21765606385715
781328,26.61789679995338,91.16232213295656
781329,26.58593200680997,91.21547814975769
781330,26.75395637325119,91.20198497435464
781333,26.597077223677037,91.39494770862295
781334,26.412808463146746,91.44720823506955
781335,26.448155737469385,91.44216477027898
781337,26.478628333090818,91.46436263275517
781338,26.37856520995641,91.29448640688005
781339,26.332123950524185,91.48914488283381
781340,26.48417461719133,91.38823083542228
781341,26.44497658286385,91.41622608834491
781343,26.67190808364895,91.3988185312499
781344,26.67053812115376,91.46054302069298
781346,26.537574171805545,91.36757204006797
781347,26.36077307156441,91.49464373885603
781348,26.370982468540934,91.45176417296355
781349,26.554766964800294,91.46388241370151
781350,26.38801532719362,91.53984676052275
781351,26.428632111766778,91.50071796263968
781352,26.4296127681882,91.09640774388131
781353,26.41665443106412,91.41037562687009
781354,26.447621838040426,91.66207419460932
781355,26.547556902608264,91.2913053208702
781360,26.748597717828357,91.53901033798905
781364,26.62346624567336,91.69535447008765
781365,26.47115983090463,91.58807690256366
781366,26.52872141357747,91.73097065241973
781367,26.62444362415013,91.57260660275452
781368,26.728783453092884,91.65263529899211
781369,26.504647087153558,91.53613647512356
781370,26.45809437600937,91.34905580506913
781371,26.48121511267575,91.27960071315289
781372,26.7240202144507,91.3756851674022
781373,26.73888737134756,91.29069410520839
781374,26.44352021708583,91.26371475669892
781375,26.43964581603964,91.19699777717203
781376,26.537202550917236,91.60056267728396
781377,26.629027516034647,91.282772020894
781378,26.43934128661482,91.29219457061387
781380,26.348680887514337,91.67393136376313
781381,26.374544272726443,91.74351633925636
781382,26.33621457882372,91.62069231686935
782001,26.345426846138906,92.68632874012629
782002,26.36283017967981,92.64023664208544
782003,26.3553879871229,92.71336900988625
782101,26.28231324994992,92.71532917836983
782102,26.29636860765276,92.77265856696829
782103,26.258623740712775,92.52709080701717
782104,26.311646652253433,92.38217320325296
782105,26.25595073386768,92.29343907915275
782106,26.323872196464542,92.4753860234624
782120,26.54500551060348,92.7475553343573
782121,26.351228001383276,92.17658838686833
782122,26.485915447526228,92.57177730083798
782123,26.465286756018294,92.48727376071875
782124,26.43891330530949,92.63011678725043
782125,26.43778133054202,92.75301770807079
782126,26.44647768640233,92.40517830910477
782127,26.441710286415248,92.31097185551305
782128,26.47941376603564,92.72061147090605
782135,26.272970474936415,92.88798095205695
782136,26.545680311966212,93.15457944167471
782137,26.550212086388612,92.911945280002
782138,26.49108005383659,92.94480065492844
782139,26.455992926045585,93.00709233020973
782140,26.437929061940462,92.86572781477084
782141,26.370929661651566,92.81096764603838
782142,26.32940884026767,92.58560688698618
782143,26.593529559980514,92.91540590341754
782144,26.26606038526849,92.64419249888684
782401,26.176518764293174,91.94450016312143
782402,26.07884068797902,91.927034734343
782403,26.105161602084532,92.06556611916484
782410,26.128213351673583,92.18883413496141
782411,26.209760279564957,92.11201202158482
782412,26.165647748678193,92.41512385946626
782413,25.933915985685772,92.32020001729296
782425,26.170825863960857,92.55199348654305
782426,26.153756197599375,92.64475052003684
782427,26.18338445730473,92.7633532386835
782428,26.097998718568007,92.7331026473646
782429,26.045000392406195,92.79863944547083
782435,25.968718626968215,92.84306210335998
782436,26.02254513910542,92.86782304215063
782439,26.026898613985534,93.03810553720423
782440,26.12613960823474,92.89849772394041
782441,26.276076593014007,93.36559364787057
782442,25.99724892589246,92.94666507974077
782445,26.061710819927452,92.9187605609093
782446,25.864092799751845,93.12083747940207
782447,25.68654578495519,93.30908635015558
782448,25.85898722360679,92.8881396980447
782450,26.014737484548995,92.58004609639681
782460,25.765899497675527,93.46397554571077
782461,25.983718214663785,93.44162633229097
782462,25.839236059433006,93.42117987053479
782470,25.868878907404945,93.57895325029908
782480,26.081664328746466,93.79928249185306
782481,26.11172213912695,93.06544877098209
782482,25.99425590483718,93.25059328729698
782485,25.926327864673056,92.68101990581758
782486,25.780121319418136,92.51994217294245
782490,25.97338338597886,93.72710163697509
783101,26.142578873013445,90.58495705562129
783120,26.045161148657805,90.50831213297079
783122,25.93682987627708,90.76247664653702
783123,25.956801602959604,91.03585539376084
783124,25.988012565027812,90.80951531194684
783125,26.062739296796188,90.79668566345855
783126,25.998825112863212,90.6403425470271
783127,25.883133830868317,89.96024819579631
783128,25.7858467350364,89.88457159213263
783129,26.07655003682059,90.32527025974305
783130,26.0057294654864,90.94764380235664
783131,25.579240266335447,89.89212232887719
783132,26.066182283673502,90.20735046874347
783133,26.082514762083516,90.72579211544446
783134,25.968748377065904,90.89804505525319
783135,25.701728537406556,89.90670871506512
783136,25.6504385734698,89.92792457803775
783301,26.018742072719512,89.98624545967837
783323,25.930556212208682,89.91296953891879
783324,26.001641943567165,89.89183636386305
783325,26.04446701193265,90.00457924180586
783330,25.98637285128517,90.08457698022211
783331,26.11916103827612,89.93456083370934
783332,26.28986711766136,89.88201239964495
783333,26.37026238924315,89.90545858344882
783334,26.115133270203962,89.83225345479592
783335,26.246906593530326,89.7811911937442
783336,26.45030364061657,90.0773280661339
783337,26.29959136939557,90.04726666424851
783339,26.147601417884058,90.02844877493227
783345,26.316403220585862,90.20903717637385
783346,26.599455522777273,90.20097478820972
783347,26.475518842432013,90.17552052089489
783348,26.223191203227337,90.25917325068508
783349,26.141709001884994,90.12848019607533
783350,26.64839356533065,90.029997613116
783354,26.41873141302186,90.16350415825569
783360,26.493672893219156,89.97603019801566
783361,26.46066799298668,89.89684745234203
783369,26.473273122976114,90.34779556183976
783370,26.628314204469664,90.27205801575471
783371,26.25919362446687,90.4304430304631
783372,26.43645967756026,90.43173442670965
783373,26.56822450952514,90.39556523347947
783375,26.75449655216886,90.40861063034966
783376,26.355413251125928,90.3631777270559
783380,26.464168074244185,90.55830725552235
783381,26.473713900538925,90.50973624335363
783382,26.237503889625255,90.62967403815553
783383,26.37286642218098,90.59481966331526
783384,26.352428990568928,90.70937389510155
783385,26.51817438118361,90.5226755604411
783386,26.53500232162003,90.48980059412237
783388,26.25055656658707,90.53706077424951
783389,26.340563725898242,90.50925274958898
783390,26.537635373056297,90.70986143847931
783391,26.574847780589444,90.82498586950672
783392,26.423705001132006,90.81067557892833
783393,26.67790061038056,90.59394584814282
783394,26.653203895229122,90.4930062610963
784001,26.619567445786572,92.79481606651554
784010,26.682463336475905,92.64533002600571
784025,26.677670620813938,92.87516518651965
784026,26.733410507230378,92.84204623821975
784027,26.636047764915144,92.84263834721523
784028,26.69873875931065,92.8357511014488
784101,26.82490007082606,92.79296497045111
784102,26.874963683427545,92.83851217923615
784103,26.952467234108887,92.78053081001075
784104,26.718724552074367,92.77586086690833
784105,26.767408189059424,92.81117223339832
784110,26.662930933031497,92.48409917983534
784111,26.849442718773716,92.4480296234509
784112,26.678781149680535,92.44345404546237
784113,26.605004910372152,92.27057304965125
784114,26.64938364484391,92.31916549176151
784115,26.528963077149815,92.17575005267346
784116,26.556494303571423,92.23534404848785
784117,26.636023975787996,92.38253148839955
784125,26.418831485208756,92.08117242343224
784144,26.47280706622957,91.88533627158448
784145,26.335952668423698,91.88987510044524
784146,26.487341447823564,92.10897385848553
784147,26.509992495690994,91.90541947869902
784148,26.460373746643132,91.8099187456465
784149,26.670650593863275,92.5909842806389
784150,26.654314505792573,92.7408158615806
784153,26.654879919073544,92.67818856360813
784154,26.662542170879206,92.78819098822635
784160,27.138585695754095,93.90118181028842
784161,26.994844263216564,93.95267591286442
784163,27.06947651021713,93.86121242548552
784164,26.940949412386086,93.86740802329467
784165,26.934559003565337,93.78056170315274
784166,26.786212888464934,93.35818199197102
784167,26.865012732445777,93.30289857161206
784168,26.862090841420837,93.6238492096078
784169,26.817770960336656,93.72901413275918
784170,26.871460917542255,93.45949557213093
784171,26.904241471670748,93.50969759619946
784172,26.791563884870985,93.53344085876255
784173,26.87571653534409,93.18299107337937
784174,26.86538138133692,93.1009607300438
784175,26.74245224170366,93.04216704341582
784176,26.751115002082805,93.2049376200417
784177,26.678918927762066,93.17748973513973
784178,26.91805243698734,93.70714748485652
784179,26.8502889697284,93.39273671484871
784180,26.69468990225689,92.93020534159736
784182,26.859839551692573,92.9420849834678
784184,26.857593849544973,93.24582160932974
784189,26.740960140207466,92.97548722568743
784190,26.58773504000484,92.08365137865297
784501,26.688761029283636,92.77910610891871
784502,26.74060271208851,92.715143744161
784504,26.842244945778514,92.62745036114481
784505,26.895186526417035,92.65363748298132
784506,26.871408738284327,92.53536961755223
784507,26.834490248083807,92.29708975044448
784508,26.740061749591405,92.22229766917255
784509,26.75949722340183,92.12239644144925
784510,26.764233529949518,92.00854100166958
784513,26.861448396833453,92.13075006595498
784514,26.657500178293446,92.18140668157243
784521,26.665864315064663,91.93212786173191
784522,26.610165980974685,91.81441618719282
784523,26.782966929555368,91.88956819476162
784524,26.846423363852477,91.9228891705348
784525,26.587232029371453,91.99024503703855
784526,26.778091096580596,91.81239924300733
784527,26.7433608408241,91.74305391760845
784528,26.63514305720688,91.88449166852118
784529,26.418743210147138,92.01330267600343
785001,26.764162892709482,94.20711707063917
785004,26.701719414350176,94.17366686718215
785006,26.731016300464674,94.13345129275984
785007,26.739417446198146,94.25233936251117
785008,26.69931487867264,94.22863759614965
785009,26.663038647769586,94.19729022803045
785010,26.769576022502317,94.26419988644071
785013,26.722258427871676,94.19377242425499
785014,26.742986892428842,94.22640258631371
785015,26.784933962416,94.1692657402639
785101,26.81534480074904,94.26650041964324
785102,26.916262560636323,94.28373849993028
785104,26.957334945248217,94.10519210016474
785105,27.05860440156182,94.3190365191409
785106,26.915683724345868,94.18380061156248
785107,26.795493065537215,94.37014127454022
785108,26.829611559340865,94.1200707337409
785110,27.014686726423786,94.3907801896709
785111,26.833987410635327,94.23231466015545
785112,26.857275437825127,94.3833418271039
785601,26.095761000903728,93.92790616009174
785602,26.29094576003301,93.8157629242206
785603,26.374245975863616,93.98680918304684
785609,26.63169700676781,93.38279874178313
785610,26.410199756575082,94.00922463252886
785611,26.7141056362897,93.84027400689526
785612,26.578957576827793,93.61228959338061
785613,26.491307252498284,93.80545774271124
785614,26.792849584535915,93.94535253801592
785615,26.596571711274308,93.70887772524418
785616,26.638754166916673,94.11094847988046
785618,26.65590316512559,93.99904733394125
785619,26.68400083407033,93.76760311075702
785621,26.517622651849557,93.96979870660151
785622,26.596200868414375,93.95641721834758
785625,26.526284310835297,94.0622097623267
785626,26.617003811806015,94.04750289011207
785630,26.566835369913786,94.19537797533384
785631,26.41935206590179,94.12506593695264
785632,26.5566581789723,94.13880390145243
785633,26.56874502466017,94.29000718232018
785634,26.66043346424515,94.33279575275805
785635,26.703469954813954,94.41667987982858
785636,26.761830322139573,94.49689724799265
785640,26.989145855353758,94.62837815231717
785661,26.89511782086682,94.53328891247995
785662,27.139524408373195,94.7271523882669
785663,27.058544022778037,94.54699196493314
785664,26.955612746739146,94.50345715576839
785665,26.953403994671394,94.61699141776637
785666,26.915339180446754,94.6179381857555
785667,26.991460742590906,94.58251149065471
785669,27.089473020154824,94.79456050673036
785670,27.143524719704043,94.93306673694688
785671,27.203403276864233,94.67179291840871
785672,27.079682151499856,94.67649402995744
785673,27.083631526072544,94.85568602740226
785674,27.02404764745995,94.7821918948593
785675,27.21961772844813,94.88533271477031
785676,27.285875410085765,94.90096861578178
785680,26.835336892778646,94.55383874912161
785681,26.7789149034068,94.56107928367861
785682,26.918323768429556,94.44615244466692
785683,26.850267563746197,94.49521574146736
785684,26.823007956065315,94.62958968858544
785685,26.905934112637357,94.71475029003274
785686,26.92928609156413,94.82522190791866
785687,26.855173686557013,94.78728139595584
785688,27.022060406293928,94.87730975957389
785689,26.99253885278461,94.93164861792805
785690,26.99340616827929,95.0468873057394
785691,27.083817241288855,94.9964749708374
785692,27.090066909385655,95.168518817969
785693,27.12273695885506,95.2907653302088
785696,26.78583424197213,94.69278553713585
785697,27.00086723176453,94.66526672871063
785698,26.979543479403517,94.82843180055372
785699,26.565191329937647,93.7677595727499
785700,26.787979158424914,94.3144054852476
785701,26.971527479984346,94.71359729590536
785702,26.490357333366564,93.90934733700286
785703,26.74730579661725,94.03238186379119
785704,26.708036303033555,94.2635155703073
785705,26.280046198020635,94.02418834008108
786001,27.513948761681945,94.88545805169632
786002,27.543023869925864,94.9507767405087
786003,27.39265184146354,94.94548168230574
786004,27.341779558800486,94.71503185497623
786005,27.50412598495055,94.92507858742523
786006,27.358749987153303,94.86942384952012
786007,27.318454591249434,94.81277590717819
786008,27.46554678730252,94.83833458145902
786010,27.41482455438342,95.00983801121923
786012,27.489765767895285,95.02562749508847
786101,27.446601642374297,95.09511041610337
786102,27.46338889149091,95.11792751413299
786103,27.377978212246965,95.17112072834252
786125,27.489705743706747,95.35651954477032
786126,27.517976174031745,95.3602275876502
786145,27.47065093688578,95.33957217286786
786146,27.476601145459398,95.3886207910401
786147,27.63456335040365,95.36709051434991
786148,27.436540763026876,95.37244699443195
786150,27.537125011156736,95.48746791378689
786151,27.562924802310597,95.58385168920753
786152,27.66437722364728,95.70750154196385
786153,27.60886382769395,95.54949207280632
786154,27.758094183741186,95.55625593959105
786155,27.8510973960483,95.60235452344604
786156,27.672862495103345,95.56107998643053
786157,27.906136683767205,95.81184112481856
786158,27.82948522251386,95.71786460868303
786159,27.545727753445178,95.57559052360575
786160,27.54954001579667,95.73974212828351
786170,27.47909269522342,95.4593663883072
786171,27.431391099327303,95.60688927648114
786173,27.40228571058215,95.64722331064537
786174,27.409238078163273,95.83984943139406
786179,27.315401604205658,95.89034476058707
786181,27.267628533022666,95.61519796693506
786182,27.311911908033103,95.77011051225345
786183,27.464093848063442,95.26622414376035
786184,27.56824203844533,95.1321640548578
786187,27.31569754999209,95.63080789738841
786188,27.279482706591065,95.8322683629114
786189,27.53566782652685,95.25993566764134
786190,27.578112493831732,95.53034551467937
786191,27.359706561079918,95.40857144815625
786192,27.488730100955056,95.32851838128278
786601,27.4198538362765,95.30690011362289
786602,27.342709031331182,95.2990054330721
786610,27.286246430047594,95.22153689697079
786611,27.17853889522234,95.09392492783783
786612,27.209008499582346,95.17412337578494
786613,27.236613000335787,95.01743659466922
786614,27.27599822723204,95.45227254325746
786621,27.21895880222664,95.29274528824828
786622,27.162774447037137,95.41038489820872
786623,27.197339001122007,95.36589950459974
786692,27.367533558343535,95.3135260936312
787001,27.24312005946586,94.10632483800866
787023,27.173440426161307,93.98720858959078
787026,27.453426420450874,94.438217459197
787031,27.232452942329378,94.05093593172438
787032,27.288861750776302,94.18291173656971
787033,27.031868776170835,93.82904095096725
787034,27.409053416309597,94.31660747960103
787035,27.545352162516316,94.32876472271263
787051,27.32275345807131,94.08386245228468
787052,27.086869511998493,94.15000617269924
787053,27.323113929786473,94.38929107407506
787054,27.041322901281667,94.01480476028972
787055,27.18490437946193,94.39206611913973
787056,27.436590413178273,94.20857528550434
787057,27.494228218601634,94.55184559343309
787058,27.325585789251335,94.56058116511126
787059,27.603524764260136,94.77382150027759
787060,27.76625383316481,95.24743722755449
787061,27.692247796885173,94.95368325088846
787110,27.51496799723612,94.69426465544323
788001,24.823757669704207,92.80468567487634
788002,24.89153901798446,92.80529035276076
788003,24.860063023025642,92.76004233455231
788004,24.817309957793952,92.79200423200781
788005,24.80994250766303,92.8201012662489
788006,24.786251358950604,92.80580514326597
788007,24.801167031166344,92.76753524139296
788009,24.84095172230806,92.86357593145759
788010,24.757568421374874,92.79261701038013
788011,24.69635453984295,92.75034245298441
788013,24.75767315279615,92.83714213409915
788014,24.779044589050933,92.78851531010513
788015,24.788902005687344,92.79114880643496
788025,24.867935089716237,92.68794384452106
788026,24.79233443882537,92.71238394906983
788030,24.955183612173276,92.88128208272052
788031,24.92928194016829,92.94324805873036
788098,24.835845018193186,92.99653604195524
788099,24.55582904940365,92.99425800672546
788101,24.80500926619103,92.90125159311887
788102,24.873752880161717,93.01409533029218
788103,24.797821512775947,93.0170775781744
788104,24.82489003520188,93.1152879085098
788106,24.732735321373994,93.05732966846209
788107,24.89470257914107,93.11671599691853
788108,24.98839546843936,93.00209763903372
788109,24.896570224356232,92.96537000754424
788110,24.917169388009548,92.71783401652266
788111,24.992510364190622,92.78763676197474
788112,24.68685744897092,92.80753160024142
788113,24.57311063125978,92.71948057313033
788114,24.59239394239597,92.84533137427591
788115,24.70307261600275,92.85290364878252
788116,24.63247696557013,92.91134504292715
788117,24.664828792087203,92.74905112256238
788118,24.736286327800038,92.76920827953606
788119,24.726986433622002,92.91666131006875
788120,24.481782295909962,92.86261592059925
788121,24.6805817159854,92.87439265035819
788123,24.63084956461763,92.864012352792
788126,24.741369549293697,92.98303063380068
788127,24.943746745587756,92.70356993527515
788150,24.752412221976346,92.59323634510702
788151,24.678700205790072,92.55743215451315
788152,24.695991213953807,92.52538507200593
788155,24.680992725221515,92.61105439504554
788156,24.6764736391672,92.43271788527883
788160,24.606753290104958,92.64985559178042
788161,24.455265326321594,92.6146166065797
788162,24.26328681138008,92.50553461516408
788163,24.53224797853794,92.61222004237325
788164,24.601856189348855,92.5496677398743
788165,24.383570182414758,92.59386022343885
788166,24.588995370648053,92.47564607479482
788168,24.608266211783754,92.60739567621131
788701,24.817124779112696,92.46708891877694
788709,24.892969004374653,92.31776236444028
788710,24.86979012357753,92.35491152874299
788711,24.86304822346472,92.37403216372788
788712,24.860852408663934,92.29889270115358
788713,24.830145299905798,92.39633523309766
788719,24.717659339236555,92.35844205472993
788720,24.759031620949102,92.4122349405155
788722,24.777254807899073,92.33873871190389
788723,24.73838347880632,92.3101109808738
788724,24.660081470334358,92.31769905032631
788725,24.553871110193253,92.26535429566694
788726,24.5145512719398,92.31510079825729
788727,24.434826808348518,92.33087267565705
788728,24.3404038088494,92.28678024162683
788734,24.52377429474808,92.40293419721846
788735,24.589511744729634,92.39175442337651
788736,24.4747877182397,92.43272226904122
788737,24.357112055011253,92.39725193007209
788738,24.519746855819438,92.48325875602548
788781,24.81477869601159,92.3145612317479
788801,24.816125053363763,92.63162361585941
788802,24.86428755152987,92.61273893580517
788803,24.86715840125717,92.56579413755534
788804,24.899990622032895,92.60843096656536
788805,24.912109712432816,92.54629208485794
788806,24.839071068229654,92.5357297888191
788815,25.031216492747244,92.54258346504264
788816,25.000306611103653,92.45065348745311
788817,25.00979351146554,92.67134167485806
788818,25.153884193451685,92.82818729130334
788819,25.226744768682977,92.95790679395431
788820,25.171578514309502,92.95854322056563
788830,25.12581930751347,93.19241607997427
788831,25.35533006979658,93.28935247039678
788832,25.51952372935703,93.12824874620947
788931,25.58737288876379,92.81106293385932
790001,27.268710901818174,92.42326413893664
790002,27.074725892696314,92.1734383752446
790003,27.113298981181327,92.34737443960239
790101,27.45212722935644,92.30055115069342
790102,27.442768882414004,92.91112004553675
790103,27.073572689325037,93.09323671486246
790104,27.7147904745426,92.00462376298965
790105,27.574574647114588,92.08411618195372
790106,27.591432686913517,91.69079843777551
790114,27.108996917248746,92.62572796904436
790116,27.204440435454327,92.47318170315671
791001,28.1761608888308,94.91921859268665
791002,28.559913210124513,95.04095340720919
791003,28.508726235406563,94.15815743543767
791101,27.95956582152536,94.66361146208823
791102,27.97080256065967,95.24499992734002
791103,28.09680047690713,95.41230500173859
791104,28.19347389053412,95.37346781733356
791105,29.036443918821938,94.72319613273471
791109,27.117362462508375,93.75256772834503
791110,27.097568600050522,93.70450365898463
791111,27.041316457193332,93.62081415222578
791112,27.153723513117264,93.77944813436264
791113,27.05483417166491,93.44822605630128
791114,27.30846536163646,93.52939041482394
791118,27.999576607637387,93.27930435929683
791119,27.303831359973934,93.77803790990497
791120,27.580838002092516,93.76995433103906
791121,27.46606186978254,94.03058059138432
791122,27.923382490703837,94.16071989693802
791123,27.094255444854372,93.81251800472498
791125,27.689418747881298,94.53310442243446
792001,28.02274989122614,96.16595764013104
792056,27.566412919880328,95.98358996692475
792101,28.896201237759733,95.87160689455995
792102,27.730211296005706,96.24186605526549
792103,27.704303396539718,95.86895855290044
792104,27.95302262171088,96.81319404048983
792105,27.617945816053638,95.83050455096041
792110,28.293733547107475,95.88366849367392
792111,27.905782044626022,95.87300005022468
792120,27.14321394588471,95.82125751787078
792121,27.32681752092759,96.01784125397174
792122,27.465370354602328,96.40261391974886
792123,27.27333263788795,96.11918233951356
792124,27.44552442294816,95.99524429308188
792129,27.16871127665945,95.54882398298074
792130,26.978080266669416,95.53797472915313
792131,26.83246794017542,95.31306013417358
793001,25.58020653078998,91.88964846737787
793002,25.58078883731461,91.87288424680892
793003,25.56164660878278,91.892820629064
793004,25.56102808112598,91.86944933481992
793005,25.56501376832665,91.83908067770011
793006,25.580678877899288,91.92618684167137
793007,25.571369321617226,91.93784612918944
793008,25.60186810294449,91.88818675318807
793009,25.498909816070153,91.82986712925315
793010,25.52947636275796,91.88439545576695
793011,25.576836333634663,91.90314198919035
793012,25.59772137573772,91.92513782612777
793014,25.56161571487673,91.90352345880346
793015,25.45774677538414,91.99835272406614
793016,25.608804465637665,91.8125769209388
793017,25.619070315618018,91.87839022438735
793018,25.610503640595248,92.07146791600971
793019,25.591009866398668,91.911993138843
793021,25.54810899166617,92.0182454583857
793022,25.62119690074435,91.9102215565777
793101,26.007951211678332,91.79928904069725
793102,25.942263704047445,91.99995969637801
793103,25.658469693828568,91.94229704987552
793104,25.716042611934714,91.87917791923329
793105,25.81514356737098,92.03879522531653
793106,25.241775136465268,91.1521454947511
793107,25.167218438410735,91.75154464430862
793108,25.31853756030071,91.72803214219842
793109,25.18031901195145,92.11527291582655
793110,25.291412969898566,91.90017013374681
793112,25.17285209562024,91.64795719663125
793113,25.267867961992717,91.50324551988648
793114,25.365326107077085,91.31342900849721
793115,25.500660301470027,91.73558029975754
793116,25.698709643741534,92.08189934069726
793119,25.61074099917363,91.24940019610683
793120,25.645932684230047,91.6474215623134
793121,25.43384196611148,91.63049296521486
793122,25.653900486264096,91.87302407885949
793123,25.81906743733692,91.53737606401192
793126,25.47509302762682,91.05750267646037
793150,25.48318730447073,92.38912848267105
793151,25.62205445125835,92.29373110288684
793160,25.28921951610749,92.26088566334138
793161,25.29486683272718,92.11715951776377
793200,25.304966485352413,92.53992791990137
793210,25.1532115336477,92.45272875855015
794001,25.514147508812677,90.22289662763565
794002,25.609129846198236,90.33473355765175
794003,25.745216674366514,90.23639528269928
794004,25.84120261540111,90.50510531811702
794005,25.449398401044977,90.36281761663402
794101,25.509559209287747,90.17883049894611
794102,25.311922983050906,90.68866373246549
794103,25.290579466662894,90.27990249302636
794104,25.82719317992772,90.04861116698473
794105,25.623374064217085,90.03738393569577
794106,25.3615542142425,89.90799223701788
794107,25.46834470536356,90.83889693414845
794108,25.786075805577717,90.58950130471946
794109,25.92938670000786,90.3564051649742
794110,25.724309499325216,90.8796392758301
794111,25.558807629403624,90.61147790179608
794112,25.904216218802905,90.78347985332076
794113,25.829617800895466,90.73823602211948
794114,25.22717029241981,90.8601616510151
794115,25.472148217393315,89.95617143335944
795001,24.800217766883783,93.93298502039596
795002,24.92098079641404,93.85975980558258
795003,24.74567447739739,93.9684857115954
795004,24.8271694623494,93.91060617996531
795005,24.80182029188355,94.01080093531563
795006,24.24177782156089,93.60385476917311
795007,25.416653683244746,94.01616888768326
795008,24.77526925029681,93.93691156737482
795009,24.68415342630655,93.9001578304215
795010,24.814655188644576,94.1320539150584
795011,24.551969534882605,93.76169413960854
795015,25.36093179412943,94.26725656815371
795101,24.3058114508885,93.91126354468511
795102,24.070777099635066,93.93993580223702
795103,24.454109757290777,93.9379535879654
795104,25.457337708024156,94.23036385453287
795106,25.244407804006325,94.06427447814201
795107,25.01579832761387,93.89657368216201
795112,25.174242549919004,93.83397491801729
795113,24.787780304606077,93.82408752786634
795114,24.9453000588078,93.99614560118933
795115,24.774247119247804,93.23789360576268
795116,24.584290080666655,93.19227888114847
795117,24.29548414646221,93.76915196480884
795118,25.068272414925254,94.07720770371499
795121,24.21891533630914,93.17911016326256
795122,25.088208458972236,93.92400064804109
795124,24.585038079593772,93.72062026264227
795125,25.26425182314796,93.72027596806295
795126,24.628432626364564,93.5927144593551
795127,24.279921350573403,94.06125446641434
795128,24.40317728640637,93.48411179105388
795129,25.18102469242805,93.9361552658982
795130,24.691167054552047,93.94477080499
795131,24.190373832292487,94.18640328228673
795132,24.548694907140924,93.88184659559937
795133,24.440165988162946,93.7747519965876
795134,24.693770956198076,93.79675054919547
795135,24.45806322348876,94.20759098166329
795136,24.96440535783865,93.88102257712737
795138,24.634237943979105,93.99442245935622
795139,24.111351408199205,93.54194794254046
795140,24.748644662628855,93.87810675191548
795141,25.015331654827186,93.41452013189854
795142,25.25112209135569,94.48324826827718
795144,25.226105935716056,94.27419905608657
795145,24.858621196484183,94.42355435373166
795146,24.867490943060776,93.87685733337038
795147,24.748272821920178,93.39347576463484
795148,24.572515283767736,94.04066346499067
795149,24.63521272457492,94.23906545924729
795150,25.5185498843923,94.13208462416098
795159,24.856776622961654,93.66405242973413
796001,23.724800371219004,92.71498744145505
796004,23.74144422086915,92.6519279990094
796005,23.65789723122782,92.72276059090778
796007,23.78068080547195,92.70113634716539
796008,23.73282598230274,92.72801120608078
796009,23.764408633779365,92.67086011376446
796012,23.74661915796878,92.72496033316597
796014,23.75599601671197,92.72850655599119
796015,23.83084169549779,92.76072046716594
796017,23.861782519207456,92.89115282232328
796070,24.074680302955382,92.74232110106782
796081,24.210946609760477,92.65049328686122
796091,24.34628840399734,92.77324376282448
796101,24.444868653732968,92.75235005305017
796111,24.19332317259032,92.94648622778446
796161,23.55213089262203,92.8717027369319
796181,23.304624657407896,92.93182579009779
796184,23.11605936159,93.05995000202348
796186,23.23399359774236,92.76357227513944
796190,23.45398053759066,92.73185624105477
796261,23.819011956047824,93.05397843573311
796290,23.92467117171836,93.22689576524459
796291,23.90010469878678,93.32494134597722
796310,23.507140535393262,93.13137098291335
796320,23.16498191781474,93.2501528411411
796321,23.54700704603668,93.3146874424302
796370,23.24993912670771,93.08439661885033
796410,23.834957104271695,92.61290185408096
796421,23.840517413456144,92.57387053693917
796431,23.554454106674775,92.40887688748019
796441,23.87296189002499,92.42098136013934
796470,24.10345010144602,92.4143491551543
796501,23.587885603754632,92.57982927634609
796571,22.968080408401267,92.97342016809633
796691,23.007635322717686,92.78109459299452
796701,23.00453493780897,92.64718595748326
796751,22.940911462047335,92.47147763427671
796770,22.54758042656662,92.61380613531104
796891,22.32911020884465,92.73418615186327
796901,22.37798904140705,92.9940236102631
797001,25.687928610962604,94.09254612641932
797002,25.634652233721777,94.02427036864323
797003,25.71501212691845,94.1652166166667
797004,25.721312780513053,94.09990734761236
797006,25.588798867182206,94.13120589237082
797099,26.215740534584114,94.11026006983815
797101,25.397851936595956,93.62616456077426
797103,25.781489711629852,93.81671486421332
797104,25.73236277088837,94.34557575089111
797105,25.82399289361853,94.10231340294781
797106,25.705072629315556,93.92700481645473
797107,25.569507168223975,94.30354204139442
797108,25.704920249626472,94.49016519103138
797109,25.910364995543077,94.2004992923596
797110,25.576969347373826,93.61729563580681
797111,26.130540624318996,94.22986272913542
797112,25.840926530287387,93.79382643077426
797113,25.900978857381613,93.69683307563737
797114,25.62021335474974,94.70952840031539
797115,25.813082791414445,93.74077811349014
797116,25.906377730383806,93.76452692985244
797117,25.914604031468983,93.72287000844396
797118,25.875702495354567,93.70999423962138
797119,25.656052041171638,94.1089255355472
797120,25.68026134268083,94.06553143612565
798601,26.33289193322408,94.5084954342457
798602,26.88978015008331,95.0595778874483
798603,26.448625000277378,95.011095326733
798604,26.521917714853174,94.39508547996249
798607,26.239583139328477,94.4046272638785
798611,25.830846295525973,94.8349784161378
798612,26.194451994416337,94.79663666582773
798613,26.54317305014453,94.69125694731687
798614,26.42298182045414,94.66628545651405
798615,26.447855978788866,94.5607944207902
798616,26.231269339965337,94.66567238070357
798618,26.626180365907715,94.68564248355798
798620,25.98084071492675,94.50906587899189
798621,26.71335609959721,95.03688208602253
798622,26.780819560727988,94.8324670368177
798623,26.7097933265799,94.6430900649099
798625,26.5068101710281,94.84320860180611
798626,26.232944864713357,95.04314368212205
798627,26.191677394120855,94.48484255416761
798628,26.047351407685913,94.99649681435415
799001,23.835325514726026,91.2765325778929
799002,23.855573501160528,91.2598662625737
799003,23.801350238036576,91.2554948345667
799004,23.792525979037645,91.33326581363895
799005,23.84788510335278,91.29009835528639
799006,23.863298725698034,91.29721283312104
799007,23.838894265100038,91.29780274310248
799008,23.880208492196967,91.35390512095807
799009,23.885296259404832,91.25283816387706
799010,23.867467010177656,91.28801064836226
799011,23.746220828743958,91.4913217276684
799012,23.89557165588236,91.28758122812627
799013,23.51726895025038,91.53985822362523
799014,23.789695330521994,91.27178695649937
799015,23.914923501024457,91.26154738203027
799022,23.755629125234467,91.25150566548872
799035,23.843255463656217,91.39940699457027
799045,23.833827411149137,91.48195861713836
799046,23.846862819971324,91.42277997015037
799101,23.575963096805953,91.66345480374628
799102,23.67338086676093,91.25612004191211
799103,23.618792083501948,91.34788987531203
799104,23.379314317825735,91.80746442167761
799105,23.462839530388067,91.40333919505869
799113,23.5642445450463,91.44454893276728
799114,23.618611766338287,91.519790255448
799115,23.531430279647015,91.32235786385309
799120,23.532669610618154,91.49500308329443
799125,23.429638597330925,91.52130316913505
799130,23.745613855925694,91.29711971070304
799131,23.456523351064718,91.28460920984178
799132,23.346548033541136,91.32968326308571
799141,23.204614313005273,91.66188951001277
799142,23.246747374261318,91.5899988882055
799143,23.09888257970297,91.65207434932292
799144,23.336882607277953,91.61256398831874
799145,23.037381965819943,91.701445808744
799150,23.307194928273045,91.40025004537713
799153,23.252450941016516,91.33808772690105
799155,23.263957763327607,91.4880012864308
799156,23.129860301924186,91.55511255315292
799157,23.135297418030934,91.3686142173852
799201,24.090993806438764,91.62935568601549
799202,24.069944219166615,91.61351460829084
799203,23.924509582736356,91.6030257612336
799204,23.96202458074453,91.83116514349129
799205,23.848031364503246,91.70064345096826
799207,23.99471897972747,91.61130118440617
799210,23.927080619354612,91.335366438757
799211,23.973471351115798,91.3950756656512
799212,24.066151551394853,91.43211382279587
799250,24.385825104469273,92.15639298477004
799251,24.40749725058711,92.1825163062391
799253,24.35702052242042,92.19673698901356
799254,24.340016493068156,92.11987716972115
799256,24.163923766459003,92.27577497051851
799260,24.27447158166693,92.18158524046231
799261,24.4797678164044,92.19213675160383
799262,24.406604369161887,92.24398014093121
799263,24.165801499934695,92.12313505940237
799264,24.167505462612446,92.04664803731752
799266,24.06925890523628,92.07252342893293
799269,23.910530882419753,92.26334569562964
799270,24.09005632518145,92.21108758180945
799271,23.822996225388014,92.16574906572363
799273,23.869122192219766,92.05872113949465
799275,24.01344644545578,91.96959697557755
799277,24.298549310611936,91.96444298392241
799278,24.015272833952565,91.84225801467429
799279,24.311932449661153,92.035202761525
799280,24.260067038868407,92.03438915721267
799281,24.363510080489437,92.02149180876141
799282,24.299385333056406,92.06337095018492
799284,23.63250852038674,91.83364686006597
799285,24.190529947968297,91.81174635491271
799286,24.086481433588617,91.83731790313256
799287,24.139850916461786,91.78784819882831
799288,24.10773918738752,91.95969159658029
799289,23.82592324158031,91.87378811464495
799290,24.18636949205476,91.97288348622446
800001,25.610304179006334,85.1299837911163
800002,25.580438161139178,85.09176535978428
800003,25.610769327559822,85.15078715199812
800004,25.620942371496593,85.1581170027893
800005,25.62000468442076,85.16839075993876
800006,25.61365868450974,85.18008319714335
800007,25.539346904081057,85.18982504366382
800008,25.587219110226457,85.23433046125771
800009,25.55973421583913,85.23012164143378
800010,25.63961265917826,85.11458685319649
800011,25.644830988094014,85.09103597883399
800012,25.674964933669546,85.06974166883386
800013,25.626979275224585,85.10946008299783
800014,25.600588365083887,85.08457539398027
800015,25.60592042518268,85.11625693255786
800016,25.608944302838033,85.16462109876612
800017,25.613034218723936,85.13706560496209
800019,25.606869388265594,85.14388988677094
800020,25.594543610245893,85.15472458041995
800021,25.61015446955414,85.12853350758826
800022,25.60164326888769,85.10393387851104
800023,25.616230333333334,85.09266400000001
800024,25.62826595743386,85.09482890920582
800025,25.623510638771293,85.08021363369909
800026,25.59311270426684,85.17631675786943
800027,25.5783159563452,85.1503025069123
800028,25.60869234490608,85.12537877113417
800030,25.57489804024583,85.16522415319676
800031,25.593983745841783,85.0645465145323
800032,25.57287909639627,85.1087601013414
801102,25.3714541492782,84.8784553573363
801103,25.572392595128516,84.86593394958827
801104,25.431172474487468,84.84106485364458
801105,25.58420216755603,85.03268507010692
801106,25.542160378660224,84.85380819243737
801108,25.679271050424703,84.91681033751345
801109,25.47824188123685,84.9634311838439
801110,25.31165293205114,84.81038857562496
801111,25.56128676187526,84.9234543653133
801112,25.490714630651986,84.80094824561863
801113,25.579144460532216,84.98929962905734
801301,25.222923577532406,85.25826481816905
801302,25.313394255456195,85.26407989962529
801303,25.112402709386828,85.24295104164855
801304,25.401101709714638,85.27050623900035
801305,25.39321044013661,85.34696036759867
801306,25.236858800654332,85.18953370623348
801307,25.292097958723208,85.36423418553973
801503,25.653759005104213,85.01943004583009
801505,25.53334422725553,85.04547299604211
801506,25.605235613196225,85.07454891852613
801507,25.560219850783405,85.04199509853696
802101,25.57193008815343,83.975678561655
802102,25.532854483335235,83.94427076687245
802103,25.539941698806306,84.01359218966873
802111,25.612859546726327,84.22943873117303
802112,25.664706153543914,84.35127894580515
802113,25.68470708380128,84.10161688848082
802114,25.45653059026401,83.88911902634955
802115,25.483127456339787,84.25068504031685
802116,25.59744447241903,84.03174128280838
802117,25.34775212020631,84.0227362822908
802118,25.618825109055514,84.08361595407227
802119,25.53191494758117,84.13636865345431
802120,25.6419122615103,84.1862769381793
802122,25.393557553660305,83.90201625130805
802123,25.450502177143466,84.02743752901087
802125,25.427211490104003,84.26751314901674
802126,25.462822986508687,84.15923657788066
802127,25.46290900260296,84.24529360989389
802128,25.329793676524027,83.91070765043246
802129,25.38332050061776,84.15498670848127
802130,25.64169052782167,84.29057045484944
802131,25.68440394622516,84.15348833975739
802132,25.329916853296666,83.76243565027059
802133,25.589798294927657,84.14175156067662
802134,25.52692750760542,84.28791253364172
802135,25.636855325362006,84.12813455754625
802136,25.573159890000408,84.13981608005236
802152,25.540007859514287,84.48191868924997
802154,25.592837721058007,84.47432219755065
802155,25.42366626885159,84.3641234131543
802156,25.616946677546732,84.56147786191573
802157,25.56908378127711,84.53879553552044
802158,25.468209254161952,84.43752550333872
802159,25.368446967009984,84.37802397494389
802160,25.581558935712007,84.7848067477041
802161,25.542484862049147,84.73743089007964
802162,25.52866607960565,84.55875624096626
802163,25.66919312034491,84.78899791373875
802164,25.39606316338832,84.71841527258088
802165,25.61420362687787,84.39810770283363
802166,25.666782059118542,84.45259278972757
802183,25.546777562945618,84.38579280402365
802201,25.346827021396802,84.63265794054577
802202,25.357158267099496,84.32248643933399
802203,25.428957938194188,84.5533747639237
802204,25.270127934777424,84.34152020786118
802205,25.18723027261074,84.36319726245951
802206,25.458008569716025,84.64111920735758
802207,25.308822375932767,84.42591091410851
802208,25.26592044242697,84.58986719797124
802209,25.205893388366505,84.43841993236117
802210,25.51233342696233,84.62614246412758
802211,25.333521916018775,84.17989383222445
802212,25.217453172860086,84.27496775313904
802213,25.25473216276771,84.05077709145736
802214,25.12263689624019,84.30414341199372
802215,25.108346794835967,84.05014484773083
802216,25.33660121819862,84.27076318808231
802217,25.03908046569225,84.12405236153454
802218,25.246972713168116,84.14108525280541
802219,25.075241034660163,84.21458772613265
802220,25.1546639859917,84.19409109006334
802221,25.2640067089905,84.22384114742013
802222,25.254843506804274,84.50585409752466
802223,25.356410260455185,84.4979819401369
802226,25.286199191434477,84.21659005413332
802301,25.56845876449854,84.67505547264965
802302,25.53509475995124,84.65917020290742
802311,25.66311502985636,84.71157815640423
802312,25.571341769858655,84.62920725426554
802313,25.63080682226267,84.65952205970603
802314,25.611237489522395,84.73860932637847
802316,25.69817393168734,84.63227805004689
802351,25.65083393623421,84.52698722742012
802352,25.48064531012165,84.72779197550213
803101,25.20022802043558,85.52973301401259
803107,25.225082260442594,85.64376471243219
803108,25.346891459890724,85.40166425524505
803109,25.033049943357486,85.53233858205435
803110,25.374011326220103,85.5455345995833
803111,25.141414689596107,85.45672208732739
803113,25.29539429020903,85.4618449932287
803114,25.191749067924626,85.37492582522314
803115,25.097750667746467,85.53912592111483
803116,25.025158085875237,85.3709257174626
803117,25.088682091703138,85.41093264921444
803118,25.25172384858316,85.50897817162249
803119,25.286259844581416,85.57124489356912
803120,25.263303024646202,85.40855491316856
803121,25.02823739537114,85.45030050649461
803201,25.481102415003605,85.28235402067139
803202,25.459870348447723,85.42670539573764
803203,25.482159038938548,85.2106771108092
803211,25.444633897853652,85.62021406845759
803212,25.468883501240178,85.54633061493882
803213,25.430421067908288,85.68593544732173
803214,25.382001950629984,85.73618604341539
803215,25.486841351302903,85.73981629779897
803216,25.17519009428774,85.53089217654707
803221,25.486043544666483,85.84198046724688
803301,25.355466547652693,85.99707780223375
803302,25.381893749836173,85.87774637669901
803303,25.394504707046135,85.95303708770876
803306,25.364839372051133,85.80802498907401
803307,25.334985066590196,85.77545760119858
804401,25.263528180957856,84.69744568354076
804402,25.201392310637814,84.62380691481019
804403,24.973589246405393,84.98180317003276
804404,24.89700418978754,84.98085617751956
804405,25.04541204118624,85.05294473935048
804406,25.147653334822657,85.10406205157174
804407,25.072780227447517,85.14427028944215
804408,25.210937213429066,84.9860783839921
804409,25.174829444286157,84.53443090664793
804417,25.224403610288565,84.99316923097642
804418,25.253454022948052,85.10440601478203
804419,25.146440527477985,84.71139897691299
804420,25.173194334374855,85.05500274498493
804421,25.09958300229735,84.7928291751334
804422,25.06520379951749,84.96111438468233
804423,25.212934985418574,84.8340171909611
804424,25.053006628748914,84.91527219243285
804425,25.145272412916466,84.90473581193996
804426,25.221699301118775,84.74128581807916
804427,25.126848940530806,84.98189358043889
804428,25.13739720899107,84.59534549220014
804429,25.228728217498283,84.91392690326485
804432,25.227889044113898,85.15388586314778
804435,25.033993496660823,84.86746889800881
804451,25.374716682041463,85.15075833446014
804452,25.35893433139333,85.0118246403199
804453,25.473312442419406,85.0940742865788
804454,25.30342901358671,84.99377902156878
805101,24.96218250975526,85.82759622261389
805102,24.769553377694685,85.68369221748563
805103,24.835980956867925,85.40033178472541
805104,24.91652668805763,85.59976422230774
805105,25.086339097435104,85.61232363946453
805106,24.833817528029012,85.91290989275339
805107,24.835937962196066,85.68292329190238
805108,25.081688879722858,85.66740998625164
805109,24.92608515227664,85.41947796925355
805110,24.889430209403653,85.55060971162584
805111,24.871496859807724,85.49889776934636
805112,24.827583684772915,85.5188837836934
805113,25.055056632780524,85.72880190775439
805114,24.72035377711026,85.42498145063502
805121,24.814576017631236,85.58945929929051
805122,24.751761978886783,85.39073699682088
805123,24.955695891343485,85.52156268587285
805124,24.933943656168715,85.75442841039494
805125,24.62976706422125,85.53765915946526
805126,24.736625719039317,85.5834139911388
805127,24.63297612584922,85.38366269344269
805128,24.72183171160037,85.26626839897477
805129,24.819200787903927,85.3090665245663
805130,25.011150540900825,85.63508594124967
805131,24.809567174749258,85.19551211697001
805132,24.94055430193666,85.68272384740904
805141,24.85383543432979,85.75050621778247
811101,25.214510474136482,85.7345216933988
811102,25.231705019279058,85.86428601568058
811103,25.123237913115574,85.67810107354826
811104,25.271056284985605,85.80273783323337
811105,25.1053867887708,85.82460862104769
811106,25.270124861136622,86.24678846841871
811107,25.143592240608417,85.96092633605721
811112,25.1756806580475,86.34672847274874
811201,25.367495301578668,86.47626190875658
811202,25.385728109257457,86.49362991507094
811211,25.265605934653514,86.57975218910094
811212,25.233757561807728,86.4516976285939
811213,25.0982161186162,86.50243194739548
811214,25.314721919264674,86.4991936385861
811301,24.94632206035494,85.91983558084023
811302,25.271159268042684,86.03144172841756
811303,24.536799254238474,86.37821797432906
811304,25.0474440095582,85.9152286752607
811305,24.855002381232303,86.30831729935288
811306,25.03909624239895,86.08170320080545
811307,24.93178640277338,86.22544305647406
811308,24.764540333568107,86.42422005718485
811309,25.16442221693968,86.24658485366409
811310,25.096512963813314,86.21654644188116
811311,25.156086334350054,86.0881468092816
811312,24.961570388704875,86.41068877985212
811313,24.96119933243584,86.21178549099079
811314,24.71584069590803,86.24541591794262
811315,24.95228257719271,86.02647939966893
811316,24.68909503526446,86.53673605690913
811317,24.823777220059274,86.13242817616228
812001,25.25082167707176,86.9947991464224
812002,25.24429771141991,86.962454145826
812003,25.263853969208732,87.02052125772421
812004,25.286762919974873,86.88087311597887
812005,25.186441332123582,86.98169843532497
812006,25.19384975019672,86.89731977751214
812007,25.2395476954153,86.95248271801302
813101,24.967187327848677,86.85144975146521
813102,24.878581608641465,86.90812131782965
813103,24.795826566944232,86.86203367325118
813104,24.711031273641883,86.98667579586524
813105,25.079795389435354,87.02087415657898
813106,24.762078998266492,86.68223137072478
813107,24.995507683027707,87.00414006607039
813108,25.14158687245509,86.8090061357396
813109,24.95885635417397,87.04257402086276
813110,24.924324715047685,87.11635444341864
813201,25.177214871521784,86.65817531971439
813202,24.903180706147033,86.59987820395936
813203,25.283471106546852,87.2713812893884
813204,25.19097039650981,87.2328362944814
813205,25.14014131865699,87.15453788626847
813206,25.23632462888954,87.41444995114627
813207,24.950617407982268,86.72814461557995
813208,25.150721091086695,87.48569709398633
813209,25.331001469552984,87.45760269554198
813210,25.195949416476584,87.04993055464638
813211,25.0400289141243,86.75235617692688
813212,24.960587937512624,86.55589462421811
813213,25.22071701034729,86.7488537519668
813214,25.23889791102068,87.25933117816568
813221,25.06677099737632,86.64029064777273
813222,25.29170213948812,87.33196572577177
814101,24.27020208128341,87.2450781412166
814102,24.54177127775868,87.25633156441211
814103,24.377803319675998,87.45952873643027
814110,24.356608791487584,87.20214093176511
814111,24.538263002013604,87.52123733135944
814112,24.497463551681516,86.70266024489828
814113,24.560778371396797,86.75361204140518
814114,24.397842492324155,86.67065462680482
814115,24.500531338145258,86.70014158416107
814116,24.475643143034443,86.67443551434252
814118,24.384514968560246,87.08694752052172
814119,24.206600011764614,87.30483367197327
814120,24.43521149219431,86.92920538631613
814131,24.626341803691684,86.72647701396662
814133,24.839775802651218,87.19849884672072
814141,24.428338280003896,87.04703256360398
814142,24.546945572663027,86.63041806333794
814143,24.422887044857408,86.74003765745493
814144,24.07639162430479,87.30631659857724
814145,24.53276362427042,87.11947208748866
814146,24.22395583499329,87.03413794080836
814147,24.94646598433136,87.34501397709498
814148,24.061521458704625,87.43302447119882
814149,24.25872860083774,86.88232692991662
814150,24.360622741537764,86.83065523752926
814151,24.55371678770729,86.99303374032971
814152,24.469639057819624,86.57902776416505
814153,24.678240115795116,87.22467962173374
814154,25.034433175837133,87.29309753252448
814155,25.000700827055354,87.20126702088287
814156,24.744008987185484,87.3692179643906
814157,24.520088545191587,86.82618446341668
814158,24.38492745558383,87.32117391791863
814160,25.16253905292325,87.37069039111257
814165,25.073128762566167,87.34840691641682
814166,24.091600915709385,87.0435095371536
814167,24.142227776688266,87.18471414155881
815301,24.179976320474566,86.29593706498297
815302,24.182151525456913,86.32898492470353
815311,24.13847422142713,86.27201176441874
815312,24.26189253243584,86.38853742138338
815313,24.635186680102407,85.89727494307489
815314,24.506915140342528,86.18963942690463
815315,24.396938314924437,86.18064232920025
815316,24.196824861916713,86.17123432854522
815317,24.606968903616206,86.04430738017653
815318,24.326435918900017,86.11681720520588
815351,23.992455280372784,86.82422188680646
815352,24.05206715930738,86.63523531078155
815353,24.278101953238323,86.61408807460177
815354,23.8915909077633,86.88474137486304
815355,23.9109895628877,87.05283140656601
815357,24.159848955755205,86.75909879284995
815359,23.94610403012773,87.19034683203272
816101,24.869257161030202,87.82183272483309
816102,24.883285327940346,87.53314139082268
816103,24.193935836616063,87.58705359959819
816104,24.69421026126916,87.62878266191291
816105,24.728338510107783,87.8254923359268
816106,24.48494315972341,87.71698173308359
816107,24.631075424222637,87.813268803078
816108,24.986548112856067,87.86347515650421
816109,25.207970668213957,87.64353443407957
816110,24.830001680688337,87.70666142610568
816115,25.239445456300807,87.72254619151232
816116,24.99885047234401,87.73811730412251
816117,24.343786569284138,87.65694520363155
816118,24.20400211386761,87.45359626453497
816120,25.040901820535908,87.59737721040642
816129,25.100084605583444,87.73746559528483
821015,24.90275794299852,84.02349387906708
821101,25.043284885186633,83.6395638161742
821102,24.78470113182977,83.67957250965397
821103,24.99565095136497,83.46666771636183
821104,24.926676917433795,83.82051320513862
821105,25.216293008432917,83.4971349991184
821106,25.07617446628798,83.41851229313686
821107,25.13911652581623,83.9180215165063
821108,25.03134428444969,83.81196769897132
821109,25.17745946487775,83.68856896613714
821110,25.286598908289815,83.65623426661062
821111,24.995089914848712,83.89814884372532
821112,25.23751171449413,83.91090635032619
821113,24.97929696779537,83.9791071634435
821114,25.114064453141484,83.78403373087944
821115,24.955093874984573,84.02688129077221
821301,24.99171203413655,84.1771577231438
821302,24.715071482646724,84.00343470668508
821303,24.679920169171776,84.00090970476133
821304,24.569872010900184,83.78191664673817
821305,24.936280954040583,84.13188431732611
821306,24.98171565491384,84.24617538053951
821307,24.891835243392897,84.17076495034374
821308,24.85613045009749,84.13354455654195
821309,25.15081443933635,84.39896426610925
821310,25.07938144643747,84.3492755178191
821311,24.660075806326535,83.91763017909626
821312,24.812911331452213,84.0608444620436
822101,24.039871133623606,84.0674431056273
822102,24.02971782097915,84.10053558221118
822110,23.976684390117423,84.01245803780103
822111,23.806994440515915,84.10601156827585
822112,24.430049694742376,83.52317739864465
822113,24.352630053399434,84.23874800087268
822114,24.078058150815096,83.71999782073867
822115,24.46747265604732,83.93599029820821
822116,24.492529033323496,84.04857738754755
822117,24.540428843277407,83.95482161411226
822118,24.06422912109136,84.26719158905723
822119,23.46880476408561,84.11755720942266
822120,24.432365403132685,83.82976842123767
822121,24.195892349025176,83.4694863760999
822122,24.039390539842845,84.48065368646058
822123,24.193143035541574,84.32534424856792
822124,24.183497388345796,83.98118680075427
822125,23.819282727424827,83.82756014779916
822126,23.90604158561719,84.36516276195707
822128,24.215576599116098,83.59422033360123
822129,24.44825398270717,83.67525981006513
822131,24.50966973555876,84.20065679107742
822132,24.310282406688778,83.96889105705735
822133,24.159453724544143,83.66646993158828
822134,24.332403535328698,83.7346494116014
823001,24.77803129032303,84.98745371539495
823002,24.826624698881968,84.968200339379
823003,24.830982407253202,85.04572065816419
823004,24.74530368098438,84.9550653977359
823005,24.761019812087063,84.95804397270123
823311,24.92293911785167,85.22224226458289
824101,24.756045799355956,84.3910055351834
824102,24.733324661625428,84.32540645340012
824103,24.74016235363473,84.51639211949595
824111,24.614878382609895,84.30415037543524
824112,24.854075340288,84.23166300587005
824113,24.987182042248484,84.43036427814042
824114,24.996349346000798,84.57493220851417
824115,24.995038538897646,84.5140284857833
824116,24.88883200971013,84.69808563196189
824118,24.796197928703,84.7627839425336
824120,25.06792983880827,84.5820429407578
824121,24.83664433817184,84.38025918985743
824122,24.834352385406174,84.5139202120477
824123,24.60487101075069,84.22047690957064
824124,24.924024972618298,84.37582785371772
824125,24.787651157297937,84.64483156918867
824126,24.912244795785604,84.53696957829531
824127,25.1314865367841,84.49943836640225
824129,24.913388142039654,84.63412102176697
824143,25.051112988212775,84.43970406000138
824201,24.491559796573746,85.0443036231212
824202,24.592606090940198,84.42446984049734
824203,25.00553091187741,84.66603119770802
824205,24.673403038988123,84.7693387568673
824206,24.460739251732665,84.55337078491665
824207,24.918820206122167,84.77898217070003
824208,24.650430845588218,84.56461334311152
824209,24.811354210734542,84.86850990922929
824210,24.38988602612201,84.55733310864453
824211,24.580803694512216,84.7869882863025
824217,24.549849202562424,84.6373165296733
824219,24.65591721605501,84.65684128590476
824220,24.520982836582103,84.91538201710863
824221,24.450210311943696,84.39416563438654
824231,24.684484894203198,85.00442533201301
824232,24.606376096268672,85.19276388324325
824233,24.977104657418113,85.1388593917318
824234,24.64661919172238,84.92090826157572
824235,25.030983834965486,84.80097914199862
824236,24.923189553788312,84.87841043728704
824237,24.714779567740077,84.86999154864542
824301,24.63113473917377,84.14604641567985
824302,24.537714250461576,84.13540331230995
824303,24.682772646188653,84.07849252893378
824304,24.765809447570234,84.16297256088473
825101,23.56298074945212,85.59269867380475
825102,23.824616243768222,85.97961505427035
825103,24.059055162164,84.90565163177403
825106,23.94180559858274,85.96932702959757
825108,24.04126898765919,86.19807973433603
825109,24.292413184380393,85.72817341947524
825132,24.721203224019828,85.7678226187132
825167,23.962912524545832,86.072319111611
825301,23.994786892180866,85.36632436258158
825302,23.908447703705047,85.4345463453135
825303,23.97167474538492,85.43818906402909
825311,23.81719786000896,85.24620730376148
825312,23.995206799932358,85.77172826559816
825313,24.023753737718327,85.59385739207401
825314,23.78477176997308,85.55800284142961
825315,23.86086897941444,85.72412654522128
825316,23.767687116721785,85.50239648252361
825317,24.008925865084315,85.46218217753486
825318,24.352179884809047,85.78676243969373
825319,24.061115970018978,85.26641060266073
825320,24.188271432777,85.83543579342327
825321,23.851068052734046,85.03706234915784
825322,24.08650091117682,85.88127917430194
825323,24.22987269648935,85.63834314998574
825324,24.232449799416223,86.01110547213395
825325,23.8086663190307,85.60410001031373
825326,23.835300945280622,85.50042610575429
825329,23.979676889039673,86.14769872477943
825330,23.743576655212415,85.45085630217245
825336,23.829940415396596,85.41709411647271
825401,24.265692612941987,84.94755348031985
825402,24.09660770145027,85.43575154280944
825403,24.345544137980976,84.83458616039145
825404,24.298407723349804,84.66033625991474
825405,24.254128747760067,85.45697956317045
825406,24.408025904157217,85.29198957080716
825407,24.548459031858123,85.70385752977907
825408,24.217875061707996,85.14088376807905
825409,24.435218633719117,85.4759078793855
825410,24.471797542133842,85.59385400752527
825411,24.184899772611608,85.3546626617757
825412,24.404448970355062,85.98009784849927
825413,24.307501804669688,85.53697454780297
825414,24.422469406731764,84.79340602742974
825415,23.844273511088158,85.02569024349147
825418,24.450554287402575,85.79315540433464
825421,24.388428533664538,85.5593218343969
826001,23.7971900013049,86.43422990231439
826004,23.817180516379977,86.46315575715757
826005,23.807199494199537,86.46667519566898
826006,23.894680468892904,86.35423477083614
826007,23.80288181068602,86.4435158278089
826008,23.82658682160294,86.49018144425531
826009,23.826384840739202,86.55552981299832
826010,23.8427952054571,86.44395028589597
826011,23.796863000000005,86.43384233333333
826012,23.82656707304004,86.40342675860384
826013,23.820730660120628,86.41662083877041
827001,23.675648672033184,86.10770009785047
827003,23.65977537227608,86.14914690856824
827004,23.67320780986051,86.15732489575929
827006,23.672832389168924,86.17258698475884
827009,23.707426985370113,86.13608357056246
827010,23.614828262131194,86.08886739594159
827012,23.63420880433156,86.14021718126125
827013,23.61281373858344,86.22844717796478
827014,23.672604186039006,86.05929594160125
827015,23.656496855188518,86.17725793431364
827016,23.657176999999997,86.13921166666667
827302,23.542818384749204,85.92513528433975
828101,23.789860257422426,86.3572716094208
828103,23.764036707521655,86.32195397823688
828104,23.812775087641143,86.37901304848509
828105,23.816302808579167,86.38329797266105
828106,23.774532934086032,86.4093924944065
828107,23.64078200442491,86.50236705834627
828108,23.689496274088388,86.41298154765296
828109,23.879507213589218,86.54645667984535
828110,23.704730328392188,86.41306862992636
828111,23.75476340055157,86.42238623514118
828112,23.70136711375534,86.39113809893978
828113,23.825514977596754,86.30662055591426
828114,23.827648636775635,86.2768163138842
828115,23.70131298280253,86.44945583002456
828116,23.772067072116382,86.3727873516312
828117,23.76182379227547,86.38839457110575
828119,23.67846560082332,86.42573098751716
828120,23.652871653514488,86.46353253195642
828121,23.790241065293174,86.33504984646162
828122,23.677268240534143,86.497577952427
828123,23.682219349419853,86.47031366010093
828124,23.667713410543218,86.51314350326905
828125,23.78902431683907,86.24690412104171
828126,23.663162486348774,86.42750261169151
828128,23.788061983526607,86.25205955528072
828129,23.730757209656083,86.33917957472131
828130,23.804893374812174,86.41678676501833
828131,23.72986913773298,86.43172040979897
828132,23.68043076524365,86.43568882856542
828133,23.70085390312462,86.42688226183519
828134,23.535469705227012,86.31387379284944
828135,23.664455586027962,86.44600205751527
828142,23.993772221975338,86.42995166060628
828201,23.71875775702357,86.56209653861546
828202,23.73442336391246,86.7872452518958
828203,23.759032750074763,86.77052530018692
828204,23.7358262934597,86.70749311054104
828205,23.82907035858987,86.69198362874987
828206,23.695931962624044,86.76666008187655
828207,23.813571296238436,86.78367025056393
828301,23.72964924256534,86.4059184785073
828302,23.681268121504143,86.38001778424767
828303,23.646878486628836,86.40186732139748
828304,23.776495530445597,86.27902399385682
828305,23.736140714826888,86.24716720266322
828306,23.82191697293097,86.21395446252768
828307,23.7934983291703,86.18504871073121
828309,23.724840566015757,86.38334076394219
828401,23.867978285013155,86.13741579243883
828402,23.904114968465098,86.22247143738012
828403,23.797731156757536,86.11435749905247
828404,23.75577608071555,86.16434723836353
829101,23.675630800573522,85.4404156180382
829102,23.61494708767715,85.47780645662539
829103,23.597519470832967,85.43938635245482
829104,23.757675203836587,85.97204652064698
829105,23.60738281712775,85.3891346905571
829106,23.636876322025685,85.3524720685237
829107,23.830869395084243,85.8993261891839
829108,23.680435944764206,85.36419261498713
829109,23.709356607021462,85.37201250941074
829110,23.53047479213185,85.76749023411402
829111,23.79157000622712,85.80998934066994
829112,23.889238272302386,85.84283369964218
829113,23.750920270773747,85.90936618679156
829114,23.748713389331517,85.94402392465715
829116,23.767519722309526,85.85763782794692
829117,23.671119747320564,85.58421504013222
829118,23.667911883285775,85.26688970707094
829119,23.616673188399925,85.25994340170722
829121,23.64471216767407,85.86111239717326
829122,23.63233140123451,85.51564652634487
829123,23.708138803536908,85.8643333313442
829124,23.68822457297456,85.3776484932877
829125,23.684044560239307,85.32537710012745
829126,23.676474861232585,85.34408134318956
829127,23.800857470984475,85.93660502680892
829128,23.80781673586029,85.8497667123068
829129,23.702023318676112,85.75259781027303
829130,23.6115021804498,85.57494948000625
829131,23.633578744039998,85.49745443571292
829132,23.76979730355728,86.06255718155137
829133,23.664160481901806,85.33421257546614
829134,23.731356342721497,85.63035066306225
829135,23.661984574614067,85.37150760531213
829143,23.60961652251381,85.32875859858783
829144,23.786328271851815,86.02585425079891
829149,23.76554332895473,85.74015752286621
829150,23.584928223892724,85.67855886837415
829201,23.715961215331344,85.11440591033387
829202,23.870187533412054,84.77453729704327
829203,23.67368279355768,84.75941581211075
829204,23.71397008602229,84.21988672644869
829205,23.609102869707183,85.00498864473518
829206,23.785743307920878,84.55147969869839
829207,23.681641304403136,84.41256911705037
829208,23.66038140753603,84.91481588970635
829209,23.684607801433117,85.11624970857395
829210,23.67226816891178,85.01178321121465
829301,23.6102489782098,85.99604443248538
831001,22.802852855806186,86.19072790560013
831002,22.73388613415421,86.14582949641962
831003,22.788222505372286,86.22726020156632
831004,22.761885724026982,86.27437970617179
831005,22.80610390867509,86.16226346002391
831006,22.7730171062295,86.18161041516096
831007,22.782279722450486,86.20481320676178
831009,22.806983553491722,86.22825699360655
831011,22.824828900048583,86.16945908620812
831012,22.79991814821968,86.28963670315414
831013,22.779537452271764,86.16458789595247
831014,22.776345467644436,86.14841186213307
831015,22.752783357998226,86.25875789822453
831016,22.752192719735916,86.24253332874784
831017,22.800256465634817,86.24854730996145
831019,22.78604659725184,86.24959452370949
831020,22.847171829037986,86.20655190525571
832101,22.294383164998557,86.72807259413034
832102,22.62028356742936,86.3328686266389
832103,22.595097447626,86.43459437451355
832104,22.439405428318125,86.40103441862388
832105,22.900474108787858,86.38787328172543
832106,22.75424657638622,86.25820712165147
832107,22.68767407415439,86.19420242200671
832108,22.840713444794062,86.08762329543825
832109,22.785320407034128,86.1362094724451
832111,22.70798088224072,86.26523509810677
832112,22.94659428895832,86.28491850934638
832113,22.604291729484853,86.10576485414241
832301,22.46219991465001,86.72500820855014
832302,22.437529162931867,86.57260160873851
832303,22.61781807972485,86.53037350270269
832304,22.71459975176687,86.42413841950821
832401,22.952816864135926,86.12286405521877
832402,22.854926439274134,86.01239857318413
832403,23.1170574205174,85.94993825795042
832404,22.98606289700965,85.92095539565535
833101,22.73898109863989,85.80145180982427
833102,22.760210074692445,85.63048206436903
833103,22.532848362367687,85.32298828385024
833104,22.427476990574874,85.14923518682302
833105,22.554368857449177,85.4407196167506
833106,22.23238602149956,85.25155801289284
833201,22.544491189311913,85.804880320921
833202,22.475321390460998,85.82335573549922
833203,22.212098360710442,85.64702468650161
833204,22.50207661043452,85.8485115901912
833212,22.159087412835643,85.59725817392474
833213,22.222653171468263,85.36522577756261
833214,22.165101002607233,85.82077045939766
833215,22.42073131151484,85.68184898170573
833216,22.829370238106918,85.83392188505212
833217,22.147646326678014,85.47855865801938
833218,22.271231058806435,85.51877312257142
833219,22.6981858242114,85.92217070849816
833220,22.793986098316203,85.94947862448556
833221,22.182761597610828,85.41891497859682
833222,22.063912930163134,85.23829092571935
833223,22.13814949895108,85.27074634046832
834001,23.36947232154531,85.332733108288
834002,23.339356593830527,85.31661676802474
834003,23.290769074876078,85.32183609188446
834004,23.28364052401921,85.24576209863879
834005,23.38188716226705,85.28513007303545
834006,23.488426930992,85.31584580146851
834007,23.332842791111876,85.28439928952005
834008,23.402132356771123,85.31844082816153
834009,23.401840252590702,85.35927154852185
834010,23.26961795594089,85.42239382989227
834011,23.350945398996362,85.34124439769882
834012,23.390552761951483,85.38633208710421
834014,23.291497557326345,85.23111400003009
835101,23.40389121506672,85.85462995480117
835102,23.347586375833853,85.75673031870271
835103,23.38587329076344,85.54574196281017
835201,22.606738180919606,84.94474567582476
835202,23.253026299356026,84.9925232097412
835203,23.237911976511295,84.87177218602928
835204,23.21316454823898,85.61246255028844
835205,23.477424547552253,85.16390261049897
835206,23.12143290685657,84.31409637696554
835207,23.048647300037533,84.53878081548773
835208,23.245635945868102,84.58753531539325
835209,23.15021123859474,85.1201868023118
835210,23.079147440097813,85.3364604550023
835211,22.63173419586762,84.76793758363313
835212,22.49062136546143,84.16831956059103
835213,23.540390529500616,84.78430198364701
835214,23.54134254898847,85.07327449997065
835215,23.41895081404001,85.4346515398463
835216,22.851697088894923,85.33833880725112
835217,23.445367148757747,85.41279197854831
835218,23.383310018246355,84.26016737549736
835219,23.5115424949235,85.46503305522104
835220,22.879364075637746,84.64287619384251
835221,23.192027515989817,85.33530863937231
835222,23.450056227353244,85.22978797824007
835223,22.618956803656985,84.35687220985822
835224,23.145498694853547,84.74769450295989
835225,23.02966835233977,85.67306035109246
835226,22.461572745627507,84.47491890819302
835227,22.862629596914907,85.07148856703722
835228,22.709508199503304,84.51346160623187
835229,22.92512209798962,84.80902874308302
835230,23.193693402592714,84.1274909465704
835231,23.409450481953883,84.39706965535758
835232,22.897551952113684,84.45429609595362
835233,23.143284542857046,84.52410681790904
835234,23.06597942999977,84.97053582880461
835235,22.567488033191967,84.3827426316041
835301,23.374477016003596,84.98858586553624
835302,23.45777083777392,84.62437747335993
835303,23.301840535336297,85.16713164363236
835325,23.409257316545265,84.87432024414548
841101,25.732200788621093,85.1373218411133
841201,25.902792075536244,84.54686968870537
841202,25.80696020303992,84.93940854410134
841203,26.005661943809432,84.38433225994642
841204,26.020076140345324,84.50673230276556
841205,25.914818040588955,84.60795423234256
841206,26.035778134865478,84.61309051661628
841207,25.751875055519402,84.9949638480979
841208,25.962951399770834,84.54159369240034
841209,25.90897479450602,84.48575425121837
841210,25.946272729198355,84.40967270343113
841211,25.741519640644544,84.81620072229505
841212,25.9975867184396,84.46113017843757
841213,25.843177214874615,84.67002305541558
841214,25.83900022570253,84.63490464550355
841215,25.967320937166857,85.03664002809349
841216,25.7600914192726,84.88908314825814
841217,25.755179242039727,85.07803201867985
841218,25.910651697880013,84.9098650988019
841219,25.88084559694085,85.04952443510818
841220,25.99728836075269,84.58717840307382
841221,25.80000545801461,85.04973873434766
841222,25.848447611384127,84.96678964192216
841223,25.95707766922782,84.45783618794422
841224,26.07159128357096,84.63367083956261
841225,25.77669950475632,84.94383697813866
841226,26.20490532898199,84.33925829977791
841227,26.253244102174143,84.39523313060825
841231,26.09782608152432,84.27951348180727
841232,26.315491140352993,84.46535461894011
841233,26.09748536988194,84.43830521563248
841234,26.09107310721008,84.14994831285065
841235,26.154326515655917,84.14071137755309
841236,26.063174980709384,84.35675266715185
841237,26.154406974226962,84.31702372968938
841238,26.125763013016144,84.51490548230974
841239,26.216901842808507,84.1434356229799
841240,26.057304956944108,84.4247164850896
841241,26.160794073815577,84.40295911313426
841242,26.119666440880856,84.57650325319145
841243,26.30120178761947,84.20871857534674
841244,26.070897095339276,84.55475959196797
841245,26.18323279256995,84.24354997369316
841286,26.118936838112745,84.36199639257066
841287,26.07970975013745,84.20130151564652
841301,25.787579833499727,84.73721304316678
841302,25.79265399680787,84.78834133608925
841305,25.766975491160043,84.6809118604464
841311,25.843595029261174,84.88062281442497
841312,25.732321902403047,84.68035797362283
841313,25.85054652423578,84.56951008609809
841316,25.819262636488347,84.71342626630711
841401,25.979615587254866,84.92363202913242
841402,25.918795548380505,84.95238871616989
841403,25.9867669297551,84.69292646994374
841404,26.040390997774086,84.46780518991258
841405,26.417352461160995,84.58752014160645
841406,26.1787154518215,84.66371607273337
841407,26.32139630790228,84.63122459597957
841408,26.112399461543447,84.68630127235112
841409,26.290203464153585,84.75919605978319
841410,26.186343264174077,84.85661942583788
841411,26.01396930815602,84.81454379018142
841412,25.89405282769313,84.70267154768618
841413,26.30762607392364,84.56678000560393
841414,25.849952798724654,84.75768731327605
841415,25.86883307223038,84.82134967448167
841416,26.245752750819822,84.65851616254466
841417,26.120094997819898,84.79059102523878
841418,25.96705617329285,84.86306799510322
841419,25.92764049541978,84.84915057013943
841420,26.215892890182435,84.79056854793164
841421,26.056816226311348,84.7836872481014
841422,26.054786962914683,84.69059190750818
841423,26.40045684992176,84.66895570748679
841424,26.075280979125836,84.90447015961449
841425,26.48786186439215,84.21592418001221
841426,26.438009387175317,84.11305099173359
841427,26.411931128114013,84.4974825808737
841428,26.519404781460413,84.46010834940772
841434,26.262939959620414,84.57607779593165
841435,26.155873130102297,84.06035467605936
841436,26.325475190746243,84.28466947535038
841437,26.552208524652382,84.08897545752947
841438,26.42310477858482,84.3081521445899
841439,26.22131082715073,84.56918838857004
841440,26.430930672027827,84.3978278660984
841441,26.563553178683822,84.20647413147593
841442,25.91081663150663,84.76255847498612
841443,25.95974333041784,84.77855026341551
841446,26.145667342418403,84.25405381538442
841447,26.237826211024522,84.71902311855051
841460,25.942317338097713,84.99172443651777
841501,26.566156492498138,84.35978138496422
841502,26.043939950167292,84.21492421777555
841503,26.592054274147923,84.31413203474204
841504,26.019500383126005,84.27471554826295
841505,26.504141823348018,84.37154762086844
841506,26.20203219054435,84.48903158245467
841507,26.116031208006707,84.62039667826814
841508,26.479924813151072,83.9649620234285
841509,25.970161737464792,84.31731578324839
842001,26.131530292681063,85.3989087831684
842002,26.07440304845374,85.40953724745694
842003,26.139155198376212,85.36579568443607
842004,26.196184708606616,85.40007134980608
842005,26.090974252028662,85.40913585663144
842006,26.19846042864459,85.3334032523776
843101,26.007637855268474,85.07836087704273
843102,25.929209683542897,85.48398884374514
843103,26.188500810639844,85.51030121588059
843104,25.90112024036997,85.60331458828284
843105,25.981390483906665,85.54485223705504
843106,26.071953135277763,85.20065288150262
843107,26.063440342263423,84.99943900983308
843108,26.170404125021207,85.33829958164841
843109,26.20934089438341,85.25995715947404
843110,25.806081287690986,85.58062404248957
843111,26.255454170602057,85.16071588001711
843112,26.097405047933467,85.07041080480951
843113,26.115057819617544,85.28704217216487
843114,25.872633725645315,85.52888678113617
843115,26.05340071401551,85.60912095295316
843116,26.295224418271875,85.49553569086069
843117,26.27589263698614,85.41776754581001
843118,26.130029639263263,85.57926365697345
843119,26.002945093167785,85.46550445876106
843120,26.167265477699868,84.9874355019508
843121,26.002937249363924,85.59063973308656
843122,26.167727894835334,85.09936947652184
843123,26.12535737526978,85.1387284262151
843124,26.202286775993823,85.12242599254013
843125,26.27332827500695,84.94222490589098
843126,26.038757388050392,85.15823643753609
843127,26.244764501606873,85.05329009765909
843128,26.28839965973106,85.32147781512411
843129,26.252059803751045,85.52264547837954
843130,26.195262023678442,85.30185307375622
843131,26.336606459798404,85.31289623564747
843132,26.082229678312085,85.48707577594443
843301,26.558151954726487,85.52351332440668
843302,26.570239575680425,85.54598224050615
843311,26.43793876234758,85.45805759422221
843312,26.310882667414514,85.58650428689005
843313,26.708372930895788,85.28863897861798
843314,26.572129505982808,85.64555268809158
843315,26.704623459846857,85.35978902762234
843316,26.46041517357727,85.40784897759033
843317,26.720335163255037,85.57854939314294
843318,26.358043539741818,85.62306364655157
843319,26.533076512335484,85.78192718382734
843320,26.493817230854035,85.7076385418025
843321,26.226275732309205,85.6485773575448
843322,26.676561052134165,85.54163848056044
843323,26.48975276999759,85.51212571423605
843324,26.770962155592926,85.68939754234634
843325,26.512579048252654,85.39751136997052
843326,26.371996657392472,85.64218254457218
843327,26.624782316901257,85.40503917505008
843328,26.392229458510116,85.50232916992962
843329,26.467489728562487,85.29008942414178
843330,26.7955296044848,85.57933655875138
843331,26.637179277269723,85.70154664844497
843332,26.750150578109704,85.44935891827413
843333,26.414151592269604,85.65281698581092
843334,26.558745633229485,85.34190921015053
843335,26.61546700024149,85.30116835066679
843360,26.290308260892843,85.6848701119776
844101,25.6846191578678,85.21217343716984
844102,25.662189085718204,85.24663718611039
844103,25.74621037900417,85.20052183416222
844111,25.991306290010527,85.22207918603486
844112,25.92765669549788,85.41176539207997
844113,25.93688104187346,85.14837852413339
844114,25.85533263011482,85.3127045804949
844115,25.675343854882936,85.36686973844918
844116,25.772484362982077,85.33437111547981
844117,25.7803978288005,85.22817204064415
844118,25.934404471401063,85.32774734421666
844119,25.809526664154394,85.19099377898128
844120,26.02637037663956,85.27600914091704
844121,25.873027571362655,85.16962062090674
844122,25.81925598528068,85.40983737875031
844123,25.884200937916646,85.24198263768766
844124,25.73575007100966,85.32736864687146
844125,25.781041059816932,85.27717578213833
844126,25.790130818794616,85.49902800879113
844127,26.015783376185748,85.34525742802062
844128,25.984910607624432,85.13945278498636
844501,25.66957662714527,85.55576546700848
844502,25.693505628846964,85.31068931775569
844503,25.625219881717907,85.34515686806958
844504,25.671970524446532,85.40799460979329
844505,25.725077719861176,85.53453454871618
844506,25.578806829975925,85.51682380369817
844507,25.673394501973554,85.49232965539015
844508,25.551242064154554,85.38725329416825
844509,25.670222951392017,85.44898263968219
845101,27.021625649533142,84.17008287575385
845103,27.06399716996865,84.3281340280836
845104,26.89941368861856,84.15760728906068
845105,27.23405281384301,84.03079112422802
845106,27.300329556384924,84.24251979228511
845107,27.394816186564345,83.94052305335713
845301,26.897745908239543,84.92656272593639
845302,26.810009174566126,84.97516050042832
845303,26.832115964689542,85.11659139568064
845304,26.741136197788293,85.20975049697353
845305,26.97242556974977,84.81506694021438
845306,27.120143505096912,84.62085123731467
845307,26.966272990101686,84.67052724238782
845315,26.765860834035944,85.0568488413622
845401,26.647011443095295,84.90771823541243
845402,26.67526100637132,84.94065049732595
845405,26.37754768178774,85.26503398922766
845406,26.335078185126136,85.21684503184512
845411,26.56562824981311,84.67331949131344
845412,26.413461476816952,85.03393897667459
845413,26.441330236214124,84.92438049875541
845414,26.519362324072272,85.10180663498124
845415,26.69271301823862,85.06759947016606
845416,26.496124582159283,84.97742489454905
845417,26.515577015460934,84.76071251255343
845418,26.67793448835191,85.15050430955567
845419,26.507832824612077,84.65395894886744
845420,26.449403850071484,85.13898350828404
845422,26.645669574214512,84.67467813907221
845423,26.40378332288862,84.77200802227284
845424,26.338294588583558,84.84942183360323
845425,26.560768425131965,84.55713851595591
845426,26.350751021963802,85.09616928537908
845427,26.619140921597786,85.2323357911669
845428,26.57325280051811,85.08338924721066
845429,26.56005083797894,84.93130125342489
845430,26.523443616383272,85.16819191392992
845431,26.797015744705288,84.85066770303179
845432,26.408988430572705,84.87407847005174
845433,26.87329991746625,84.80805281495664
845434,26.464839377264084,84.71012883319901
845435,26.70902912384389,84.8148717147603
845436,26.405398369074955,85.20798851399886
845437,26.60103296708742,84.79393611577875
845438,26.834277343914657,84.56112696584879
845439,26.74966014446467,84.40600063309468
845440,26.919017708208376,84.7453932500823
845449,26.971681971580722,84.53252977175075
845450,26.876072866061726,84.49456683700522
845451,27.174685144906572,84.56212416110083
845452,26.910241729047772,84.36054884676939
845453,26.997080180436843,84.41036730371695
845454,26.788141666224877,84.65138331357326
845455,27.219669268267527,84.48442036023602
845456,26.760067678105916,84.73241449901192
845457,26.581229331548005,85.16397502600134
845458,26.57815257975223,84.6124875388797
845459,26.684039101201332,84.54379472647709
846001,26.11026446276223,85.91296649573052
846002,26.069794265405637,85.89817291089591
846003,26.086534797866033,85.8222053166923
846004,26.161828483805422,85.89339191837374
846005,26.197861639590865,85.87770964154639
846006,26.150202152291254,85.8845634448968
846007,26.18105108049046,85.96253498537287
846008,26.16436865181332,85.89715677420288
846009,26.124146775892857,85.98609971258941
846010,25.991098124810463,86.22955092733443
847101,26.0318146591746,85.98445409270485
847102,26.431267637766123,85.8182459464595
847103,26.052739831662016,86.19696947614555
847104,26.227120003672184,85.76827476036186
847105,25.94787660216422,86.06474236415299
847106,26.11767226740603,85.75467111434118
847107,26.12314492481074,85.69449386238487
847108,26.402928815118493,86.60393534526165
847109,26.308877181404075,86.35462058741473
847115,26.196144080379916,85.99855625798016
847121,26.29220960366334,85.93271306623463
847122,26.333849146556275,85.89842691278741
847123,26.19087659835633,85.72478539263275
847201,26.066685649139032,86.11172451485623
847202,25.97497352979858,86.1368128574578
847203,25.922472334472058,86.28282375527759
847204,26.16244969202767,86.26413138680594
847211,26.351280012807294,86.08201401841383
847212,26.318153492107495,86.05996164569441
847213,26.356914020120517,86.07054582880794
847214,26.376980167184808,86.04847918952957
847215,26.360484941469345,86.0591947108176
847222,26.401673073216326,85.97022909064302
847223,26.46043803542432,85.93513842153745
847224,26.432295289202166,86.26082403347733
847225,26.572513960760897,86.02275381574171
847226,26.564178517919988,86.14480739336756
847227,26.48054946168125,86.40854778632254
847228,26.49050540800033,86.16993166925593
847229,26.4593535551971,86.0608731230047
847230,26.521034783287508,85.94367387007368
847231,26.276158435536484,86.17093465392233
847232,26.562166583107345,86.2978621862859
847233,26.13003770127817,86.09386090671329
847234,26.25775232499766,86.09379521409822
847235,26.39580001055441,86.14563615056625
847236,26.318010958134636,86.14777446504559
847238,26.359706695507928,86.0088971175523
847239,26.19098557368872,86.0718056846189
847240,26.620841809206635,85.98539193292042
847301,25.984040209335305,85.90903133353514
847302,26.356566778593972,85.71940548918863
847303,26.41514163829469,85.74642176365064
847304,26.342662560472125,85.82031528099658
847305,26.57824928905999,85.84080392364525
847306,26.24837729157596,85.85272584856514
847307,26.286183176963544,85.74466117890049
847308,26.523725734197477,85.87535173671324
847337,26.273847541524464,86.0038942086574
847401,26.378580305852303,86.30867866414388
847402,26.278570225294207,86.44769731418691
847403,26.198439925767943,86.30248308191702
847404,26.29383368299691,86.24573460818667
847405,26.110750220623316,86.28028051137244
847407,26.21269516496236,86.23178423179134
847408,26.131147140793903,86.4066672406993
847409,26.36631245624021,86.47346815644
847410,26.252351841573212,86.34637125451918
847411,26.325145076366738,86.30770547473973
847412,26.403237048373985,86.38025781585954
847421,26.52735891685492,86.4473495047945
847422,26.1844152294669,86.16430463467103
847423,26.14242517629042,86.21450625709483
847424,26.23527510962509,86.17875120799744
847427,26.020665383035052,86.33106903549515
847428,26.16017000937079,85.79998943467892
847429,26.104077424927393,85.96158248227883
847451,26.420833806270583,86.79508016765853
847452,26.26136088212809,86.57214127448299
848101,25.857621901675476,85.77759020025911
848102,25.90744080168552,85.77420093022396
848103,25.82539765583367,85.76594130279383
848104,25.879153968055856,85.81456981544083
848113,25.929279508461768,85.73228706101771
848114,25.679138121335384,85.81198489984679
848115,25.92142312551902,85.6835086927609
848117,25.881068404433087,85.963262169423
848121,25.815393737387957,85.69218716089478
848122,25.796636267888115,85.65340879656493
848125,26.00837915357347,85.69195383367169
848127,25.763010076232653,85.7242580763911
848129,25.861389036588573,85.73133500346336
848130,25.855674749928863,85.68204163499196
848131,25.892942378955155,85.66481668326449
848132,25.771052008913443,85.82502286751533
848133,25.937981757828403,85.86859718179822
848134,25.829681834044905,85.85540056669026
848160,25.71444500103876,85.9093505411083
848201,25.582234406424654,86.25522059252768
848202,25.67624862598439,86.06725003180617
848203,25.657215558064475,86.3166628084396
848204,25.675678412738737,86.15467644668263
848205,25.715206686430758,86.21145565842778
848206,25.780928354562008,86.19500061562066
848207,25.725879232816283,86.32117541183749
848208,25.792587312180636,86.10200864029102
848209,25.868506051531092,86.15997010087044
848210,25.774319294584796,86.02300213721989
848211,25.682177347325382,85.98598637671411
848213,25.814367205399513,86.31944518063851
848216,25.82541587352856,86.04738231573053
848236,25.77745886655295,85.94191931951526
848301,25.910191161850307,85.83368478594565
848302,25.98325748832859,85.77890572489422
848501,25.5347208250835,85.66739223561653
848502,25.604012734761806,85.69377957536996
848503,25.60212776746469,85.78452049611468
848504,25.64038797993746,85.6052993161369
848505,25.707238146478193,85.66360282586686
848506,25.57028767858436,85.59580154291024
851101,25.414473962119935,86.13244676752865
851110,25.49691031025782,86.14918141440023
851111,25.56628533031227,85.88783751672037
851112,25.484079041247725,86.0334506991301
851113,25.467918880536853,85.95983470746746
851114,25.42925187025718,86.0593207552833
851115,25.432955500602276,86.03187632848886
851116,25.3872813516558,86.0344792642479
851117,25.421344907113983,86.1134291247662
851118,25.43330806038392,85.97383341423496
851120,25.57386179736666,86.02377233021822
851121,25.550655357169454,85.79695727389475
851126,25.38711672204638,86.01353321782946
851127,25.542032154424714,86.12358887785479
851128,25.626766619379094,85.91851698179771
851129,25.376997121812288,86.16816575460912
851130,25.51747255065102,86.22271308445164
851131,25.46635185636677,86.18894035757263
851132,25.605480208694292,86.09434474412805
851133,25.523152754371388,85.94357426706034
851134,25.423028200340333,86.08228198020039
851135,25.433198934196646,86.0202316758962
851201,25.527921519722685,86.67481582612628
851202,25.404640661374128,86.6204387811841
851203,25.379224875828893,86.64547772444956
851204,25.526853258861607,86.39947275932073
851205,25.57505008273042,86.48284551214265
851206,25.638977425280657,86.39823715235248
851210,25.4327500023566,86.04467156423148
851211,25.41141373886833,86.30949233544521
851212,25.433379243247025,86.74178425685344
851213,25.468786416090634,86.63810919256422
851214,25.556448007835836,86.59165750975157
851215,25.311478619629312,86.64998171204081
851216,25.30230565137641,86.72503628355325
851217,25.428622194954297,86.40475366746142
851218,25.439559779109004,86.14176083082114
852101,25.749264378741714,86.98811387093903
852105,26.303595996421787,86.71257363110662
852106,25.747332752753074,86.48632679863817
852107,25.828367680220193,86.80234817003145
852108,26.079394260451007,86.70736423372706
852109,26.241274272435565,86.82311218200324
852110,26.04552457280604,86.62890237771187
852111,26.29800828702542,86.8574177138693
852112,26.00205556446303,87.00878495919794
852113,25.91720376461623,86.80481221961635
852114,25.902311458605823,86.88361476073261
852115,25.75988080054285,86.88341847907682
852116,25.613466294484684,87.00405898984091
852121,25.90747646014185,86.72014530920353
852122,25.8885451056738,86.97869044562117
852123,25.98613125364949,86.46417640016281
852124,25.969613976582487,86.6093373288787
852125,26.287930476953356,86.96514460691918
852126,25.64408330830446,86.56750167396294
852127,25.733241363274573,86.6095397592038
852128,26.009132399127527,86.79535325731429
852129,25.676364119374508,86.72283689786786
852130,26.07046664089616,86.52107703929231
852131,26.12188023408417,86.6026050790903
852132,26.05362726697626,86.89210925338725
852133,26.18479209318795,86.4699230697856
852134,26.14418672934381,86.62988245787881
852137,26.215020293778593,87.03189846046693
852138,26.222638549200145,86.68824607410549
852139,26.147436431427412,86.89059775819346
852161,25.57731341407189,86.77001283372697
852201,25.881618284289427,86.59358424486926
852202,25.86783324717127,86.60227579123756
852212,25.859348942444562,86.52352115249501
852213,25.524561001395753,87.01904973255807
852214,26.106766679068347,87.01025086779063
852215,26.382712080798576,86.87041223112162
852216,25.880262026501697,86.4361583647621
852217,25.749004486119325,86.79072508147398
852218,26.159822078757664,86.8022467328507
852219,25.56670429473186,86.88054120587569
852220,25.670233871486836,86.9233595133712
852221,25.82613064040579,86.69279965980796
853201,25.355675076024873,86.91150942122447
853202,25.372856213893638,87.01701282744837
853203,25.401880822824623,86.86931460524715
853204,25.408877208745245,87.15849619144187
853205,25.31289903834644,87.1981174145121
854101,25.512280801813397,87.22967279410719
854102,25.9033085385567,87.10730494425091
854103,25.472363429168233,87.5956796936942
854104,25.488049481680715,87.37989924970044
854105,25.54913310749553,87.58514378214576
854106,25.603392397270593,87.4991203367818
854107,25.527079161707462,87.59796155671565
854108,25.627563132046543,87.41006749014737
854109,25.574589970722734,87.53784726474753
854110,25.649835868302823,87.35837091317319
854112,25.293351200791538,87.77752045999146
854113,25.376032876354994,87.62507017696514
854114,25.610031070996982,87.28948015144469
854115,25.502875527234863,87.46064536496213
854116,25.480092062145665,87.70647794460908
854117,25.385654899137457,87.73978611191339
854201,25.95682731331626,87.32252967461373
854202,25.88547496251493,87.2005581801061
854203,25.765202892410155,87.08878394693755
854204,25.619153236340868,87.14016838778278
854205,25.725993570021952,87.20135582466301
854301,25.781267212754752,87.47622872484558
854302,25.82318139236486,87.50386158281881
854303,25.725492761631298,87.41454020508856
854304,25.839570623403013,87.38916589951936
854305,25.784464766574914,87.51152005450359
854306,25.82779640712767,87.30048355557395
854311,26.156494162789606,87.50239046577887
854312,26.066636433558063,87.36100548352726
854315,25.904113442228308,87.732739660974
854316,26.360241664239226,87.22758713557312
854317,25.71721312264801,87.9036398979103
854318,26.2509114601541,87.25702742641515
854325,25.9823209527595,87.51997516299377
854326,25.798234674309764,87.60239940769749
854327,26.00616038748136,87.51812291423455
854328,26.371419356702795,87.27382102320774
854329,26.104965045757478,87.65041658506442
854330,25.88541033421911,87.57938048609472
854331,26.316014074557597,87.42266508013225
854332,26.400514239479694,87.46292189247494
854333,26.29832172674863,87.55194551461516
854334,26.09787481801927,87.21794149007475
854335,26.294547263629784,87.12143384213705
854336,26.442484759653407,87.10166723933405
854337,25.675039392094828,87.55920501036702
854338,26.481159222314,86.94617411319753
854339,26.410697058892676,87.01571956658353
854340,26.514510074262624,87.02886990822617
855101,26.323305013434883,87.75753593230458
855102,25.556502123281536,87.97437197552033
855105,25.708974453090992,87.67780846215062
855106,26.509616427222454,88.10919807551302
855107,26.142787943735655,87.9213098701494
855108,26.330305131067504,87.94842292051024
855113,25.555495502795587,87.8209422049714
855114,25.5981819497359,87.72833499619149
855115,26.133897193939028,87.77459827142408
855116,26.41589973943324,88.11613302378358
855117,26.3339215541152,88.16913248126451
